glycan,healthy_1A,healthy_2A,healthy_3A,healthy_4A,healthy_5A,healthy_6A,cancer_1B,cancer_2B,cancer_3B,cancer_4B,cancer_5B,cancer_6B
GlcNAc(b1-3)GalNAc,0.12615177461083626,0.0562068231361296,0.07926685523655275,0.12537202141459813,0.26316166620750503,0.06251745024063532,0.1136977748245244,0.03931568029453031,0.028380777047247563,0.16631768070405203,0.11493146554191766,0.254078861368498
Neu5Ac(a2-6)GalNAc,1.1052579366412074,0.19335939412141248,0.1359391443044049,1.742298506366149,5.864719154878453,2.914532705444366,2.482735904353799,0.19376496519615308,0.28521217059810267,3.417871730026596,1.9783562892382371,0.6229362466614443
Fuc(a1-2)Gal(b1-3)GalNAc,1.682707123992316,7.982765889366544,5.38100249794221,8.414712724376407,2.951124997201825,6.479001720936016,0.291201039387351,6.538194910459246,2.233350605040329,3.261940322115859,4.270086164595061,2.096241026261705
Gal(b1-3)[GlcNAc(b1-6)]GalNAc,4.001757680696929,0.49841159506031973,2.42295787903392,1.3195150455266358,1.8948948079175243,1.574171713907115,4.279555153922861,1.389189618550306,2.66566771505015,1.511053638195743,2.8271838474745765,4.663322649750374
GlcNAc(a1-4)Gal(b1-3)GalNAc,3.1111456160796367,1.6045510007538553,1.788426125223437,3.012934624114015,3.4494413139902855,1.3671009556932054,2.0517410241012732,1.8614172931147102,1.0322699983303238,1.2583134465871542,3.3945398715883113,2.2345866621295776
Gal(b1-3)[Neu5Ac(a2-6)]GalNAc,2.0008255953870795,0.6166382754558645,1.0853046823145747,0.6329932916517789,1.4585832335214723,1.9979252015501396,6.672515380552498,0.835405674147552,0.5471426157485831,3.022482406223271,1.9881899439062716,8.385159296964812
Neu5Ac(a2-3)Gal(b1-3)GalNAc,3.02823953225774,0.7464474480977,1.1796464612199058,1.8904899996401903,3.746626329951049,3.680419546491605,2.8055610164155578,1.9408918904477708,1.2480003346009823,13.882022607393768,2.841778705930826,12.419586928787586
GlcNAc(b1-3)[Neu5Ac(a2-6)]GalNAc,0.36935343431719514,0.11350104251272272,0.06768723357485926,0.10644292320739898,0.5669603248243565,0.07672581778419396,0.6732145183275421,0.04628506869998533,0.08810485289187042,0.04411195175201074,0.1501497078460098,0.19080374827353144
GalNAc(a1-3)[Neu5Ac(a2-6)]GalNAc,0.1867477375581316,0.057906497272842805,0.047027983198283385,0.07701089583174212,1.7958763106098385,0.13566766563181296,3.2607019656564766,0.03409111436547302,0.14473720730672548,0.23550577499889772,0.20213427798432967,0.8143237480570984
Fuc(a1-2)Gal(b1-3)GlcNAc(b1-3)GalNAc,1.8747403489627423,0.4530953407403112,1.5489215731508326,1.789382985166569,1.5301591274987967,1.3281045406726015,0.8069847815057926,1.5600837560057648,0.7304242061523156,0.8727472237769651,1.4167010939163391,1.7771544183750232
Fuc(a1-2)Gal(b1-4)GlcNAc(b1-3)GalNAc,0.1918770848197143,3.5935161302215177,0.48465544675274996,3.7441471175957783,0.34025064407391303,0.9327376258249999,0.06538647847713283,1.5514293544879054,0.2629108896409478,0.562979347670668,0.4662392890382533,0.6943282347242815
Fuc(a1-2)Gal(b1-3)[GlcNAc(b1-6)]GalNAc,0.9430857202713926,0.7207294171789768,2.571345122454238,1.2015774026920745,1.809325619508467,0.7186532683155697,0.1419914378339217,1.2835663789717808,3.3800861892816614,1.5859706111956782,1.2384433676499076,0.9421254451102458
Gal(b1-4)GlcNAc(b1-6)[Gal(b1-3)]GalNAc,3.3637776052618964,1.348571712141971,1.9567902267374837,3.7484867884541098,5.394902616034753,2.5865195171585906,9.111492439862724,3.4499317213051266,2.929702602661418,1.7916465818986347,7.027053190038726,4.914527299619541
GalNAc(b1-4)GlcNAc(b1-6)[Gal(b1-3)]GalNAc,2.267227514358028,0.7285142834779584,0.6419933277899436,0.8806183143219714,1.713886046659486,0.6437037990627124,0.8797155472803864,0.9992336129344291,1.0098646013961947,0.32540246294406794,1.404734921212017,0.7222426499470711
Fuc(a1-2)Gal(b1-3)[GlcNAcOS(b1-6)]GalNAc,0.04005544572422315,0.059771752905864034,0.03215999087792093,0.04249512281888124,0.017625098468472322,0.014524920770788888,0.02342410879360518,0.01614486138403426,0.058343412391457544,0.014815362149688288,0.026269947529497184,0.040313675154512646
Fuc(a1-2)Gal(b1-3)[Neu5Ac(a2-6)]GalNAc,0.1502073135766904,0.10459734796792991,0.08105061317218126,0.24689656544605407,0.8956346443087908,0.26132665452345183,0.06255487557504838,0.09902150222793354,0.09404390235518306,0.9464295617011215,0.2411929116219285,0.6008095316467935
Gal(b1-4)GlcNAc6S(b1-6)[Gal(b1-3)]GalNAc,0.8264031007363992,0.6027486176561344,0.18170853167693898,0.7615887110661427,1.189199118832046,0.44100340686346773,0.9601321370596746,0.46545754068762124,0.8289663867799364,0.6617281404686804,0.6812679345516048,2.9832589440928294
Neu5Ac(a2-3)Gal(b1-3)[GlcNAc(b1-6)]GalNAc,0.5531305526474724,0.10734807129046808,0.09534396563982561,0.16332979436755138,0.2196686154267322,0.1678551494532333,0.6373946799576514,0.2082478101715509,0.17089438298597806,1.2949864847765145,0.2559590180060829,0.45411511897168666
Fuc(a1-?)[Gal(b1-?)]GlcNAc(b1-6)[Gal(b1-3)]GalNAc,4.577136017838915,0.3866312560731988,1.5978135683738028,0.3375221051582521,0.6758897239198746,0.8044821490475902,1.5560368635650283,0.650585205590237,1.3812214753476897,0.45360499504340024,0.8030254703280061,1.0356120704353389
Fuc(a1-?)[Gal(b1-?)]GlcNAc(b1-3)Gal(b1-3)GalNAc,0.6219381629371594,0.32442406442956795,1.0083833672518503,0.8107517197871563,0.3888774438941447,0.9104620329530387,0.2671977403587993,0.9561850113788507,0.3873040266252348,0.23853221281535422,0.7607955238694605,0.25514033498288224
Fuc(a1-2)Gal(b1-4)GlcNAc(b1-6)[Gal(b1-3)]GalNAc,0.848636869866469,3.647572125493981,3.525851389764371,2.7353064117606865,1.205479330258992,3.6316422366470285,0.1558585886905646,4.960110490269881,1.9000921254935355,0.8427575085274156,1.8746039434433748,2.4961513063980654
Fuc(a1-2)Gal(b1-3)[Gal(b1-4)GlcNAc(b1-6)]GalNAc,1.8106009968431327,6.540793870563523,5.282078154846043,5.136004365857502,2.29701085077567,7.656217873767242,0.1090258508857907,7.281081487738478,4.782811963747223,1.7021876116640495,4.303723066298693,0.7379150674384096
Fuc(a1-2)[GalNAc(a1-3)]Gal(b1-3)[GlcNAc(b1-6)]GalNAc,1.364535825950257,0.10040105337576613,0.2936407041430994,0.17434686385240175,0.5842266727659514,0.178740452032377,0.21593664356825157,0.1309404458919271,0.33511093709276785,0.07741894808901656,0.4551367774352113,0.5740622411390065
Fuc(a1-2)Gal(b1-3)[GalNAc(b1-4)GlcNAc(b1-6)]GalNAc,1.0541705803317336,7.3091775136085415,1.8982048097550124,3.678330986588861,0.8007411421869567,2.5966836374159943,0.1344228815319922,2.9257288065948903,0.7564460288900574,0.45667279815094797,1.0302382479498131,0.43604345781614307
GlcNAc(b1-3)Gal(b1-3)[Gal(b1-4)GlcNAc(b1-6)]GalNAc,2.3097389640666766,0.3508167045414602,1.020443599353487,0.35112822527158616,1.8135067563410336,0.8126410517675104,0.23151256981184307,0.8894640051300762,2.7831683376882355,0.5611499965410451,1.1568978981955458,0.2799268614763788
GlcNAc(a1-4)Gal(b1-4)GlcNAc(b1-6)[Gal(b1-3)]GalNAc,1.7810918421603834,0.8408058300365892,0.8084478470267753,1.2391215529532926,4.715817272038532,1.1194387740255372,0.8227838815350779,1.051463033605751,1.3218048783462981,0.6082718805467453,6.048086936849935,1.6184226960609904
Neu5Ac(a2-3)Gal(b1-3)[Neu5Ac(a2-6)]GalNAc,1.2907850062425916,0.7344493870828426,1.1499136186036525,1.6774606706429582,2.6362766221957203,2.2530979202855113,3.2733390984162885,2.037666739526555,0.6778574221271508,13.440041641654235,0.7713647758812183,9.129751323079674
Fuc(a1-?)[Gal(b1-?)]GlcNAc(b1-6)[GalOS(b1-3)]GalNAc,0.20380855564655417,0.2022734480038653,0.20556246157876876,0.1356134073933848,0.15781014314240496,0.10328250323128085,0.11503046793402563,0.1384514677452951,0.33873269513252957,0.07131681827158104,0.2509134383585525,0.07697014225884666
Fuc(a1-2)[GalNAc(a1-3)]Gal(b1-3)[Neu5Ac(a2-6)]GalNAc,0.2661002285465429,0.0193988104464273,0.04591502033476555,0.004375843932354989,0.01355336278419371,0.022518028574180407,0.5070158063410444,0.01117317272815914,0.07005914842240887,0.035550149217308064,0.012901574879419342,0.10568375866278876
Fuc(a1-2)[Neu5Ac(a2-3)]Gal(b1-3)[GlcNAc(b1-6)]GalNAc,0.15182567110425946,0.008817814681639335,0.008617549367088626,0.005002587211088427,0.011995352238488799,0.015637847752386788,1.3881270122372915,0.009622575177310938,0.014577673591711152,0.03228177080099348,0.03286175963958016,0.08685296772558526
Fuc(a1-2)Gal(b1-4)GlcNAc(b1-6)[Fuc(a1-2)Gal(b1-3)]GalNAc,5.831438065855832,35.75337140527248,22.845630725192873,33.0619454064818,8.073536380244228,19.095525237613792,0.7031561699226568,23.837015444182395,11.296723189613942,2.5246415515288674,8.157336820017479,0.7590135215053957
Fuc(a1-2)[Gal(a1-3)]Gal(b1-3)GlcNAc(b1-6)[Gal(b1-3)]GalNAc,1.492135404817893,0.0,0.0,0.0,0.0,0.0,0.12961486481123619,0.0,0.0,0.0,0.0,0.0
Fuc(a1-2)Gal(b1-4)GlcNAc(b1-6)[GlcNAc(a1-4)Gal(b1-3)]GalNAc,2.328957970214913,0.17931869222539717,1.0271195948229936,0.10464446367246744,0.5345999009812868,0.9303623951975545,0.37021881209184304,0.23258296441911727,0.9055878098197664,0.34167213441297684,1.5967193003023543,1.2953077292682116
Fuc(a1-2)[GalNAc(a1-3)]Gal(b1-3)[Gal(b1-4)GlcNAc(b1-6)]GalNAc,0.7417827076608127,0.0,0.7070491789118659,0.0,0.4494143519621415,0.6149900531600005,0.3344101860128391,0.0,1.2598155400227429,0.0,0.8210856154484207,0.5334320007697664
HexNAc(?1-?)Gal(b1-4)GlcNAc(b1-6)[Fuc(a1-2)Gal(b1-3)]GalNAc,1.5347825751561417,0.7105876824647374,3.19959016162788,0.4582130689177263,1.5295586652978235,1.2155882924549217,0.006414301822431606,2.2219881551531815,7.256648398581902,0.4692460162787102,2.3737738823050867,0.3089780501028828
Gal(b1-?)GlcNAc(b1-3)Gal(b1-3)[Gal(b1-4)GlcNAc(b1-6)]GalNAc,1.1236296727898718,0.37402363903503344,0.32657951880159264,0.6130171895014072,1.6722704650134403,0.6252704780912471,0.4605314696465376,0.8053155916484848,0.7361804317558858,0.3469922568418682,2.785426393212838,1.696676965838832
Gal(b1-4)GlcNAc(b1-3)Gal(b1-4)GlcNAc(b1-6)[Gal(b1-3)]GalNAc,0.24825711663865427,0.08213776371047793,0.04193843093800259,0.5975896043328046,0.5170210777438462,0.23527409584841621,0.08668094901206405,0.10342297432117281,0.060435325597020445,0.01590442052227195,0.6387542629936365,0.34238459980888536
Fuc(a1-2)Gal(b1-4)GlcNAc6S(b1-6)[Fuc(a1-2)Gal(b1-3)]GalNAc,0.4559042572704036,1.5980872456439177,0.8132716996648166,0.20831879502493542,0.17033358263617734,0.11973538551065421,0.02407949007360989,0.43039570669453586,0.8981596274917243,0.06768723357485926,0.677320282798462,0.13248771015016444
Fuc(a1-2)Gal(b1-4)GlcNAc(b1-6)[Fuc(a1-2)]GalOS(b1-3)GalNAc,0.901451681279216,1.2476899817854614,0.6130171895014072,0.024022362511888745,0.025892541179416723,0.06353096517445836,0.010230048881120224,0.176503096983568,0.5674212038584768,0.05268627500263498,0.17951170539918446,0.10295511446320774
Fuc(a1-2)[GalNAc(a1-3)]Gal(b1-3)[GalNAc(b1-4)GlcNAc(b1-6)]GalNAc,1.5250248251960392,0.0,0.67481853277562,0.0,1.436809370793108,0.8627200129733199,0.8851446428040349,0.0,0.5709652064618783,0.0,0.32501083317604695,1.3788700032754897
GlcNAc(a1-4)Gal(b1-4)GlcNAc(b1-6)[GlcNAc(a1-4)Gal(b1-3)]GalNAc,1.7351433740833169,0.476368184810413,1.097953608349696,0.5484850971441381,2.6063253152821497,0.8647171518961677,1.00756698101059,0.9284898261526465,2.806430885793514,0.43604345781614307,2.560541269770988,1.3106523607556124
Fuc(a1-2)Gal(b1-4)GlcNAc(b1-6)[Neu5Ac(a2-3)Gal(b1-3)]GalNAc,0.0854812440027907,0.3116233473027652,0.07819684068164168,0.320436101081749,0.13719197975048467,0.3328127042202218,21.906450536782412,0.09191105813411904,0.14722933460623383,1.6223444105916407,0.06443717232149315,0.15351286304979075
Neu5Ac(a2-?)Gal(b1-4)[Fuc(a1-3)]GlcNAc(b1-6)[Gal(b1-3)]GalNAc,0.19228060659319293,0.5264695981078891,0.16085550118689043,0.2208484902035953,0.023822623095899317,0.5335778706712547,0.4835794629417326,0.2290788720121734,0.15113081148680504,1.3443418660591318,0.08616584246137868,0.3404534336784063
Fuc(a1-2)Gal(b1-3)[Fuc(a1-4)]GlcNAc(b1-6)[Fuc(a1-2)Gal(b1-3)]GalNAc,0.6196146563265814,0.3287459197337661,2.350586292892933,0.06136152883939641,0.05314400481900283,0.3661224280018871,0.056783371729572873,4.347643815637252,11.007594071021096,2.425166388673435,0.06927779760985317,0.39102092488308593
Fuc(a1-2)[Gal(a1-3)]Gal(b1-4)GlcNAc(b1-6)[Fuc(a1-2)Gal(b1-3)]GalNAc,3.8829971898608577,0.0,0.0,0.0,0.0,0.0,0.48452084035885545,0.0,0.0,0.0,0.0,0.0
Fuc(a1-2)[GalNAc(a1-3)]Gal(b1-4)GlcNAc(b1-6)[Fuc(a1-2)Gal(b1-3)]GalNAc,4.711494569906114,0.0,5.206155828814872,0.0,5.131665879842023,4.82946741312206,1.3080238136124425,0.0,3.4965822781406386,0.0,7.191552380615307,2.4796453309830495
Gal(b1-?)GlcNAc(b1-3)[Fuc(a1-2)]Gal(b1-?)GlcNAc(b1-6)[Gal(b1-3)]GalNAc,1.572938592955355,0.521155020832442,0.9496874383140449,0.3068178497521944,0.6189521718666391,0.8193904748039812,0.6915894546242612,0.84689102465083,1.132962874960486,0.1682872290666664,0.706677604594846,0.5983931965408849
Gal(b1-?)GlcNAc(b1-3)Gal(b1-3)[Fuc(a1-2)Gal(b1-4)GlcNAc(b1-6)]GalNAc,0.627109803159661,1.3738388492375708,0.43789808731687296,1.2803842646028847,0.28406081572581166,1.394582868866339,0.11414108558785827,1.131771070528746,0.4627299110134532,0.20019261222416926,1.2178318512797326,0.5614545374840603
Gal(b1-?)GlcNAc(b1-3)Gal(b1-4)GlcNAc(b1-6)[Fuc(a1-2)Gal(b1-3)]GalNAc,0.4810319310119071,0.5654263586443714,0.08616584246137868,0.060066334587539405,0.01942630620397741,0.5251726927756859,0.04658853346709857,0.16290569875870867,0.0658822815375045,0.01590442052227195,0.027732084611314795,0.10592069720769173
Gal(b1-?)GlcNAc(b1-3)Gal(b1-3)[GlcNAc(?1-?)Gal(b1-?)GlcNAc(b1-6)]GalNAc,1.5499090320842102,0.3151451800405687,0.9152897459662698,0.6350214276467943,3.2968001812854997,0.622603398863415,0.6603262769401819,1.0691762910361555,2.039784316286545,0.46911495762884103,3.629323003230736,1.6843087286027743
Neu5Ac(a2-3)Gal(b1-4)GlcNAc(b1-6)[Neu5Ac(a2-3)Gal(b1-3)]GalNAc,0.43789808731687296,0.31058208896991313,0.18248799749157066,0.5205831792990618,0.7118952489356748,0.6504123968558,2.578921575660571,0.7287050779069827,0.3242286549229504,14.868903891882558,0.4532227103123717,5.552752880903003
Fuc(a1-?)[Gal(b1-?)]GlcNAc(b1-3)Gal(b1-3)[Fuc(a1-?)[Gal(b1-?)]GlcNAc(b1-6)]GalNAc,1.9409858791567913,0.36978592394393683,0.3581418867145334,0.2528580258285269,0.35123211334433735,0.3962494060797448,0.3032737929761131,0.16460619028529447,0.3112444027266088,0.044677168324772226,0.17314924220891828,0.14104603938084256
Fuc(a1-2)[Gal(a1-3)]Gal(b1-4)GlcNAc(b1-6)[Fuc(a1-2)[GalNAc(a1-3)]Gal(b1-3)]GalNAc,1.2980412960213001,0.0,0.0,0.0,0.0,0.0,0.08155156627731355,0.0,0.0,0.0,0.0,0.0
Fuc(a1-2)Gal(b1-?)GlcNAc(b1-3)Gal(b1-3)[Fuc(a1-2)Gal(b1-?)GlcNAc(b1-6)]GalNAc,0.8736435697988864,2.978789522979673,1.0291717388593329,2.1229515643150774,0.2423733876264524,2.813063824396614,0.3665519403909798,1.4480322355484256,0.39453837789441304,0.369137338834597,0.4973102948121373,0.1361565523917717
Fuc(a1-2)[GalNAc(a1-3)]Gal(b1-4)GlcNAc(b1-6)[Fuc(a1-2)[GalNAc(a1-3)]Gal(b1-3)]GalNAc,1.4068152260238789,0.0,0.9528584814440827,0.0,1.2798440334645296,0.7431405951147712,0.689041780287168,0.0,1.2786054784262204,0.0,1.4492803049756027,1.3215429963298218
Fuc(a1-?)[Gal(b1-?)]GlcNAc(b1-3)Gal(b1-3)[GlcNAc(a1-4)Gal(b1-4)GlcNAc(b1-6)]GalNAc,1.9142807393134027,0.8042739083117834,1.6202834055304343,0.5760829753919817,1.3078617182113927,1.3482048580437787,0.91456528933552,0.9165997533568507,2.097404451631362,0.5593256931185149,1.4067805307205516,1.1308638023541473
Neu5Ac(a2-3)Gal(b1-3)[Fuc(a1-4)]GlcNAc(b1-6)[Neu5Ac(a2-3)Gal(b1-3)]GalNAc,1.0109896165794894,0.27792010796187905,0.10945946985813979,0.23868814856347662,1.967616551094837,0.31792658672130614,4.3507172005292265,0.3177341687248778,0.6561361470777293,8.121290607735984,1.5314734100581284,1.721880971879355
Gal(b1-?)GlcNAc(b1-3)[Gal(b1-?)GlcNAc(b1-6)]Gal(b1-3)[Gal(b1-4)GlcNAc(b1-6)]GalNAc,0.14957437948315705,0.09760594215489915,0.05947771336421703,0.0739802698038288,0.20669027151623084,0.12766695553309035,0.017111623075443935,0.21586390484234716,0.12115664858298825,0.18209799536634289,0.052229913288041996,1.1090659760653234
GlcNAc(a1-4)Gal(b1-?)GlcNAc(b1-3)Gal(b1-4)GlcNAc(b1-6)[GlcNAc(a1-4)Gal(b1-3)]GalNAc,0.9296034757588437,0.25645113342624426,0.6267750338103236,0.15147800129956088,1.1510365553930375,0.6123607787355013,0.13216673827931316,0.6128530301265196,1.2830885945890622,0.13572193636510071,0.9815086566890007,0.2486582933528729
Fuc(a1-?)[Gal(b1-?)]GlcNAc(b1-3)Gal(b1-?)[Fuc(a1-?)]GlcNAc(b1-6)[Fuc(a1-2)Gal(b1-3)]GalNAc,0.5731316327276248,0.02746765610253135,0.12630804869126924,0.020281822535565305,0.12029264630534559,0.0485935642287007,0.09534396563982561,0.07370007261373762,0.2455413295778485,0.04962356560944334,0.06892736196380281,0.060768144723071404
Fuc(a1-2)[Gal(a1-3)]Gal(b1-?)[Fuc(a1-?)]GlcNAc(b1-6)[Fuc(a1-2)[GalNAc(a1-3)]Gal(b1-3)]GalNAc,0.492515887706676,0.0,0.0,0.0,0.0,0.0,1.214891748496285,0.0,0.0,0.0,0.0,0.0
Gal(b1-?)GlcNAc(b1-3)[Fuc(a1-2)]Gal(b1-?)[Fuc(a1-?)]GlcNAc(b1-6)[Fuc(a1-2)Gal(b1-3)]GalNAc,0.6351906920715665,1.0038498424605193,1.8119212492018413,1.7663367163488939,0.6537025766884258,0.2514795000643063,0.09138152020474277,1.966236361672554,0.8038575706601759,0.25497682446720915,0.5869102548718843,0.033598013327220067
Fuc(a1-2)[GalNAc(a1-3)]Gal(b1-?)[Fuc(a1-?)]GlcNAc(b1-6)[Fuc(a1-2)[GalNAc(a1-3)]Gal(b1-3)]GalNAc,0.20269134281013054,0.020281822535565305,0.02390818628280958,0.017003808942304743,0.2846803477718909,0.033076080170144156,0.26745147919993995,0.03471005082758036,0.06795773139880842,0.05240527537972914,0.2250124518861835,0.14115707074819814
Fuc(a1-?)[Gal(b1-?)]GlcNAc(b1-3)[Fuc(a1-?)[Gal(b1-?)]GlcNAc(b1-6)]Gal(b1-3)[GlcNAc(b1-6)]GalNAc,0.2299134337888644,0.010560501503870348,0.0850972642931648,0.012875581323823576,0.04076672283622637,0.03727770182085485,0.014868248754610944,0.01609138701261821,0.08209582976852758,0.054241059574959644,0.07362009919014181,0.05520296007891437
Fuc(a1-?)[Gal(b1-?)]GlcNAc(b1-3)[Fuc(a1-?)[Gal(b1-?)]GlcNAc(b1-6)]Gal(b1-3)[GlcNAc(b1-6)]GalNAc,1.8416010581080402,0.3967066792234226,1.6649808594908453,0.5328488569256954,0.988153090877068,0.7550667128846833,0.49115313898082746,0.8869610187296448,2.734457829316573,0.6146608638768428,0.9042457443127055,0.8412391869089667
Fuc(a1-2)[GalNAc(a1-3)]Gal(b1-?)GlcNAc(b1-3)Gal(b1-3)[Fuc(a1-?)[Gal(b1-?)]GlcNAc(b1-6)]GalNAc,0.6229362466614443,0.0,2.2035094592414572,0.0,1.41575845696551,1.4508150250083678,0.7527073373436287,0.0,1.5616134539934643,0.0,0.8189671773189251,0.9269043652586001
Fuc(a1-?)[Gal(b1-?)]GlcNAc(b1-3)[Gal(b1-?)GlcNAc(b1-6)]Gal(b1-3)[Gal(b1-?)GlcNAc(b1-6)]GalNAc,1.0890496789850979,0.9191309713912853,0.5683439175686147,0.7986694950475263,1.6544459772545128,1.30828320507405,0.9679723281772185,1.3567331388752482,0.9658595971472542,1.3559283407872484,1.6649402197725642,3.4014666965115112
Fuc(a1-2)Gal(b1-?)GlcNAc(b1-3)[GlcNAc(b1-6)]Gal(b1-3)[GlcNAc(?1-?)Gal(b1-?)GlcNAc(b1-6)]GalNAc,0.13110002901206244,0.050591340772544374,0.1666244668312513,0.03365955165464421,0.17409429738180768,0.1010944107895144,0.044377660429073595,0.11154365318951451,0.549680751738794,0.028528665994361546,0.19648313895243422,0.11993786250967672
Fuc(a1-?)[Gal(b1-?)]GlcNAc(b1-3)[Fuc(a1-2)]Gal(b1-3)[Fuc(a1-2)Gal(b1-?)[Fuc(a1-?)]GlcNAc(b1-6)]GalNAc,0.02119926887749228,0.028884294916021985,0.05728959710650158,0.05837987650747756,0.04808122552675098,0.040669518206103816,0.11887693574314181,0.06173350557998508,0.1386162410879493,0.4530953407403112,0.11232444620002191,0.09328582261997384
Fuc(a1-2)Gal(b1-?)GlcNAc(b1-3)[Fuc(a1-2)Gal(b1-?)GlcNAc(b1-6)]Gal(b1-3)[Gal(b1-?)GlcNAc(b1-6)]GalNAc,0.8638290236239705,0.23581492958644226,0.2076096814740708,0.11291193159295043,0.3124772497846636,0.2508326468551655,0.12709104040068286,0.0908973941123506,0.2845917820453536,0.04279072543673751,0.13463889244641314,0.16816370667607303
Fuc(a1-2)Gal(b1-?)GlcNAc(b1-3)[Gal(b1-?)GlcNAc(b1-6)]Gal(b1-3)[Fuc(a1-2)Gal(b1-?)GlcNAc(b1-6)]GalNAc,0.3778592531515468,0.4123892386646797,0.9193187195456011,0.6716138244793736,1.053134590935346,1.1604917281267113,0.4759701812546714,1.0345404905285578,0.6117049722679208,0.6903145908644706,0.6423351070366171,0.7883825104030207
Fuc(a1-2)Gal(b1-?)GlcNAc(b1-3)Gal(b1-?)GlcNAc(b1-6)[Gal(b1-?)GlcNAc(b1-3)[Fuc(a1-2)]Gal(a1-3)]GalNAc,0.2294579562412822,0.8266164374937445,0.43765043312225427,0.9481417009605818,0.12141141120912627,1.1034276897997946,0.18379190284415556,0.8212977276685556,0.18760736288630273,0.1588212915153092,0.27792010796187905,0.08067580566942159
Fuc(a1-2)Gal(b1-?)GlcNAc(b1-3)Gal(b1-?)GlcNAc(b1-3)Gal(b1-?)GlcNAc(b1-6)[Fuc(a1-2)Gal(a1-3)]GalNAc,0.6629568911615331,1.7849941207925968,0.20123123337776064,0.6040443214699754,0.0642857898137272,1.4213880475728033,0.24697645052885184,0.553882930004742,0.058854674859777856,0.2100987388532344,0.07607593367630316,0.3647292416762038
Fuc(a1-2)[GlcNAc(a1-4)]Gal(b1-?)GlcNAc(b1-3)Gal(b1-3)[Fuc(a1-2)[GlcNAc(a1-4)]Gal(b1-?)GlcNAc(b1-6)]GalNAc,0.5919902892284818,0.03711974597009232,0.21863978473281728,0.0404753102696877,0.41999599653351605,0.3352111366239773,0.07680722177343197,0.06462659663282974,0.23006539952850755,0.05599116444075444,0.627109803159661,0.3138090648167253
Neu5Ac(a2-3)Gal(b1-?)[Fuc(a1-?)]GlcNAc(b1-3)Gal(b1-?)[Fuc(a1-?)]GlcNAc(b1-6)[Fuc(a1-2)Gal(b1-3)]GalNAc,0.12356303665370072,0.00263606662641494,0.01619836038697961,0.05903766838224661,0.5170210777438462,0.024451461177138492,1.073356544518807,0.04601584968117864,0.06916090502776343,1.063884809473927,0.09337485452952551,0.06634126503701693
Fuc(a1-?)[Gal(b1-?)]GlcNAc(b1-3)[Fuc(a1-?)[Gal(b1-?)]GlcNAc(b1-6)]Gal(b1-3)[Fuc(a1-?)[Gal(b1-?)]GlcNAc(b1-6)]GalNAc,1.3224270415082438,0.41511002245950734,0.35341929777901393,0.3716284552998378,0.36227456649108913,0.33621440190804885,0.21746803215678742,0.14254928571094216,0.2345029868260137,0.12542392121524293,0.17321214438784863,0.13009119518517603
Fuc(a1-2)Gal(b1-4)GlcNAc(b1-3)[Fuc(a1-2)Gal(b1-4)GlcNAc(b1-6)]Gal(b1-3)[Fuc(a1-?)[Gal(b1-?)]GlcNAc(b1-6)]GalNAc,1.4129340597769227,2.0782112662934353,3.751323503269225,3.108484902035953,2.042298580360029,2.0688024740906767,2.2143551259780554,3.8782310250237937,2.080921329852534,2.4232483620152694,1.4512793093560399,1.5314734100581284
Fuc(a1-?)[Gal(b1-?)]GlcNAc(b1-3)[Fuc(a1-?)[Gal(b1-?)]GlcNAc(b1-6)]Gal(b1-3)[GlcNAc(a1-4)Gal(b1-?)GlcNAc(b1-6)]GalNAc,1.6139178426373202,0.5373823014383468,0.770161772151998,0.3563520439214677,1.1913084709618023,0.7832832604918206,0.33301206773800407,0.37654070172513376,0.8497296573624229,0.22092237680484347,0.5116458029546621,0.940255450521707
Neu5Ac(a2-3)Gal(b1-?)[Fuc(a1-?)]GlcNAc(b1-3)Gal(b1-?)[Fuc(a1-?)]GlcNAc(b1-6)[Neu5Ac(a2-3)Gal(b1-3)]GalNAc,0.29201257629516497,0.06634126503701693,0.07877220630776918,0.1280867200621956,0.3582473899284563,0.09138152020474277,4.174939767102224,0.05933089658403881,0.12511270159128793,0.45975760149511014,0.21017014994776897,0.24040818970100084
Neu5Ac(a2-3)Gal(b1-?)[Fuc(a1-?)]GlcNAc(b1-3)Gal(b1-?)[Fuc(a1-?)]GlcNAc(b1-6)[Neu5Ac(a2-3)Gal(b1-3)]GalNAc,0.1303032146311761,0.07298163592151014,0.02246161992650486,0.035238392525264894,0.2428467208333133,0.10835311605717476,0.5208690342300636,0.16139663949048746,0.03082778844452355,0.14417432734967348,0.19254993098970705,0.3653717325654916
GlcNAc(a1-4)Gal(b1-?)GlcNAc(b1-6)[Fuc(a1-?)[Gal(b1-?)]GlcNAc(b1-3)]Gal(b1-3)[GlcNAc(a1-4)Gal(b1-?)GlcNAc(b1-6)]GalNAc,1.6992851681549392,0.7228108312679314,1.1431971332592084,0.46040241736418464,1.6504914747353951,1.1837190912363462,0.49265233524021546,0.6467925899308833,1.9356822975632606,0.24578010353230587,1.8017787920757584,1.4393593006545748
Neu5Ac(a2-3)Gal(b1-?)[Fuc(a1-?)]GlcNAc(b1-3)Gal(b1-4)GlcNAc(b1-6)[Fuc(a1-?)[Gal(b1-?)]GlcNAc(b1-3)Gal(b1-3)]GalNAc,0.4470159628939716,0.3123822843217309,0.6807284401379069,0.34289420719863584,0.6825282050666119,0.2934594676340796,1.5119813021961197,0.5347460398326997,0.7050076361080626,0.5376758944326093,0.5691138200458593,0.30616266500907363
Fuc(a1-2)Gal(b1-?)GlcNAc(b1-6)[Fuc(a1-?)[Gal(b1-?)]GlcNAc(b1-3)]Gal(b1-3)[Neu5Ac(a2-?)Gal(b1-?)GlcNAc(b1-6)]GalNAc,0.6866834251584496,0.5240221421389767,1.3946516985358706,0.8974703613396202,1.3991324329535046,0.2648379442958715,0.9913398157080348,2.5075341203101837,1.6299358548231564,2.600349639721413,0.9077434869795481,0.4112107761177404
