glycan,H7-01 Control,H7-02 Non inf control,H7-03 Non inf control,H7-04 Non inf control,H7-06 Infected vehicle,H7-08 Infected vehicle,H7-09 Infected vehicle,H7-10 Infected vehicle,H7-35 RaMH,H7-36 RaMH,H7-37 RaMH,H7-38 RaMH,H10-01 Non inf control,H10-02 Non inf control,H10-03 Non inf control,H10-04 Non inf control,H10-07 Infected control,H10-08 Infected control,H10-09 Infected control,H10-10 Infected control,H10-15 IL4,H10-17 IL4,H10-18 IL4,H10-19 IL4
Gal(b1-3)GalNAc,0.242959294,0.208266687,0.223528815,0.245892652,0.297072181,0.180747719,0.248926984,0.306004401,0.267578162,0.327380216,0.292163363,0.149837974,0.270821693,0.240446069,0.189056365,0.236582966,0.246200265,0.249818196,0.214795705,0.203260053,0.208261027,0.180965607,0.339735652,0.203124892
GalOS(b1-3)GalNAc,0.007172373,0.012266876,0.017346294,0.004030473,0.006302307,0.01203948,0.005053645,0.005923085,0.008235204,0.004713381,0.005852354,0.0071914,0.004755934,0.033161488,0.029959703,0.019614552,0.301310242,0.014480426,0.014660255,0.016894881,0.008815143,0.009553359,0.035158292,0.007540381
Gal(b1-3)[Fuc(a1-4)]GalNAc,0.140819934,0.183320134,0.182716262,0.202930949,0.160700227,0.142861102,0.14059539,0.169862898,0.16188088,0.181321495,0.188556914,0.112125127,0.181095593,0.134314668,0.156786041,0.131542907,0.14191089,0.148975132,0.124809649,0.166304167,0.140899808,0.155752588,0.133646561,0.17373591
Fuc(a1-2)Gal(b1-3)GalNAc,1.811925308,1.782674626,1.24988204,1.18912839,1.395655211,1.65473078,1.410925866,1.459425323,1.397927249,1.392152972,1.805503778,1.33754892,1.015629022,1.678675606,1.255518761,1.49007478,2.425317142,1.707860263,1.611116655,1.28856384,1.368993498,1.26286753,1.736895031,1.264229086
Fuc(a1-3/4)[HexNAc(?1-3/6)]GalNAc,0.098391749,0.079559775,0.063288093,0.047380063,0.050811314,0.087160853,0.076106583,0.078545347,0.043213785,0.076887231,0.032139198,0.103359011,0.074230964,0.066081315,0.065791379,0.07961671,0.068992171,0.060206905,0.059021135,0.087314763,0.066033699,0.030632206,0.031183764,0.07420367
Gal(b1-3)[GlcNAc(b1-6)]GalNAc,2.490588808,2.299771252,2.606396841,2.795675318,2.854120991,1.920940398,2.061599387,2.437610965,2.534288257,2.399150144,2.578256009,1.809421538,2.518410295,2.044985623,2.389276294,2.16435379,1.980592708,2.016401276,2.026073647,2.115110061,2.201637409,2.230394424,2.288673237,2.300620072
Gal(b1-3)[GlcNAc6S(b1-6)]GalNAc,0.157485078,0.184542176,0.079616159,0.083747722,0.135679028,0.122597835,0.104297265,0.05689238,0.24571781,0.095042504,0.063977885,0.108112355,0.139737423,0.402710804,0.089740197,0.25091771,0.299367299,0.700385277,0.187516414,0.146703983,0.09049603,0.049544094,0.08335437,0.095668904
Gal(b1-3)[Neu5Ac(a2-6)]GalNAc,0.175039068,0.296879045,0.280618925,0.160356891,0.215641458,0.202509084,0.145442296,0.163017893,0.250086505,0.180657307,0.391316233,0.156624276,0.244190236,0.798874135,0.166334862,0.36386547,0.313416095,0.651120335,0.534827375,0.171045965,0.245408881,0.303948275,0.938188592,0.227422195
Neu5Ac(a2-3)Gal(b1-3)GalNAc,0.266685506,0.731698306,0.598758282,0.317575074,0.31624937,0.450428194,0.254355856,0.270601706,0.478035379,0.220025535,0.431533824,0.331850428,0.181295194,1.58167726,0.294095184,0.785105366,0.630191058,1.627002695,1.265623236,0.310249835,0.433800979,0.563303179,1.930232575,0.458130723
Gal(b1-3)[Neu5Gc(a2-6)]GalNAc,0.024384803,0.042008869,0.033625427,0.020051046,0.017637598,0.024818355,0.020726767,0.027991285,0.028609736,0.014587353,0.030656854,0.016144287,0.016660049,0.079950686,0.015872955,0.034319574,0.038538124,0.071098362,0.064267168,0.016113356,0.030974723,0.038410787,0.127530024,0.026518886
Neu5Gc(a2-3)Gal(b1-3)GalNAc,0.143417075,0.322327874,0.277295166,0.109564544,0.118508064,0.184306132,0.142848696,0.154526338,0.206375039,0.100019012,0.201193018,0.158836561,0.074115593,0.845312662,0.170986603,0.27599955,0.448746411,0.743130231,0.767819475,0.158350614,0.211831103,0.374277253,1.06052408,0.208230366
Gal(b1-4)GlcNAc(b1-3)[Fuc(a1-4)]GalNAc,0.070694357,0.131041905,0.100638313,0.121627758,0.078332525,0.107225765,0.041842181,0.086795344,0.107831433,0.093790128,0.237477322,0.060308324,0.109945103,0.10817341,0.074276132,0.060381674,0.096289743,0.157440792,0.117704934,0.061107206,0.144021287,0.166850309,0.078350291,0.113303658
Fuc(a1-2)Gal(b1-3)[GlcNAc(b1-6)]GalNAc,1.572750793,1.187156814,1.399413074,1.423568866,1.416519475,1.011114802,1.336922376,1.260321308,1.301462832,1.06609314,0.790194574,1.218280202,0.86077468,0.823248026,1.382648382,1.248126347,1.029793593,0.752055172,0.988282587,1.193094372,0.986331031,1.046367383,0.994275487,1.232907536
Gal(b1-4)GlcNAc(b1-6)[Gal(b1-3)]GalNAc,3.539792902,3.083902184,3.299036459,3.612822002,3.955337676,2.787945607,3.96736496,3.996089705,3.402753225,4.975335016,2.88040851,2.539773608,4.318069232,2.431922259,3.364136282,2.816189255,2.914238883,2.465276572,2.576054746,3.320311403,2.491312497,2.575144064,2.997963384,2.996272777
GalNAc(b1-4)GlcNAc(b1-6)[Gal(b1-3)]GalNAc,2.247224303,2.094138989,1.810436564,1.897463409,1.967422334,2.218489832,1.95679891,2.094440222,1.725375411,2.114795661,2.516160701,1.9022792,2.73511008,1.953102869,1.624605698,1.755469464,1.735672677,2.242557187,1.889421875,1.660001715,2.66945716,2.042757315,1.337181044,2.122781733
Fuc(a1-2)Gal(b1-3)[Neu5Ac(a2-6)]GalNAc,0.200309388,0.375301083,0.189331458,0.141121056,0.145098729,0.321812658,0.121732025,0.146356986,0.216107365,0.128871716,0.27472944,0.195418306,0.094759415,0.375379525,0.156409211,0.268696575,0.271526929,0.45793984,0.383751944,0.159030731,0.179656398,0.194496541,0.411815434,0.184659376
Neu5Ac(a2-3)[GalNAc(b1-4)]Gal(b1-3)GalNAc,0.325753481,0.305975507,0.316237096,0.390544959,0.439527608,0.36605705,0.191664108,0.356612991,0.416472196,0.69336046,1.209793845,0.164866236,0.356228439,0.70140594,0.260153051,0.413499881,0.315395088,0.585140478,0.603352173,0.250483069,0.498648533,0.553031647,0.839569234,0.353817464
GlcNAc(a1-4)Gal(b1-3)[Neu5Ac(a2-6)]GalNAc,0.09911773,0.193943908,0.190465227,0.123451882,0.154930395,0.125315873,0.087200883,0.134075198,0.178521405,0.154552479,0.347226115,0.103071488,0.166379686,0.491958993,0.114792605,0.184754026,0.171987608,0.322524272,0.341455786,0.110260988,0.200339501,0.328505172,0.897718069,0.1873302
Neu5Ac(a2-3)Gal(b1-3)[GlcNAc(b1-6)]GalNAc,0,0.027024197,0.091297079,0,0.155347215,0,0.018090434,0.023905066,0.055370145,0,0,0.027008252,0.048662775,0.03525135,0,0.044931237,0.035645039,0.031591543,0,0.033698514,0.099225601,0.073348032,0.099314137,0.102545325
Fuc(a1-3)[Gal(b1-4)]GlcNAc(b1-6)[Gal(b1-3)]GalNAc,0.058951862,0.062544598,0.060361847,0.069111774,0.062833593,0.071662235,0.053350703,0.049852257,0.060424207,0,0.096975307,0.035446952,0.048731721,0.053436431,0.057715651,0.066257978,0.063184785,0.045058126,0.057192456,0.063435017,0.041155709,0.043881876,0.152816794,0.042741159
Fuc(a1-2)Gal(b1-4)GlcNAc(b1-3)Gal(b1-3)GalNAc,5.198006759,4.454652445,4.500291212,4.757275995,4.389931596,4.133270025,5.333582279,4.425463938,4.135094368,4.42184658,2.700629517,4.1493818,3.626260887,2.837992824,5.484898556,4.403645463,4.110880376,2.718164491,3.041527163,4.990639665,3.004660104,3.208662462,2.931756613,3.930343359
Fuc(a1-2)Gal(b1-3)[Gal(b1-4)GlcNAc(b1-6)]GalNAc,4.503069493,4.375576324,3.743408531,4.044666627,3.852431846,3.577275268,4.618667134,4.53575918,3.80658611,4.293600495,2.724892816,3.631327734,3.422470315,2.815090215,3.953857229,3.531119088,3.808733603,2.858818181,3.042056764,3.825012441,2.869786295,3.023217394,3.208627284,3.448622288
Gal(a1-3)Gal(b1-4)GlcNAc(b1-6)[Gal(b1-3)]GalNAc,0.409584708,0.5448724,0.465702506,0.45346253,0.463060063,0.366820018,0.460743121,0.501558083,0.43591999,0.513356495,0.346993063,0.349861007,0.406075152,0.377411446,0.50154915,0.408038852,0.502459478,0.508059758,0.33753454,0.465552579,0.410552713,0.368563477,0.441037963,0.442099592
Fuc(a1-2)Gal(b1-3)[GalNAc(?1-4)GlcNAc(b1-6)]GalNAc,5.030802707,4.021614689,1.959579306,1.492476663,2.189126701,4.314011156,4.49323907,3.244068332,1.6901228,3.034515244,1.036774779,6.096820021,2.820548308,4.055335752,2.637689437,3.502955248,3.793713104,3.360545444,3.059468079,3.674710011,3.380818203,1.059159787,1.704827098,2.810356227
GlcNAc(a1-4)Gal(b1-3)[Gal(b1-4)GlcNAc(b1-6)]GalNAc,2.0683209,3.082807836,2.579259026,2.970977269,2.975754161,2.920942311,1.88384442,2.724653009,2.952369381,2.697396877,5.73408989,1.850712432,3.921565458,3.188559017,2.079026937,1.930144024,2.475100943,3.918664981,3.319773049,1.776459182,4.084295371,3.92609595,2.947996927,2.895184122
Neu5Ac(a2-3)Gal(b1-3)[Neu5Ac(a2-6)]GalNAc,0.4966449,0.950896947,0.910772123,0.38371158,0.350042012,0.589507908,0.456326322,0.449380475,0.561739014,0.297839056,0.613814638,0.596965697,0.276040451,2.353238682,0.539272697,0.847222946,0.963537137,2.468554254,2.185596994,0.494362429,0.612903453,1.031411677,2.894002824,0.607520135
Neu5Ac(a2-3)Gal(b1-3)[Neu5Gc(a2-6)]GalNAc,0.371555918,0.778754349,0.677728197,0.289892238,0.291263853,0.485602819,0.380207003,0.398381514,0.446973352,0.232307761,0.469374287,0.408272493,0.248037288,1.910932601,0.411421665,0.726483822,0.810602841,2.020772163,1.955148909,0.394170853,0.51197322,0.837579521,2.487591317,0.532796028
Neu5Gc(a2-3)Gal(b1-3)[Neu5Gc(a2-6)]GalNAc,0.167087646,0.395392375,0.301923456,0.118889379,0.138125014,0.231954301,0.176527687,0.176738132,0.229092896,0.115014059,0.213795886,0.178196673,0.096207798,0.983662639,0.195917747,0.347087657,0.465928804,0.923585784,0.980575873,0.185295542,0.259148805,0.409166981,1.205695457,0.260400394
Neu5Ac(a2-3)Gal(b1-3)[Gal(b1-4)GlcNAc(b1-6)]GalNAc,0.159619355,0.079499811,0.179398908,0.056369886,0.283590101,0.10532273,0.049118536,0.064575237,0.130149704,0.085192529,0.167065051,0.080230775,0.16244156,0.123746525,0.071535482,0.117266645,0.100617988,0.117014552,0.073109884,0.068753186,0.228804025,0.164035338,0.528933805,0.215651331
Neu5Ac(a2-3)Gal(b1-4)GlcNAc(b1-6)[Gal(b1-3)]GalNAc,0.13201154,0.332098027,0.268906156,0.054071461,0.257746511,0.273425244,0.14955455,0.133242265,0.185621524,0.15842294,0.249506847,0.114054433,0.134413965,0.7111883,0.239372304,0.424422756,0.863738988,0.764258594,0.45780146,0.379324752,0.636556366,0.606231319,1.035096446,0.807677422
Fuc(a1-2)Gal(b1-4)GlcNAc(b1-6)[Fuc(a1-2)Gal(b1-3)]GalNAc,12.05956553,11.05468101,8.531418252,8.284337475,7.256820803,10.69912691,9.462218993,8.488678194,8.034709237,7.527972695,5.161871581,11.58012871,5.908244368,7.428256067,10.76638224,9.242333588,9.127857752,7.842136153,8.044780078,9.514558358,6.680351126,6.874555932,7.451343507,7.95413564
Fuc(a1-2)Gal(b1-4)GlcNAc(b1-6)[Gal(?1-3)Gal(b1-3)]GalNAc,0.299490674,0.345753917,0.374847758,0.003882462,0.250251292,0.276071013,0.314303832,0.190631629,0.2643389,0.350544363,0.139733406,0.279363928,0.004758952,0.17518711,0.241490072,0.305855139,0.283164027,0.15863002,0.14530535,0.31477057,0.14452588,0.214132771,0.172845099,0.219506984
Gal(a1-3)Gal(b1-4)GlcNAc(b1-6)[Fuc(a1-2)Gal(b1-3)]GalNAc,0.493103832,0.873376532,0,0.005075597,0.006111971,0.586225799,0.00586434,0,0.555564595,0.305189422,0.219381375,0.736118029,0.22481286,0.397386922,0.008700158,0.568006184,0.715369911,0.50292817,0.393046433,0.674476347,0.005800272,0.326273039,0.438028184,0.538476213
Fuc(a1-3/4)[Gal(b1-3/4)]GlcNAc(b1-3)Gal(b1-3)[GlcNAc(b1-6)]GalNAc,0.122867168,0.085767123,0.116210943,0.200960959,0.103462648,0.000867082,0.088405768,0,0.082158084,0.00098021,0,0.001540108,0.001206447,0.024899705,0.197184067,0.128173603,0.054800137,0.042909303,0.047029632,0.134417809,0,0.022949784,0.020469515,0.001402673
Fuc(a1-2)Gal(b1-4)GlcNAc(b1-3)Gal(b1-3/4)GlcNAc(b1-3)GalNAc,0.551883435,0.379177099,0.573200321,0.558262783,0.556704162,0.388215761,0.680477457,0.695144047,0.475451872,0.654477608,0.384104992,0.472330983,0.490469147,0.285956223,0.445354647,0.497944302,0.326046934,0.218683513,0.289098197,0.466647782,0.353435113,0.350619019,0.326418464,0.4353897
Fuc(a1-2)Gal(b1-4)GlcNAc(b1-6)[GlcNAc(a1-4)Gal(b1-3)]GalNAc,0.525570686,0.583897586,0.549993045,0.540713425,0.649061166,0.589157044,0.51136421,0.528858547,0.565301248,0.408390508,0.404017486,0.565871482,0.643247028,0.346142128,0.626239497,0.463360386,0.432308686,0.409562291,0.365113038,0.524670914,0.55704959,0.540503864,0.375581044,0.599032766
GlcNAc(a1-4)Gal(b1-4)GlcNAc(b1-6)[Fuc(a1-2)Gal(b1-3)]GalNAc,0.196939479,0.243506624,0.208722118,0.215788357,0.260441394,0.183754207,0.233496387,0.197510002,0.21239562,0.152125892,0.208768165,0.218795168,0.173845427,0.113336602,0.274320373,0.190929933,0.14173088,0.142836157,0.144491885,0.203777608,0.189808267,0.246872619,0.140593508,0.207604893
Gal(b1-3/4)GlcNAc(b1-3)Gal(b1-3)[Gal(b1-4)GlcNAc(b1-6)]GalNAc,0.695903672,0.943454843,0.809288148,0.860028097,0.953977743,0.729179572,1.006546586,1.325680888,0.796483545,1.483619757,1.508422682,0.568701444,1.999407352,0.782223269,0.534219766,0.640601377,0.734331958,0.940686316,0.80599181,0.596532124,1.066797549,0.897303583,1.065420119,0.780577888
HexNAc(?1-?)Gal(b1-4)GlcNAc(b1-6)[HexNAc(?1-?)Gal(b1-3)]GalNAc,2.773211865,3.952999457,3.330278303,4.158828843,3.378896557,4.131508502,2.11087513,3.288275746,3.892612751,2.978797764,7.843628575,2.445446254,4.513844303,3.879904178,2.692408992,2.360655941,3.296156763,5.17111071,4.225377127,2.017846729,5.800535535,5.589050542,3.042844924,3.84689217
Fuc(a1-2)Gal(b1-4)GlcNAc(b1-6)[Neu5Ac(a2-3)Gal(b1-3)]GalNAc,0.004391837,0.143196434,0.494158759,0.00365407,0.687085914,0.005077808,0.065685368,0.14259841,0.295154412,0.00339461,0.260893005,0.11305386,0.005965823,0.143031307,0,0.274742762,0.207091145,0.112005352,0.077877975,0.153774652,0.509125826,0.349050091,0.270011935,0.552663985
Neu5Ac(a2-3)Gal(b1-4)GlcNAc(b1-6)[Fuc(a1-2)Gal(b1-3)]GalNAc,0.373457301,0.547189111,0.861666591,0.188567375,1.677001475,0.024157806,0.006064516,0.27295399,0.649618547,0.410948997,0.375267872,0.62458233,0.005153914,0.506571107,0.595018505,0.510886429,2.261917874,0.628483594,0.391549415,1.047875493,2.083950351,1.5362382,1.479675592,2.410836053
Fuc(a1-2)Gal(b1-3)GlcNAc(b1-6)[Fuc(a1-2)[Gal(a1-3)]Gal(b1-3)]GalNAc,0.19358784,0.244588293,0.211504449,0.295437519,0.129959341,0.125823356,0.123400165,0.140042837,0.150468244,0.115812202,0.065669004,0.176933255,0.07693402,0.099302659,0.404486518,0.23567979,0.138046272,0.125505875,0.117379882,0.288557774,0,0,0,0.111607353
Fuc(a1-2)Gal(b1-4)GlcNAc(b1-6)[Fuc(a1-2)[Gal(a1-3)]Gal(b1-3)]GalNAc,0.020102818,0.022591823,0.027461723,0.024366693,0.01684739,0.020544205,0.016899251,0.020202068,0.024671008,0.018848646,0.015886666,0.022620861,0.077184001,0.948310312,0.02419352,1.129400888,1.187293681,0.851754039,0.900542847,0.024553943,0.803399141,0.930679808,0.791197779,0.020538539
Man(a1-3)[Man(a1-6)]Man(a1-6)[Man(a1-3)]Man(b1-4)GlcNAc(b1-4)GlcNAc,0.349937118,0.658549028,0.506042139,0.346654986,0.338538266,0.46436017,0.360209925,0.463033753,0.449736072,0.390288769,0.690384364,0.378092637,0.360863447,1.73288724,0.425736725,0.657369527,0.798150804,1.576814505,1.705265001,0.3850202,0.5068394,0.793153025,2.181613406,0.480194412
Fuc(a1-2)Gal(b1-4)GlcNAc(b1-3)Gal(b1-4)GlcNAc(b1-6)[Gal(b1-3)]GalNAc,0.218442109,0.247837081,0.230304924,0.370215139,0.185620563,0.109957635,0.207287888,0,0.171552045,0,0.075241251,0.12101834,0.006384715,0.066757881,0.392836783,0.218860175,0.140654915,0.107767937,0.095453766,0.26806461,0.004412902,0.04030069,0.032926745,0.105960087
Gal(b1-3/4)GlcNAc(b1-3)Gal(b1-3)[Fuc(a1-2)Gal(b1-4)GlcNAc(b1-6)]GalNAc,1.199492605,0.95301623,1.24501988,1.421367078,1.348620042,0.936776678,1.634322081,1.95608807,1.195583224,1.836520215,1.105515671,0.881833142,1.814493073,0.616261887,0.991514702,0.997233849,0.857123301,0.530361721,0.654242959,1.028025187,0.769370129,0.945043831,0.870654437,0.945554288
Fuc(a1-2)Gal(b1-4)GlcNAc(b1-3)Gal(b1-3)[HexNAc(?1-?)GlcNAc(b1-6)]GalNAc,1.085130419,0.661004265,1.055398341,0.991434641,1.051174488,0.823223688,1.223609662,1.107710764,0.909666424,1.131414162,0.617290814,1.101640635,1.00612196,0.603207469,0.869721174,1.036382345,0.612349932,0.425049083,0.574263963,0.92503954,0.769253773,0.596135045,0.278619451,0.863111165
Gal(b1-3/4)GlcNAc(b1-3)Gal(b1-4)GlcNAc(b1-6)[HexNAc(?1-?)Gal(b1-3)]GalNAc,1.066860778,1.360075864,1.337573847,1.413976879,1.561130142,1.343906006,1.214137494,1.651863718,1.414602006,1.842322369,2.847294469,0.968237837,2.679690838,1.434270244,0.886499239,1.008307303,1.206008013,1.690595345,1.468952578,0.883824158,2.061257251,1.742025632,1.234650612,1.380299661
Man(a1-2)Man(a1-3)[Man(a1-3)[Man(a1-6)]Man(a1-6)]Man(b1-4)GlcNAc(b1-4)GlcNAc,0.488728962,0.980662853,0.665815066,0.412884011,0.440723972,0.553216067,0.488555574,0.559880964,0.513656845,0.458610895,0.753459313,0.472058359,0.364719763,2.245727737,0.573211816,0.851246086,0.85709155,1.990398551,1.781851172,0.471014686,0.587549586,0.912293551,2.805272856,0.558430027
Fuc(a1-2)Gal(b1-4)GlcNAc(b1-3)Gal(b1-3)[Fuc(a1-2)]Gal(b1-3)GlcNAc(b1-6)GalNAc,0.449207648,0.343849372,0.466253579,0.682218532,0.412750696,0.281681518,0.476681229,0.286134006,0.374042454,0,0,0.289595751,0.104299675,0.176115713,0.658154978,0.544056919,0.1133155,0.180160469,0.240657187,0.516040029,0.003871402,0,0.058879106,0
Fuc(a1-2)Gal(b1-4)GlcNAc(b1-3)[Fuc(a1-2)Gal(b1-4)GlcNAc(b1-6)]Gal(b1-3)GalNAc,1.788869507,0.811464714,2.211825909,2.027206889,1.052152462,1.589051052,1.924653839,2.026645923,2.058712603,1.228983625,0.895755958,2.047554156,2.000631837,1.254249151,1.873809263,2.112950198,0.846167154,1.020097577,1.33548225,1.809347028,0.766647774,1.774772034,1.197360393,1.781694782
Fuc(a1-2)Gal(b1-3)GlcNAc(b1-3)Gal(b1-4)GlcNAc(b1-6)[GlcNAc(a1-4)Gal(b1-3)]GalNAc,0.193150466,0.154030371,0.193750952,0.306221651,0,0,0,0,0,0,0.008123214,0,0.033053818,0,0.308437675,0.196379242,0.110181665,0.088294667,0.0863359,0.225464868,0.008005191,0,0,0.027787516
Fuc(a1-2)Gal(b1-4)GlcNAc(b1-3)Gal(b1-4)GlcNAc(b1-6)[GlcNAc(a1-4)Gal(b1-3)]GalNAc,1.57897021,1.238163998,1.97420311,2.021719749,2.228473784,1.251670901,1.928405666,2.189738078,1.951830413,2.27308337,1.499948225,1.224352296,2.057752332,1.213039001,1.451355864,1.429287587,1.184125097,0.996863562,1.247966525,1.460652163,1.203074181,1.478576442,1.484569159,1.463247481
Gal(b1-3/4)GlcNAc(b1-3)[Gal(b1-3/4)GlcNAc(b1-6)]Gal(b1-3)[Gal(b1-3/4)GlcNAc(b1-6)]GalNAc,0.477937879,0.553248557,0.536810744,0.562107494,0.672329969,0.558060577,0.627505179,0.748319642,0.609915709,1.04122683,0.77552942,0.433925768,1.625177999,0.581907586,0.418264841,0.482184496,0.524984352,0.682234743,0.593998587,0.461345173,0.576278503,0.55642008,0.669188772,0.511270086
HexNAc(?1-?)Gal(b1-4)GlcNAc(b1-3)[Fuc(a1-2)[GalNAc(a1-3)]Gal(b1-4)GlcNAc(b1-6)]GalNAc,0.727979286,0.392276309,0.515689654,0.470427861,0.511034205,0.522027706,0.776123756,0.654822887,0.403243568,0.729172675,0.276559043,0.675885455,0.633265511,0.373935526,0.531317711,0.685795569,0.369112702,0.215955835,0.333395004,0.610500975,0.492264658,0.252758313,0.248292422,0.511574552
GlcNAc(a1-4)Gal(b1-3/4)GlcNAc(b1-3)Gal(b1-3)[GlcNAc(a1-4)Gal(b1-4)GlcNAc(?1-6)]GalNAc,1.900941088,2.573939798,2.379065463,2.681174156,2.738650593,2.917816394,1.728286228,2.590580762,2.6076799,2.718268301,6.3200719,1.901677623,5.400220633,2.925026472,1.603682035,1.858756038,2.290943349,3.398532228,2.965640129,1.571447174,5.091896891,4.054353353,2.209934311,2.78976073
Neu5Ac(a2-3)Gal(b1-3/4)GlcNAc(b1-3)Gal(b1-3/4)GlcNAc(b1-6)[Fuc(a1-2)Gal(b1-3)]GalNAc,0.064539114,0.409056949,0.382946138,0.181051931,0.05923342,0.079893486,0.378591715,0.377032256,0.045167696,0.696180745,0.317958123,0.088331673,0.040745943,0.158671593,0.401690044,0.363634275,0.390965556,0.225740485,0.122391479,0.386941329,0.640740249,0.345518754,0.127889931,0.095090335
{Man(a1-2)}Man(a1-2)Man(a1-3)[Man(a1-3)[Man(a1-6)]Man(a1-6)]Man(b1-4)GlcNAc(b1-4)GlcNAc,0.160162321,0.401023609,0.259910634,0.155530251,0.157747887,0.195368058,0.176281278,0.20965069,0.218986497,0.182572288,0.358352102,0.191112551,0.10747604,0.835234041,0.226315137,0.356666,0.483125797,0.792641338,0.76705458,0.177568803,0.244056016,0.451926683,1.109382375,0.230052172
Fuc(a1-2)Gal(b1-3)GlcNAc(b1-3)[Fuc(a1-2)Gal(b1-4)GlcNAc(b1-6)]Gal(b1-3)[GlcNAc(b1-6)]GalNAc,0,0,0,0,0,0,0,0,0.016878428,0,0,0,0,0.058831552,0.016153832,0,0,0.055468683,0.098803477,0,0,0,0,0
Fuc(a1-2)Gal(b1-4)GlcNAc(b1-3)Gal(b1-3)[Fuc(a1-2)[GalNAc(a1-3)]Gal(b1-3)GlcNAc(b1-6)]GalNAc,1.280166722,1.290937139,1.793393156,2.320343716,1.631840927,0.734593498,1.2940212,1.22096892,1.352376541,1.108760718,0.714542263,1.450271657,0.814462319,0.997397518,2.364656371,1.773322503,0.840080593,0.880709941,1.107357579,1.815713331,0.697749411,0.752522863,0.701394476,0.968204347
Fuc(a1-2)Gal(b1-3)GlcNAc(b1-3)[Fuc(a1-2)Gal(b1-4)GlcNAc(b1-6)]Gal(b1-3)[GlcNAc(b1-6)]GalNAc,3.836310459,2.570459909,4.562719475,4.030719659,4.280781657,3.445187767,3.533371696,3.545009125,4.96352749,3.584587021,3.08240612,4.108165875,3.403095449,2.831286192,4.397900531,4.291248212,2.880790264,2.122615687,3.091221192,3.965549707,2.720208503,3.629952474,2.575112054,3.615130389
Fuc(a1-2)Gal(b1-3/4)GlcNAc(b1-3)Gal(b1-3)[Gal(b1-4)GlcNAc(b1-3)Gal(b1-3/4)GlcNAc(b1-6)]GalNAc,0,0.298532812,0.034616872,0.368822482,0.039516424,0.020606591,0,0.025907854,0.028712843,0.036799997,0,0.021206843,0.015130522,0.089769596,0.437595679,0.022285242,0.020978844,0.111516253,0,0.340523398,0,0,0,0
Fuc(a1-2)Gal(b1-4)GlcNAc(b1-3)Gal(b1-3/4)GlcNAc(b1-6)[Gal(b1-3/4)GlcNAc(b1-3)Gal(b1-3)]GalNAc,2.092961125,1.879862392,2.358345425,2.544572086,2.707223402,1.782024593,2.687060518,2.981388758,2.622140247,3.720426654,2.249715543,1.753477648,2.694116513,1.645234984,2.005513804,1.864152669,1.978770739,1.374471274,1.520633282,2.097576005,1.562498939,2.061805984,1.942782571,1.955606849
Fuc(a1-2)Gal(b1-4)GlcNAc(b1-3)Gal(b1-3/4)GlcNAc(b1-3)Gal(b1-3)[GalNAc(b1-4)GlcNAc(b1-6)]GalNAc,2.326916842,1.617022425,1.626001217,1.544847159,1.887694894,1.938414959,2.560454908,2.39656364,1.530213455,2.805802911,1.247150408,2.282238881,2.838341017,1.466454924,1.682022907,1.94132931,1.707088864,1.115732551,1.270080586,1.956710407,1.682403478,1.14955436,1.059105064,1.739599356
{HexNAc(?1-?)}Gal(b1-4)GlcNAc(b1-3/6)[Gal(b1-3/4)GlcNAc(b1-3/6)]Gal(b1-3)[Gal(b1-3/4)GlcNAc(b1-6)]GalNAc,0.774008863,1.274354698,0.977737163,1.173693243,1.174013679,1.386278584,0.73571547,1.017954294,1.192680103,1.047275468,2.619764311,0.971188368,2.123834175,1.395216138,0.789183459,0.866697251,1.172041236,1.76687476,1.549502547,0.736359623,2.016760064,1.730744089,1.003168517,1.118792707
Man(a1-2)Man(a1-2)Man(a1-3)[Man(a1-2)Man(a1-3/6)[Man(a1-3/6)]Man(a1-6)]Man(b1-4)GlcNAc(b1-4)GlcNAc,0.461580901,0.915483158,0.581902833,0.352631857,0.414181663,0.613687317,0.542459864,0.553883096,0.508244613,0.510501699,0.813238294,0.550621385,0.270620536,1.636683559,0.59618575,0.805273912,0.991205476,1.481580005,1.541849439,0.486932909,0.592774183,0.870983113,2.125780787,0.529434688
GlcNAc(a1-4)Gal(b1-4)GlcNAc(b1-3)[GlcNAc(a1-4)Gal(b1-4)GlcNAc(b1-6)]Gal(b1-3)[GlcNAc(b1-6)]GalNAc,0.576196707,0.709394388,0.626624216,0.745796977,0.765733,0.991426487,0.480458238,0.728001175,0.814304287,0.65443161,1.776790023,0.746765928,1.746004573,0.831596718,0.542128735,0.530864844,0.699641463,1.088321555,0.886285462,0.450756366,1.620900869,1.240230075,0.535425515,0.934524445
Fuc(a1-2)Gal(b1-3/4)GlcNAc(b1-3)[HexNAc(?1-?)Gal(b1-3/4)GlcNAc(b1-6)]Gal(b1-3)[GlcNAc6S(b1-6)]GalNAc,0.076433391,0.102790993,0.035733154,0.056380571,0.018745305,0.068498198,0.09740505,0.042921874,0.06220625,0.066908161,0.043805174,0.233780721,0.135981474,0.093245924,0.144419993,0.065514508,0.327372505,0.101136843,0.10216172,0.155486456,0.030142103,0.0069425,0,0.033182832
Fuc(a1-2)Gal(b1-3/4)GlcNAc(b1-3)[Neu5Ac(a2-3/6)Gal(b1-3/4)GlcNAc(b1-6)]Gal(b1-3)[GlcNAc(b1-6)]GalNAc,0,0.004836365,0,0,0.135285165,0,0.008747812,0.007565448,0,0,0.003656059,0.008300495,0,0,0.019850714,0,0.189700152,0,0,0,0.155928831,0,0.079292956,0.256516868
Neu5Ac(a2-3/6)Gal(b1-3/4)GlcNAc(b1-3)[Fuc(a1-2)Gal(b1-3/4)GlcNAc(b1-6)]Gal(b1-3)[GlcNAc(b1-6)]GalNAc,0.05357077,0.047554388,0,0,0.521463837,0.060473012,0.042739756,0.032102957,0,0.044120114,0.040840445,0,0.036602242,0.031466653,0,0,0.543871098,0.024226424,0.024180488,0.707908158,0.863884144,1.021539025,0.428600535,1.317392742
Fuc(a1-2)Gal(b1-3/4)GlcNAc(b1-3)[Fuc(a1-2)]Gal(b1-3)[Gal(b1-4)GlcNAc(b1-3)Gal(b1-3/4)GlcNAc(b1-6)]GalNAc,0.793066005,0.703321255,0,0.965599009,0.040704782,1.040989328,0.920997917,0.039874791,0,0.079149221,0,0.042283831,0.036437554,0,0.907444198,0.028366185,0.021962022,0,0,0.819969009,0.004409551,0,0.229425569,0.018430197
Fuc(a1-2)Gal(b1-4)GlcNAc(b1-3)Gal(b1-3/4)GlcNAc(b1-6)[Fuc(a1-2)Gal(b1-4)GlcNAc(b1-3)Gal(b1-3)]GalNAc,0.681825086,0.71541654,1.393967857,1.049045562,1.192197824,0,0.558500263,0.039587841,1.261741837,0,0.011050802,1.216506278,0,0.633700384,1.324557213,1.463506521,1.059211525,0.718111613,0.515153302,0.926950593,0,0,0.224459936,0
Fuc(a1-2)Gal(b1-4)GlcNAc(b1-3/6)[Gal(b1-3/4)GlcNAc(b1-3/6)]Gal(b1-3)[Fuc(a1-2)Gal(b1-3/4)GlcNAc(b1-6)]GalNAc,1.869777845,1.833077638,2.128422758,2.255665782,2.205558955,1.398225503,2.342846494,2.518449788,2.312466649,2.634638789,1.687719679,1.701089311,2.118480343,1.295862123,1.764287957,1.656327666,1.758172453,1.154062811,1.374724772,1.841331528,1.28650602,1.682104447,1.544238949,1.549754958
Fuc(a1-2)Gal(b1-4)GlcNAc(b1-3)[Fuc(a1-2)Gal(b1-4)GlcNAc(b1-6)]Gal(b1-3)[Gal(b1-3/4)GlcNAc(b1-6)]GalNAc,3.032221807,2.675420789,3.542632998,3.608300593,3.487316389,3.169575339,3.278736338,3.391717648,3.928455091,3.990202198,2.9168465,3.230056207,3.605678389,2.505613432,3.41779875,3.223005877,2.964931624,2.141215422,2.566930201,3.317874863,2.064617809,3.068426968,2.505630766,2.722245701
Fuc(a1-2)Gal(b1-3/4)GlcNAc(b1-2)Man(a1-6)[Gal(b1-3/4)GlcNAc(b1-2)Man(a1-3)]Man(b1-4)GlcNAc(b1-4)GlcNAc,0.431085453,0.403252189,0.435169983,0.480148853,0.479416331,0.368114573,0.481978823,0.550656012,0.53628438,0.495067701,0.325099141,0.406428097,0.33298392,0.279113824,0.473868144,0.3877929,0.47142506,0.282924321,0.282642997,0.489678235,0.348725181,0.388688051,0.361725573,0.419014819
HexNAc(?1-?)Gal(b1-3/4)GlcNAc(b1-3)[HexNAc(?1-?)Gal(b1-3/4)GlcNAc(b1-6)]Gal(b1-3)[GlcNAc6S(b1-6)]GalNAc,0.06315988,0.077745414,0.013304544,0.009805241,0.003315153,0.018103201,0.0091061,0.009345261,0.037310462,0.01053433,0.01422323,0.194653237,0.048940124,0.038325191,0.108812862,0.031966438,0.234131809,0.025304172,0.02630855,0.054602644,0.087262573,0,0,0.043514134
Fuc(a1-2)Gal(b1-4)GlcNAc(b1-3)Gal(b1-3/4)GlcNAc(b1-3)Gal(b1-3)[Fuc(a1-3)[GalNAc(b1-4)]GlcNAc(b1-6)]GalNAc,0.807381291,0.019313521,0.561430071,0.521708282,0.510047837,0.708759554,0.864911487,0.733664055,0.449362464,0.774961635,0,0.03729341,0.650435437,0.469552271,0.034172229,0.769018024,0,0.006991675,0.491135202,0.630280426,0.022209926,0.032335738,0.211088515,0.444230993
Fuc(a1-2)Gal(b1-4)GlcNAc(b1-3/6)[Fuc(a1-2)Gal(b1-3/4)GlcNAc(b1-3/6)]Gal(b1-3)[GalNAc(b1-4)GlcNAc(b1-6)]GalNAc,2.660576471,2.034283484,1.618801674,1.51559789,1.579248554,2.02724761,2.456508871,1.906729134,1.426577732,2.057247469,0.929745315,3.112961129,1.907084799,1.954349721,2.255237325,2.451727314,1.860694835,1.49332169,1.542599412,2.440419326,1.767015349,0.907646961,0.95157175,1.81280307
Fuc(a1-2)Gal(b1-4)GlcNAc(b1-3)[Fuc(a1-2)Gal(b1-4)GlcNAc(b1-6)]Gal(b1-3)[GalNAc(b1-4)GlcNAc(b1-6)]GalNAc,2.299427199,1.793699059,1.431351633,1.281678735,1.303047169,2.094192973,2.324654914,1.854686948,1.39510841,2.428473537,1.149850921,3.258496784,2.320952509,1.810739563,2.030425137,2.309033938,2.074895938,1.326433635,1.640220465,2.164179366,1.553159073,1.060956218,0.926204285,1.595816235
Fuc(a1-2)Gal(b1-3/4)GlcNAc(b1-3)[HexNAc(?1-?)Gal(b1-4)GlcNAc(b1-3)]Gal(b1-3)[Gal(b1-3/4)GlcNAc(b1-6)]GalNAc,0.668551091,0.775601383,0.88288435,0.774596756,1.06968161,0.66099934,0.822011522,0.969995466,0.959247122,0.878327238,0.756314572,0.916889,1.135370967,0.552901934,0.871718739,0.65853769,0.669110588,0.495464414,0.480165917,0.878366532,0.734023682,0.749170368,0.525124068,0.756266621
Fuc(a1-2)Gal(b1-4)GlcNAc(b1-3/6)[GlcNAc(a1-4)Gal(b1-4)GlcNAc(b1-3/6)]Gal(b1-3)[GalNAc(b1-4)GlcNAc(b1-6)]GalNAc,0.159189746,0.123566885,0.122847203,0.103410652,0.136124729,0.153965315,0.179537046,0.162347821,0.113707121,0.1736604,0.103325552,0.198337988,0.280717948,0.088755968,0.149850902,0.158206424,0.104790373,0.073989326,0.090942064,0.147827335,0.157835009,0.093224368,0.026168994,0.154407319
Man(a1-2)Man(a1-2)Man(a1-3)[Man(a1-2)Man(a1-3)[Man(a1-2)Man(a1-6)]Man(a1-6)]Man(b1-4)GlcNAc(b1-4)GlcNAc,0.579583112,1.089201567,0.677934165,0.452529999,0.564552634,0.822908207,0.704560798,0.706422664,0.668738731,0.698568502,1.091993429,0.74729678,0.372907391,1.932122649,0.804628464,1.17465317,1.158428912,1.972385404,1.863270173,0.635831628,0.774987831,1.02312362,2.516807839,0.692360285
GlcNAc(a1-4)Gal(b1-3/4)GlcNAc(b1-3/6)[Gal(b1-4)GlcNAc(b1-3/6)]Gal(b1-3)[GlcNAc(a1-4)Gal(b1-3/4)GlcNAc(b1-6)]GalNAc,1.080213787,1.984384656,1.647339942,2.255687733,1.891293738,2.650828586,0.827360217,1.569216363,2.195748597,1.390225714,5.698677199,1.433915834,2.714972131,2.37638178,1.334229205,1.37518956,2.037795657,2.956201431,2.731378808,1.046174619,3.946568462,3.722779091,1.755731253,2.010033098
Fuc(a1-2)Gal(b1-4)GlcNAc(b1-3/6)[Fuc(a1-2)Gal(b1-4)[Fuc(a1-3)]GlcNAc(b1-3/6)]Gal(b1-3)[Gal(b1-3/4)GlcNAc(b1-6)]GalNAc,0,2.049197607,2.43087294,2.925064943,0,0,2.491698484,2.425084948,2.276312128,2.140536174,0,2.382676427,0,1.671611124,3.37016054,2.741901379,0,1.667956864,2.190103836,2.559930888,0,0,0,0
Fuc(a1-2)Gal(b1-3/4)GlcNAc(b1-3)[Fuc(a1-2)Gal(b1-4)GlcNAc(b1-6)]Gal(b1-3)[Fuc(a1-2)Gal(b1-3/4)GlcNAc(b1-6)]GalNAc,7.979334616,6.746821002,8.430716449,8.686270167,7.674381814,8.68235049,8.637767718,6.982897244,8.176311371,6.36133312,4.862009464,8.646375437,6.003088439,5.316595232,8.708043408,6.775356067,6.635718517,4.513669538,5.521777829,7.814121975,4.935550006,5.957466959,4.805668236,7.171085401
Fuc(a1-2)Gal(b1-3/4)GlcNAc(b1-3)[Gal(?1-?)Gal(b1-3/4)GlcNAc(b1-6)]Gal(b1-3)[Fuc(a1-2)Gal(b1-3/4)GlcNAc(b1-6)]GalNAc,0.227886571,0.343129257,0.24456726,0.211122196,0.264398023,0.196053211,0.295023863,0.307365845,0.370652612,0.2910086,0.194355695,0.436665549,0.156213173,0.232302066,0.392726155,0.442078385,0.454423806,0.241716116,0.213552981,0.288147003,0.310877617,0.293847742,0.186546729,0.273891351
Fuc(a1-2)Gal(b1-3/4)GlcNAc(b1-3/6)[HexNAc(?1-?)Gal(b1-4)GlcNAc(b1-3/6)]Gal(b1-3)[Fuc(a1-2)Gal(b1-3/4)GlcNAc(b1-6)]GalNAc,0.487300344,0.557666481,0.735101908,0.666603164,1.043580459,0.501899036,0.590150393,0.6534897,0.809278034,0.576930918,0.619244029,0.656270053,0.699834535,0.41211104,0.798637599,0.563994814,0.491770093,0.413205376,0.452612648,0.645946584,0.549019175,0.705485316,0.381813549,0.633031419
Fuc(a1-2)Gal(b1-3/4)GlcNAc(b1-3)[Neu5Ac(a2-3/6)Gal(b1-3/4)GlcNAc(b1-6)]Gal(b1-3)[Fuc(a1-2)Gal(b1-3/4)GlcNAc(b1-6)]GalNAc,0,0,0,0,0,2.176825213,0,0,0,0,0,0,0,0.133637782,0,0,0,0.135701116,0.129714989,2.055747662,1.99975127,2.094878092,0.443209275,2.952343689
Fuc(a1-2)Gal(b1-4)GlcNAc(b1-3)[Fuc(a1-2)Gal(b1-4)GlcNAc(b1-6)]Gal(b1-3)[Neu5Ac(a2-3/6)Gal(b1-3/4)GlcNAc(b1-6)]GalNAc,0,0,0,0,0,0,0,0,0,0,0.047446385,0,0,0.033316903,0,0,0,0.026371221,0.009494561,0,0.598537579,0.586648773,0.233879294,0.81311294
Neu5Ac(a2-3/6)Gal(b1-3/4)GlcNAc(b1-3)[Fuc(a1-2)Gal(b1-3/4)GlcNAc(b1-6)]Gal(b1-3)[Fuc(a1-2)Gal(b1-3/4)GlcNAc(b1-6)]GalNAc,0.061510817,0.119671629,0,0.055995478,0,0.074697773,0,0,0,0,0.06869659,0.078658019,0,0,0,0.090122855,0,0.074305753,0.037198935,0,0,0,0,0
GlcNAc(a1-4)Gal(b1-4)GlcNAc(b1-3/6)[GlcNAc(a1-4)Gal(b1-3/4)GlcNAc(b1-3/6)]Gal(b1-3)[GlcNAc(a1-4)Gal(b1-3/4)GlcNAc(b1-6)]GalNAc,0.684983928,1.105177337,1.052843473,1.44880296,1.167318901,1.681217319,0.44760824,1.020109528,1.447184391,0.798282033,3.696560682,0.837016881,1.708367358,1.50792606,0.908219043,0.761768991,1.145938649,1.82498735,1.717321702,0.59425237,2.494871169,2.605213918,1.055217074,1.36290756
{Fuc(a1-2/3/4)}{Neu5Ac(a2-3/6)}Neu5Ac(a2-3/6)Gal(b1-3/4)GlcNAc(b1-3/6)[Gal(b1-3/4)GlcNAc(b1-3/6)]Gal(b1-3)[Gal(b1-3/4)GlcNAc(b1-6)]GalNAc,0,0,0,0.014364124,1.504581065,0.448446121,0.067724956,0.106902925,0.278792784,0,0,0.050111194,0,0,0.350012402,0.483747452,1.73216252,0.172710401,0,0.78043903,1.370269841,1.065223956,0.881461851,1.753058663
{Fuc(a1-2/3/4)}{Neu5Ac(a2-3/6)}Neu5Ac(a2-3/6)Gal(b1-3/4)GlcNAc(b1-3/6)[Gal(b1-3/4)GlcNAc(b1-3/6)]Gal(b1-3)[Gal(b1-3/4)GlcNAc(b1-6)]GalNAc,0,0.089485718,0.10802234,0,0.548470455,0.171998622,0,0,0.080509327,0,0,0,0.001944001,0,0,0,0.639328219,0.025242677,0,0.29776884,0.490765607,0.383681378,0.092152108,0.60359928
Neu5Gc(a2-3/6)Gal(b1-3/4)GlcNAc(b1-2)Man(a1-3)[Neu5Gc(a2-3/6)Gal(b1-3/4)GlcNAc(b1-2)Man(a1-6)]Man(b1-4)GlcNAc(b1-4)GlcNAc,0.464255998,0,0.631172887,0.22860986,0.484668192,0.382279169,0.441177269,0.51153136,0.644403956,0.500643271,0.756447692,0.619802415,0,2.075734509,0.336036639,0.922871376,0.855650036,2.047720792,2.31053746,0.641268799,0.669223634,0.788584865,3.248338169,0.549958099
Neu5Ac(a2-3/6)Gal(b1-4)GlcNAc(b1-3)Gal(b1-3/4)GlcNAc(b1-3/6)[Fuc(a1-2)Gal(b1-4)GlcNAc(b1-3/6)]Gal(b1-3)[Gal(b1-3/4)GlcNAc(b1-6)]GalNAc,0.34139697,0.100454082,0.18667569,0.18036265,0.273030588,0.14410228,0.105521957,0.096527261,0.19216314,0.200861407,0.09318744,0.094490411,0.24820633,0,0.093485145,0.102160653,0.222916695,0,0.008189253,0.192162094,0.243463075,0.291816525,0.027389432,0.346293041
Neu5Ac(a2-3/6)Gal(b1-3/4)GlcNAc(b1-3)Gal(b1-4)GlcNAc(b1-6)[Fuc(a1-2)Gal(b1-3/4)GlcNAc(b1-3)]Gal(b1-3)[Fuc(a1-2)Gal(b1-3/4)GlcNAc(b1-6)]GalNAc,0.137299572,0.125417473,0.212272781,0.172773952,0.290563136,0.171707208,0.161127803,0.136902753,0.184415391,0.198820793,0.105103802,0.172543069,0.15304313,0.017136433,0.172082414,0.152739057,0.235781045,0,0.016031916,0.199322319,0.257823333,0.351451302,0.040921912,0.383049022
Neu5Ac(a2-3/6)GalNAc(b1-3/4)GlcNAc(b1-2)Man(a1-3)[Neu5Ac(a2-3/6)GalNAc(b1-3/4)GlcNAc(b1-2)Man(a1-6)]Man(b1-4)GlcNAc(b1-4)[Fuc(a1-6)]GlcNAc,0.510790284,0,0,0,0.476354254,0.644741371,0.562495168,0.527932788,0.48802635,0.615329014,0.520012548,0.559980814,0.002343341,0,0,0.688642351,0,0.310112086,0.395041578,0.551130985,0.600962132,0.464696667,0.391206967,0
Neu5Ac(a2-3/6)Gal(b1-3/4)GlcNAc(b1-2)Man(a1-3)[Neu5Ac(a2-3/6)Gal(b1-3/4)GlcNAc(b1-2)Man(a1-6)][GlcNAc(b1-4)]Man(b1-4)GlcNAc(b1-4)[Fuc(a1-6)]GlcNAc,0.005985093,0.01983973,0,0,0.414065954,0.122290219,0.017084575,0.016357399,0.008260938,0.0022986,0,0,0,0,0.002710854,0.020294214,0.615504989,0,0,0.28008248,0.483048706,0.275343627,0,0.581084194
Fuc(a1-2)Gal(b1-3/4)GlcNAc(b1-3)Gal(b1-3/4)GlcNAc(b1-3)[Neu5Ac(a2-3/6)Gal(b1-3/4)GlcNAc(b1-3)Gal(b1-3/4)GlcNAc(b1-3)]Gal(b1-3)[Gal(b1-3/4)GlcNAc(b1-6)]GalNAc,0.218813412,0,0.189358994,0,0,0,0.213511125,0.165188584,0,0,0,0.226505925,0.279276801,0,0,0.119614766,0.018581246,0,0,0,0,0.16997293,0,0
Fuc(a1-2)Gal(b1-3/4)GlcNAc(b1-3)Gal(b1-3/4)GlcNAc(b1-3)[Neu5Ac(a2-3/6)Gal(b1-3/4)GlcNAc(b1-3)Gal(b1-3/4)GlcNAc(b1-3)]Gal(b1-3)[Gal(b1-3/4)GlcNAc(b1-6)]GalNAc,0.005644453,0.024737774,0.018614956,0.036514313,0,0.068676906,0.057054197,0,0.084417844,0.115310278,0,0.042547977,0.210897024,0,0,0.010321235,0.071086433,0,0,0.064305309,0.068170736,0.093295404,0,0.140195325
