Glycan,Interstitial_fluid,Whole_plasma
Fuc(a1-2)[GalNAc(a1-3)]Gal(b1-4)GlcNAc(b1-3)Gal(b1-4)Glc,0.262826976,0.265970493
Man(a1-2/3/6)Man(a1-3/6)[Man(a1-3/6)]Man(b1-4)GlcNAc(b1-4)GlcNAc,0.308708409,0.31229732
GlcNAc(b1-2)Man(a1-3/6)[Man(a1-3/6)]Man(b1-4)GlcNAc(b1-4)[Fuc(a1-6)]GlcNAc,0.322869346,0.328102944
Fuc(a1-2)[GalNAc(a1-3)]Gal(b1-4)GlcNAc(b1-3)Gal(b1-4)GlcNAc(b1-3)Gal(b1-4)Glc,0.339862469,0.345543632
Gal(b1-3/4)GlcNAc(b1-2)Man(a1-3/6)[Man(a1-3/6)]Man(b1-4)GlcNAc(b1-4)GlcNAc,0.38404459,0.387510287
GlcNAc(b1-2)Man(a1-3)[GlcNAc(b1-2)Man(a1-6)][GlcNAc(b1-4)]Man(b1-4)GlcNAc(b1-4)GlcNAc,0.405002776,0.410946212
Gal(b1-3/4)GlcNAc(b1-2)Man(a1-3/6)[Man(a1-3/6)]Man(b1-4)GlcNAc(b1-4)GlcNAc,0.399338401,0.407676083
GlcNAc(b1-2)Man(a1-3)[GlcNAc(b1-2)Man(a1-6)]Man(b1-4)GlcNAc(b1-4)[Fuc(a1-6)]GlcNAc,0.412366462,0.415306384
{Man(a1-?)}{Man(a1-?)}Man(a1-3)[Man(a1-6)]Man(b1-4)GlcNAc(b1-4)GlcNAc,0.465045145,0.469808534
GlcNAc(b1-2)Man(a1-3)[GlcNAc(b1-2)Man(a1-6)][GlcNAc(b1-4)]Man(b1-4)GlcNAc(b1-4)[Fuc(a1-6)]GlcNAc,0.482038269,0.488339265
Gal(b1-3/4)GlcNAc(b1-2)Man(a1-3/6)[Man(a1-3/6)]Man(b1-4)GlcNAc(b1-4)[Fuc(a1-6)]GlcNAc,0,0.46490334
Gal(b1-3/4)GlcNAc(b1-2)Man(a1-3/6)[GlcNAc(b1-2)Man(a1-3/6)]Man(b1-4)GlcNAc(b1-4)GlcNAc,0.482604706,0.483979093
Gal(b1-3/4)GlcNAc(b1-2)Man(a1-3/6)[GlcNAc(b1-2)Man(a1-3/6)]Man(b1-4)GlcNAc(b1-4)GlcNAc,0.501863579,0.505234932
Gal(b1-3/4)GlcNAc(b1-2)Man(a1-3/6)[GlcNAc(b1-2)Man(a1-3/6)][GlcNAc(b1-4)]Man(b1-4)GlcNAc(b1-4)GlcNAc,0.547178575,0.549926695
Gal(b1-3/4)GlcNAc(b1-2)Man(a1-3/6)[GlcNAc(b1-2)Man(a1-3/6)]Man(b1-4)GlcNAc(b1-4)[Fuc(a1-6)]GlcNAc,0.564738136,0.56627734
Gal(b1-3/4)GlcNAc(b1-2)Man(a1-3/6)[GlcNAc(b1-2)Man(a1-3/6)][GlcNAc(b1-4)]Man(b1-4)GlcNAc(b1-4)GlcNAc,0.564738136,0.57009249
{Man(a1-?)}Gal(b1-3/4)GlcNAc(b1-2)Man(a1-3/6)[Man(a1-3/6)]Man(b1-4)GlcNAc(b1-4)GlcNAc,0,0.562462189
Gal(b1-3/4)GlcNAc(b1-2)Man(a1-3/6)[GlcNAc(b1-2)Man(a1-3/6)]Man(b1-4)GlcNAc(b1-4)[Fuc(a1-6)]GlcNAc,0.593626446,0.594073436
Gal(b1-3/4)GlcNAc(b1-2)Man(a1-3/6)[GlcNAc(b1-2)Man(a1-3/6)][GlcNAc(b1-4)]Man(b1-4)GlcNAc(b1-4)[Fuc(a1-6)]GlcNAc,0.632144192,0.630044855
Gal(b1-3/4)GlcNAc(b1-2)Man(a1-3/6)[GlcNAc(b1-2)Man(a1-3/6)][GlcNAc(b1-4)]Man(b1-4)GlcNAc(b1-4)[Fuc(a1-6)]GlcNAc,0.657633877,0.654025801
{Man(a1-?)}{Man(a1-?)}{Man(a1-?)}Man(a1-3)[Man(a1-6)]Man(b1-4)GlcNAc(b1-4)GlcNAc,0.656501003,0.650210651
Neu5Ac(a2-3/6)Gal(b1-3/4)GlcNAc(b1-2)Man(a1-3/6)[Man(a1-3/6)]Man(b1-4)GlcNAc(b1-4)GlcNAc,0.668962626,0.662201124
Gal(b1-3/4)GlcNAc(b1-2)Man(a1-3)[Gal(b1-3/4)GlcNAc(b1-2)Man(a1-6)]Man(b1-4)GlcNAc(b1-4)GlcNAc,0.680291375,0.672556532
Neu5Ac(a2-3/6)Gal(b1-3/4)GlcNAc(b1-2)Man(a1-3/6)[Man(a1-3/6)]Man(b1-4)GlcNAc(b1-4)GlcNAc,0.694452312,0.686727091
Gal(b1-3/4)GlcNAc(b1-2)Man(a1-3)[Gal(b1-3/4)GlcNAc(b1-2)Man(a1-6)][GlcNAc(b1-4)]Man(b1-4)GlcNAc(b1-4)GlcNAc,0.734102933,0.724878596
{Man(a1-?)}{Man(a1-?)}Gal(b1-3/4)GlcNAc(b1-2)Man(a1-3/6)[Man(a1-3/6)]Man(b1-4)GlcNAc(b1-4)GlcNAc,0.776019304,0.761395037
Gal(b1-3/4)GlcNAc(b1-2)Man(a1-3)[Gal(b1-3/4)GlcNAc(b1-2)Man(a1-6)]Man(b1-4)GlcNAc(b1-4)[Fuc(a1-6)]GlcNAc,0.776019304,0.761395037
Neu5Ac(a2-3/6)Gal(b1-3/4)GlcNAc(b1-2)Man(a1-3/6)[GlcNAc(b1-2)Man(a1-3/6)]Man(b1-4)GlcNAc(b1-4)GlcNAc,0.781117241,0.761395037
Neu5Ac(a2-3/6)Gal(b1-3/4)GlcNAc(b1-2)Man(a1-3/6)[GlcNAc(b1-2)Man(a1-3/6)]Man(b1-4)GlcNAc(b1-4)GlcNAc,0.811138426,0.793551306
Neu5Ac(a2-3/6)Gal(b1-3/4)GlcNAc(b1-2)Man(a1-3/6)[Man(a1-3/6)]Man(b1-4)GlcNAc(b1-4)[Fuc(a1-6)]GlcNAc,0,0.781560833
Gal(b1-3/4)GlcNAc(b1-2)Man(a1-3)[Gal(b1-3/4)GlcNAc(b1-2)Man(a1-6)][GlcNAc(b1-4)]Man(b1-4)GlcNAc(b1-4)[Fuc(a1-6)]GlcNAc,0,0.808811908
{Man(a1-?)}{Man(a1-?)}{Man(a1-?)}{Man(a1-?)}Man(a1-3)[Man(a1-6)]Man(b1-4)GlcNAc(b1-4)GlcNAc,0.843991798,0.823527488
Neu5Ac(a2-3/6)Gal(b1-3/4)GlcNAc(b1-2)Man(a1-3/6)[GlcNAc(b1-2)Man(a1-3/6)][GlcNAc(b1-4)]Man(b1-4)GlcNAc(b1-4)GlcNAc,0.833229486,0.81698723
Neu5Ac(a2-3/6)Gal(b1-3/4)GlcNAc(b1-2)Man(a1-3/6)[GlcNAc(b1-2)Man(a1-3/6)][GlcNAc(b1-4)]Man(b1-4)GlcNAc(b1-4)GlcNAc,0.90120198,0.875849552
Neu5Ac(a2-3/6)Gal(b1-3/4)GlcNAc(b1-2)Man(a1-3/6)[GlcNAc(b1-2)Man(a1-3/6)]Man(b1-4)GlcNAc(b1-4)[Fuc(a1-6)]GlcNAc,0.874012983,0.852958649
{Man(a1-?)}Neu5Ac(a2-3/6)Gal(b1-3/4)GlcNAc(b1-2)Man(a1-3/6)[Man(a1-3/6)]Man(b1-4)GlcNAc(b1-4)GlcNAc,0,0.86767423
{Man(a1-?)}{Man(a1-?)}{Man(a1-?)}{Man(a1-?)}Man(a1-3)[Man(a1-6)]Man(b1-4)GlcNAc(b1-4)GlcNAc,0.876278733,0.850778563
Neu5Ac(a2-3/6)Gal(b1-3/4)GlcNAc(b1-2)Man(a1-3/6)[GlcNAc(b1-2)Man(a1-3/6)]Man(b1-4)GlcNAc(b1-4)[Fuc(a1-6)]GlcNAc,0.912530729,0.887840025
Neu5Ac(a2-3/6)Gal(b1-3/4)GlcNAc(b1-2)Man(a1-3/6)[GlcNAc(b1-2)Man(a1-3/6)][GlcNAc(b1-4)]Man(b1-4)GlcNAc(b1-4)[Fuc(a1-6)]GlcNAc,0,0.895470326
Neu5Ac(a2-3/6)Gal(b1-3/4)GlcNAc(b1-2)Man(a1-3/6)[GlcNAc(b1-2)Man(a1-3/6)][GlcNAc(b1-4)]Man(b1-4)GlcNAc(b1-4)[Fuc(a1-6)]GlcNAc,0.995797034,0.9657781
Neu5Ac(a2-3/6)Gal(b1-3/4)GlcNAc(b1-2)Man(a1-3/6)[Gal(b1-3/4)GlcNAc(b1-2)Man(a1-3/6)]Man(b1-4)GlcNAc(b1-4)GlcNAc,0.995797034,0.9657781
Gal(b1-3/4)GlcNAc(b1-2)Man(a1-3/6)[Gal(b1-3/4)GlcNAc(b1-?)[Gal(b1-3/4)GlcNAc(b1-?)]Man(a1-3/6)]Man(b1-4)GlcNAc(b1-4)GlcNAc,1.027517531,0.993574197
Neu5Ac(a2-3/6)Gal(b1-3/4)GlcNAc(b1-2)Man(a1-3/6)[Gal(b1-3/4)GlcNAc(b1-2)Man(a1-3/6)][GlcNAc(b1-4)]Man(b1-4)GlcNAc(b1-4)GlcNAc,1.07000034,1.036630895
{Man(a1-?)}{Man(a1-?)}Neu5Ac(a2-3/6)Gal(b1-3/4)GlcNAc(b1-2)Man(a1-3/6)[Man(a1-3/6)]Man(b1-4)GlcNAc(b1-4)GlcNAc,1.09435715,1.06006682
Gal(b1-3/4)GlcNAc(b1-2)Man(a1-3/6)[Gal(b1-3/4)GlcNAc(b1-?)[Gal(b1-3/4)GlcNAc(b1-?)]Man(a1-3/6)]Man(b1-4)GlcNAc(b1-4)[Fuc(a1-6)]GlcNAc,1.113049586,1.076417465
{Man(a1-?)}{Man(a1-?)}{Man(a1-?)}{Man(a1-?)}{Man(a1-?)}Man(a1-3)[Man(a1-6)]Man(b1-4)GlcNAc(b1-4)GlcNAc,1.090392088,1.05298154
Neu5Ac(a2-3/6)Gal(b1-3/4)GlcNAc(b1-2)Man(a1-3/6)[Gal(b1-3/4)GlcNAc(b1-2)Man(a1-3/6)]Man(b1-4)GlcNAc(b1-4)GlcNAc,1.090392088,1.064426992
Neu5Ac(a2-3/6)Gal(b1-3/4)GlcNAc(b1-2)Man(a1-3/6)[Gal(b1-3/4)GlcNAc(b1-2)Man(a1-3/6)]Man(b1-4)GlcNAc(b1-4)[Fuc(a1-6)]GlcNAc,1.090392088,1.056796691
{Man(a1-?)}{Man(a1-?)}{Man(a1-?)}{Man(a1-?)}{Man(a1-?)}Man(a1-3)[Man(a1-6)]Man(b1-4)GlcNAc(b1-4)GlcNAc,1.117581086,1.080777637
Neu5Ac(a2-3/6)Gal(b1-3/4)GlcNAc(b1-2)Man(a1-3/6)[Gal(b1-3/4)GlcNAc(b1-2)Man(a1-3/6)][GlcNAc(b1-4)]Man(b1-4)GlcNAc(b1-4)[Fuc(a1-6)]GlcNAc,1.156098832,1.116204034
Neu5Ac(a2-3/6)Gal(b1-3/4)[Fuc(a1-3/4)]GlcNAc(b1-2)Man(a1-3/6)[Gal(b1-3/4)GlcNAc(b1-2)Man(a1-3/6)]Man(b1-4)GlcNAc(b1-4)GlcNAc,1.164028956,1.124379357
Neu5Ac(a2-3/6)Gal(b1-3/4)GlcNAc(b1-2)Man(a1-3)[Neu5Ac(a2-3/6)Gal(b1-3/4)GlcNAc(b1-2)Man(a1-6)]Man(b1-4)GlcNAc(b1-4)GlcNAc,1.214441889,1.169616141
Neu5Ac(a2-3/6)Gal(b1-3/4)GlcNAc(b1-2)Man(a1-3)[Neu5Ac(a2-3/6)Gal(b1-3/4)GlcNAc(b1-2)Man(a1-6)]Man(b1-4)GlcNAc(b1-4)[Fuc(a1-6)]GlcNAc,1.194050141,1.153810518
Neu5Ac(a2-3/6)Gal(b1-3/4)GlcNAc(b1-2)Man(a1-3)[Neu5Ac(a2-3/6)Gal(b1-3/4)GlcNAc(b1-2)Man(a1-6)]Man(b1-4)GlcNAc(b1-4)GlcNAc,1.303939006,1.251369367
Man(a1-2)Man(a1-2)Man(a1-3)[Man(a1-2)Man(a1-3)[Man(a1-2)Man(a1-6)]Man(a1-6)]Man(b1-4)GlcNAc(b1-4)GlcNAc,1.259190448,0
Neu5Ac(a2-3/6)Gal(b1-3/4)GlcNAc(b1-?)[Gal(b1-3/4)GlcNAc(b1-?)]Man(a1-3/6)[Gal(b1-3/4)GlcNAc(b1-2)Man(a1-3/6)]Man(b1-4)GlcNAc(b1-4)GlcNAc,1.311302693,1.261179754
Neu5Ac(a2-3/6)Gal(b1-3/4)GlcNAc(b1-?)[Gal(b1-3/4)GlcNAc(b1-?)]Man(a1-3/6)[Gal(b1-3/4)GlcNAc(b1-2)Man(a1-3/6)]Man(b1-4)GlcNAc(b1-4)[Fuc(a1-6)]GlcNAc,1.303939006,1.243194044
Neu5Ac(a2-3/6)Gal(b1-3/4)GlcNAc(b1-2)Man(a1-3)[Neu5Ac(a2-3/6)Gal(b1-3/4)GlcNAc(b1-2)Man(a1-6)][GlcNAc(b1-4)]Man(b1-4)GlcNAc(b1-4)GlcNAc,1.34755469,1.300421302
Neu5Ac(a2-3/6)Gal(b1-3/4)[Fuc(a1-3/4)]GlcNAc(b1-?)[Gal(b1-3/4)GlcNAc(b1-?)]Man(a1-3/6)[Gal(b1-3/4)GlcNAc(b1-2)Man(a1-3/6)]Man(b1-4)GlcNAc(b1-4)GlcNAc,1.382673811,1.336392721
Neu5Ac(a2-3/6)Gal(b1-3/4)GlcNAc(b1-2)Man(a1-3)[Neu5Ac(a2-3/6)Gal(b1-3/4)GlcNAc(b1-2)Man(a1-6)]Man(b1-4)GlcNAc(b1-4)[Fuc(a1-6)]GlcNAc,1.386072436,1.329307441
Neu5Ac(a2-3/6)Gal(b1-3/4)GlcNAc(b1-2)Man(a1-3)[Neu5Ac(a2-3/6)Gal(b1-3/4)GlcNAc(b1-2)Man(a1-6)][GlcNAc(b1-4)]Man(b1-4)GlcNAc(b1-4)[Fuc(a1-6)]GlcNAc,1.416660058,1.363098774
Neu5Ac(a2-3/6)Gal(b1-3/4)[Fuc(a1-3/4)]GlcNAc(b1-2)Man(a1-3/6)[Neu5Ac(a2-3/6)Gal(b1-3/4)GlcNAc(b1-2)Man(a1-3/6)]Man(b1-4)GlcNAc(b1-4)GlcNAc,1.460275742,1.399070193
{Man(a1-?)}{Man(a1-?)}{Man(a1-?)}{Man(a1-?)}{Man(a1-?)}{Man(a1-?)}Man(a1-3)[Man(a1-6)]Man(b1-4)GlcNAc(b1-4)GlcNAc,1.401932685,1.375089247
Neu5Ac(a2-3/6)Gal(b1-3/4)GlcNAc(b1-?)[Gal(b1-3/4)GlcNAc(b1-?)]Man(a1-3/6)[Neu5Ac(a2-3/6)Gal(b1-3/4)GlcNAc(b1-2)Man(a1-3/6)]Man(b1-4)GlcNAc(b1-4)GlcNAc,1.443282618,1.38707972
Neu5Ac(a2-3/6)Gal(b1-3/4)GlcNAc(b1-?)[Gal(b1-3/4)GlcNAc(b1-?)]Man(a1-3/6)[Neu5Ac(a2-3/6)Gal(b1-3/4)GlcNAc(b1-2)Man(a1-3/6)]Man(b1-4)GlcNAc(b1-4)[Fuc(a1-6)]GlcNAc,1.460275742,1.406155473
Neu5Ac(a2-3/6)Gal(b1-3/4)GlcNAc(b1-?)[Gal(b1-3/4)GlcNAc(b1-?)]Man(a1-3/6)[Neu5Ac(a2-3/6)Gal(b1-3/4)GlcNAc(b1-2)Man(a1-3/6)]Man(b1-4)GlcNAc(b1-4)GlcNAc,1.530513985,1.46338273
Neu5Ac(a2-3/6)Gal(b1-3/4)GlcNAc(b1-2)Man(a1-3/6)[Neu5Ac(a2-3/6)Gal(b1-3/4)GlcNAc(b1-?)[Neu5Ac(a2-3/6)Gal(b1-3/4)GlcNAc(b1-?)]Man(a1-3/6)]Man(b1-4)GlcNAc(b1-4)GlcNAc,1.600752229,1.539685741
Neu5Ac(a2-3/6)Gal(b1-3/4)[Fuc(a1-3/4)]GlcNAc(b1-?)[Gal(b1-3/4)GlcNAc(b1-?)]Man(a1-3/6)[Neu5Ac(a2-3/6)Gal(b1-3/4)GlcNAc(b1-2)Man(a1-3/6)]Man(b1-4)GlcNAc(b1-4)GlcNAc,1.530513985,1.467742902
Neu5Ac(a2-3/6)Gal(b1-3/4)GlcNAc(b1-2)Man(a1-3/6)[Neu5Ac(a2-3/6)Gal(b1-3/4)GlcNAc(b1-?)[Neu5Ac(a2-3/6)Gal(b1-3/4)GlcNAc(b1-?)]Man(a1-3/6)]Man(b1-4)GlcNAc(b1-4)GlcNAc,1.630773414,1.56475673
Neu5Ac(a2-3/6)Gal(b1-3/4)GlcNAc(b1-2)Man(a1-3/6)[Neu5Ac(a2-3/6)Gal(b1-3/4)GlcNAc(b1-?)[Neu5Ac(a2-3/6)Gal(b1-3/4)GlcNAc(b1-?)]Man(a1-3/6)]Man(b1-4)GlcNAc(b1-4)[Fuc(a1-6)]GlcNAc,1.684018534,1.618168837
Neu5Ac(a2-3/6)Gal(b1-3/4)GlcNAc(b1-2)Man(a1-3/6)[Neu5Ac(a2-3/6)Gal(b1-3/4)GlcNAc(b1-?)[Neu5Ac(a2-3/6)Gal(b1-3/4)GlcNAc(b1-?)]Man(a1-3/6)][GlcNAc(b1-4)]Man(b1-4)GlcNAc(b1-4)[Fuc(a1-6)]GlcNAc,1.716305468,1.646509955
Neu5Ac(a2-3/6)Gal(b1-3/4)GlcNAc(b1-?)[Gal(b1-3/4)GlcNAc(b1-?)]Man(a1-3)[Neu5Ac(a2-3/6)Gal(b1-3/4)GlcNAc(b1-?)[Gal(b1-3/4)GlcNAc(b1-?)]Man(a1-6)]Man(b1-4)GlcNAc(b1-4)GlcNAc,1.659095286,1.594187891
Neu5Ac(a2-3/6)Gal(b1-3/4)GlcNAc(b1-2)Man(a1-3/6)[Neu5Ac(a2-3/6)Gal(b1-3/4)GlcNAc(b1-?)[Neu5Ac(a2-3/6)Gal(b1-3/4)GlcNAc(b1-?)]Man(a1-3/6)]Man(b1-4)GlcNAc(b1-4)GlcNAc,1.667591848,1.602363213
Neu5Ac(a2-3/6)Gal(b1-3/4)GlcNAc(b1-2)Man(a1-3/6)[Neu5Ac(a2-3/6)Gal(b1-3/4)GlcNAc(b1-?)[Neu5Ac(a2-3/6)Gal(b1-3/4)GlcNAc(b1-?)]Man(a1-3/6)]Man(b1-4)GlcNAc(b1-4)[Fuc(a1-6)]GlcNAc,1.712340406,1.646509955
Neu5Ac(a2-3/6)Gal(b1-3/4)GlcNAc(b1-2)Man(a1-3/6)[Neu5Ac(a2-3/6)Gal(b1-3/4)GlcNAc(b1-?)[Neu5Ac(a2-3/6)Gal(b1-3/4)GlcNAc(b1-?)]Man(a1-3/6)]Man(b1-4)GlcNAc(b1-4)GlcNAc,1.739529404,1.670490901
Neu5Ac(a2-3/6)Gal(b1-3/4)[Fuc(a1-3/4)]GlcNAc(b1-?)[Neu5Ac(a2-3/6)Gal(b1-3/4)GlcNAc(b1-?)]Man(a1-3/6)[Neu5Ac(a2-3/6)Gal(b1-3/4)GlcNAc(b1-2)Man(a1-3/6)]Man(b1-4)GlcNAc(b1-4)GlcNAc,1.744060903,1.674306051
Neu5Ac(a2-3/6)Gal(b1-3/4)GlcNAc(b1-2)Man(a1-3/6)[Neu5Ac(a2-3/6)Gal(b1-3/4)GlcNAc(b1-?)[Neu5Ac(a2-3/6)Gal(b1-3/4)GlcNAc(b1-?)]Man(a1-3/6)][GlcNAc(b1-4)]Man(b1-4)GlcNAc(b1-4)[Fuc(a1-6)]GlcNAc,1.773515651,1.702647169
Neu5Ac(a2-3/6)Gal(b1-3/4)GlcNAc(b1-?)[Gal(b1-3/4)GlcNAc(b1-?)]Man(a1-3/6)[Neu5Ac(a2-3/6)Gal(b1-3/4)GlcNAc(b1-?)[Neu5Ac(a2-3/6)Gal(b1-3/4)GlcNAc(b1-?)]Man(a1-3/6)]Man(b1-4)GlcNAc(b1-4)GlcNAc,1.762186902,1.694471847
Neu5Ac(a2-3/6)Gal(b1-3/4)[Fuc(a1-3/4)]GlcNAc(b1-?)[Neu5Ac(a2-3/6)Gal(b1-3/4)GlcNAc(b1-?)]Man(a1-3/6)[Neu5Ac(a2-3/6)Gal(b1-3/4)GlcNAc(b1-2)Man(a1-3/6)]Man(b1-4)GlcNAc(b1-4)GlcNAc,1.766718401,1.698286997
Neu5Ac(a2-3/6)Gal(b1-3/4)GlcNAc(b1-?)[Gal(b1-3/4)GlcNAc(b1-?)]Man(a1-3/6)[Neu5Ac(a2-3/6)Gal(b1-3/4)GlcNAc(b1-?)[Neu5Ac(a2-3/6)Gal(b1-3/4)GlcNAc(b1-?)]Man(a1-3/6)]Man(b1-4)GlcNAc(b1-4)GlcNAc,1.771249901,1.707007341
Neu5Ac(a2-3/6)Gal(b1-3/4)[Fuc(a1-3/4)]GlcNAc(b1-?)[Neu5Ac(a2-3/6)Gal(b1-3/4)GlcNAc(b1-?)]Man(a1-3/6)[Neu5Ac(a2-3/6)Gal(b1-3/4)GlcNAc(b1-?)[GlcNAc(b1-?)]Man(a1-3/6)]Man(b1-4)GlcNAc(b1-4)GlcNAc,1.773515651,1.702647169
Neu5Ac(a2-3/6)Gal(b1-3/4)[Fuc(a1-3/4)]GlcNAc(b1-?)[Neu5Ac(a2-3/6)Gal(b1-3/4)[Fuc(a1-3/4)]GlcNAc(b1-?)]Man(a1-3/6)[Neu5Ac(a2-3/6)Gal(b1-3/4)GlcNAc(b1-2)Man(a1-3/6)]Man(b1-4)GlcNAc(b1-4)GlcNAc,1.7848444,1.715182664
Neu5Ac(a2-3/6)Gal(b1-3/4)GlcNAc(b1-?)[Neu5Ac(a2-3/6)Gal(b1-3/4)GlcNAc(b1-?)]Man(a1-3)[Neu5Ac(a2-3/6)Gal(b1-3/4)GlcNAc(b1-?)[Neu5Ac(a2-3/6)Gal(b1-3/4)GlcNAc(b1-?)]Man(a1-6)]Man(b1-4)GlcNAc(b1-4)GlcNAc,1.86018058,1.786035459
Neu5Ac(a2-3/6)Gal(b1-3/4)[Fuc(a1-3/4)]GlcNAc(b1-?)[Neu5Ac(a2-3/6)Gal(b1-3/4)[Fuc(a1-3/4)]GlcNAc(b1-?)]Man(a1-3/6)[Neu5Ac(a2-3/6)Gal(b1-3/4)GlcNAc(b1-2)Man(a1-3/6)]Man(b1-4)GlcNAc(b1-4)GlcNAc,1.7848444,1.715182664
Neu5Ac(a2-3/6)Gal(b1-3/4)GlcNAc(b1-?)[Neu5Ac(a2-3/6)Gal(b1-3/4)GlcNAc(b1-?)]Man(a1-3)[Neu5Ac(a2-3/6)Gal(b1-3/4)GlcNAc(b1-?)[Neu5Ac(a2-3/6)Gal(b1-3/4)GlcNAc(b1-?)]Man(a1-6)]Man(b1-4)GlcNAc(b1-4)GlcNAc,1.89133464,1.819826792
Neu5Ac(a2-3/6)Gal(b1-3/4)GlcNAc(b1-?)[Neu5Ac(a2-3/6)Gal(b1-3/4)GlcNAc(b1-?)]Man(a1-3)[Neu5Ac(a2-3/6)Gal(b1-3/4)GlcNAc(b1-?)[Neu5Ac(a2-3/6)Gal(b1-3/4)GlcNAc(b1-?)]Man(a1-6)]Man(b1-4)GlcNAc(b1-4)GlcNAc,1.917390763,1.843262717
Neu5Ac(a2-3/6)Gal(b1-3/4)GlcNAc(b1-?)[Neu5Ac(a2-3/6)Gal(b1-3/4)GlcNAc(b1-?)]Man(a1-3)[Neu5Ac(a2-3/6)Gal(b1-3/4)GlcNAc(b1-?)[Neu5Ac(a2-3/6)Gal(b1-3/4)GlcNAc(b1-?)]Man(a1-6)]Man(b1-4)GlcNAc(b1-4)GlcNAc,1.937216073,1.860703405
Neu5Ac(a2-3/6)Gal(b1-3/4)GlcNAc(b1-?)[Neu5Ac(a2-3/6)Gal(b1-3/4)GlcNAc(b1-?)]Man(a1-3)[Neu5Ac(a2-3/6)Gal(b1-3/4)GlcNAc(b1-?)[Neu5Ac(a2-3/6)Gal(b1-3/4)GlcNAc(b1-?)]Man(a1-6)]Man(b1-4)GlcNAc(b1-4)[Fuc(a1-6)]GlcNAc,1.902096951,1.828002115
Neu5Ac(a2-3/6)Gal(b1-3/4)[Fuc(a1-3/4)]GlcNAc(b1-?)[Neu5Ac(a2-3/6)Gal(b1-3/4)GlcNAc(b1-?)]Man(a1-3/6)[Neu5Ac(a2-3/6)Gal(b1-3/4)GlcNAc(b1-?)[Neu5Ac(a2-3/6)Gal(b1-3/4)GlcNAc(b1-?)]Man(a1-3/6)]Man(b1-4)GlcNAc(b1-4)GlcNAc,1.937216073,1.856343233
Neu5Ac(a2-3/6)Gal(b1-3/4)[Fuc(a1-3/4)]GlcNAc(b1-?)[Neu5Ac(a2-3/6)Gal(b1-3/4)[Fuc(a1-3/4)]GlcNAc(b1-?)]Man(a1-3/6)[Neu5Ac(a2-3/6)Gal(b1-3/4)GlcNAc(b1-?)[Neu5Ac(a2-3/6)Gal(b1-3/4)GlcNAc(b1-?)]Man(a1-3/6)]Man(b1-4)GlcNAc(b1-4)GlcNAc,1.932684574,1.860703405
Neu5Ac(a2-3/6)Gal(b1-3/4)[Fuc(a1-3/4)]GlcNAc(b1-?)[Neu5Ac(a2-3/6)Gal(b1-3/4)GlcNAc(b1-?)]Man(a1-3/6)[Neu5Ac(a2-3/6)Gal(b1-3/4)[Fuc(a1-3/4)]GlcNAc(b1-?)[Neu5Ac(a2-3/6)Gal(b1-3/4)[Fuc(a1-3/4)]GlcNAc(b1-?)]Man(a1-3/6)]Man(b1-4)GlcNAc(b1-4)GlcNAc,1.974034507,1.899944953
Gal(b1-3/4)GlcNAc(b1-?)Neu5Ac(a2-3/6)Gal(b1-3/4)GlcNAc(b1-?)[Neu5Ac(a2-3/6)Gal(b1-3/4)GlcNAc(b1-?)]Man(a1-3/6)[Neu5Ac(a2-3/6)Gal(b1-3/4)GlcNAc(b1-?)[Neu5Ac(a2-3/6)Gal(b1-3/4)GlcNAc(b1-?)]Man(a1-3/6)]Man(b1-4)GlcNAc(b1-4)GlcNAc,1.97799957,1.903760103
