glycan,SC_160320_EC_2_NG,SC_300620_EC_5_NG,SC_300620_EC_32_NG,SC_300620_EC_34_NG,SC_300620_EC_37_NG,SC_160320_EC_39_NG,SC_160320_EC_42_NG,SC_160320_EC_43_NG,SC_160320_EC_45_NG,SC_160320_EC_55_NG,SC_160320_EC_64_NG,SC_300620_PA_51_NG,SC_300620_PA_56_NG,SC_300620_PA_63_NG,SC_300620_PA_71_NG,SC_300620_PA_83_NG,SC_300620_SA_9_NG,SC_300620_SA_11_NG,SC_300620_SA_15_NG,SC_300620_SA_23_NG,SC_300620_SA_27_NG,SC_300620_SA_38_NG,SC_300620_SA_44_NG,SC_300620_SA_49_NG,SC_300620_SA_60_NG,SC_300620_SA_62_NG,SC_300620_SA_81_NG,SC_160320_SV_8_NG,SC_160320_SV_47_NG,SC_160320_SV_57_NG,SC_160320_SV_69_NG,SC_160320_SV_75_NG,SC_180320_HV_9F_NG,SC_300620_HV_11F_NG,SC_300620_HV_14F_NG,SC_300620_HV_18F_NG,SC_300620_HV_21F_NG,SC_300620_HV_22F_NG,SC_180320_HV_24F_NG,SC_180320_HV_26F_NG,SC_180320_HV_30F_NG,SC_300620_HV_35F_NG,SC_300620_HV_41F_NG,SC_180320_HV_49F_NG,SC_300620_HV_52F_NG,SC_180320_HV_59F_NG,SC_180320_HV_64F_NG,SC_300620_HV_79F_NG,SC_180320_HV_87F_NG,SC_180320_HV_89F_NG,SC_300620_HV_90F_NG,SC_180320_HV_1M_NG,SC_300620_HV_2M_NG,SC_180320_HV_6M_NG,SC_300620_HV_8M_NG,SC_180320_HV_10M_NG,SC_300620_HV_12M_NG,SC_180320_HV_28M_NG,SC_180320_HV_34M_NG,SC_300620_HV_39M_NG,SC_180320_HV_44M_NG,SC_180320_HV_45M_NG,SC_180320_HV_46M_NG,SC_300620_HV_57M_NG,SC_180320_HV_70M_NG,SC_300620_HV_72M_NG,SC_180320_HV_73M_NG,SC_300620_HV_77M_NG,SC_180320_HV_88M_NG,SC_300620_HV_92M_NG,SC_300620_ HV_100M_NG
Man(a1-3)[Man(a1-6)]Man(a1-6)[Man(a1-3)]Man(b1-4)GlcNAc(b1-4)GlcNAc,0.209692517,0.332103864,0.280563902,0.297751449,0.287057116,0.275430912,0.292831277,0.270554188,0.232173088,0.205745797,0.29443341,0.394386849,0.141091795,0.235223026,0.13774468,0.218425972,0.254284334,0.231962999,0.238703445,0.272634883,0.253568881,0.210050554,0.111226866,0.291737369,0.205972942,0.21983421,0.209688876,0.295271436,0.2065451,0.357335477,0.197929669,0.387454004,0.482784007,0.671412284,0.213036215,0.362051351,0.248059939,0.237158353,0.538567012,0.315325543,0.666642915,0.271955603,0.356697436,0.540168831,0.325421884,0.517425573,0.424916803,0.257059389,0.574605516,0.632441491,0.299534723,0.701174083,0.300782905,0.474515818,0.217611738,0.445334015,0.339822823,0.593640341,0.211471061,0.515456665,0.375372496,0.48448027,0.478706179,0.286933745,0.556235094,0.328035303,0.513704392,0.392963975,0.507332114,0.449245067,0.346291497
Man(a1-2)Man(a1-3)[Man(a1-3)[Man(a1-6)]Man(a1-6)]Man(b1-4)GlcNAc(b1-4)GlcNAc,0.925165662,1.692994863,1.503152445,1.773514857,1.321658095,1.373676647,1.937708085,0.758922571,1.213721463,0.883064909,1.157608912,1.639948783,0.408140661,1.226112425,0.90912732,1.182516238,1.101900889,1.046426744,1.393190968,2.124701941,1.483415884,0.783126432,1.438291198,1.481863263,1.886596968,1.296430534,1.662838735,1.522592121,1.557305185,1.830221982,1.851054877,1.063102666,2.253757779,2.48668798,1.691965635,1.508655287,1.251317634,1.59575675,3.098357402,2.767749099,3.224171958,1.674488787,1.88622097,2.525824095,1.844372302,2.220941136,1.639602504,1.290006019,2.093093534,1.534565006,1.325134669,3.433513359,2.145920595,2.592997499,1.222692841,2.10266994,1.556384272,2.779547719,1.831212853,2.823693642,2.086105028,2.389377542,2.231345115,1.918213295,2.128085048,1.459225223,2.220032508,1.857024751,1.69915859,1.496657678,1.496922851
Man(a1-2)Man(a1-2)Man(a1-3)[Man(a1-3)[Man(a1-6)]Man(a1-6)]Man(b1-4)GlcNAc(b1-4)GlcNAc,0.428598328,0.747621948,0.383461365,0.446275199,0.391671918,0.393329245,0.624765018,0.627458708,0.37706316,0.560176473,0.476974619,0.967502643,0.234874464,0.41069747,0.283436403,0.475819202,0.534316764,0.424113229,0.292887756,0.366754028,0.355012703,0.650568634,0.330809388,0.565575383,0.4652386,0.601100181,0.450182444,0.683088187,0.458277038,0.535542999,0.364441569,0.594246653,0.685552777,0.866358914,0.692699638,0.604382276,0.430685217,0.406882771,0.932186208,0.935192198,1.110551534,0.576921152,0.562904056,0.808080418,0.503512283,0.733658539,0.631710128,0.497351935,1.01661263,0.743493305,0.486736868,0.795079579,0.788275766,1.006768598,0.522819866,0.720029491,0.400361089,0.974725622,0.829880497,1.000778233,0.77788708,0.635683923,0.813435893,0.75017238,0.794890656,0.669416993,0.645804817,0.559696614,0.948613494,0.52675451,0.608322696
Man(a1-2)Man(a1-2)Man(a1-3)[Man(a1-2)Man(a1-3/6)[Man(a1-3/6)]Man(a1-6)]Man(b1-4)GlcNAc(b1-4)GlcNAc,0.643726493,1.095489526,0.615172898,0.578371458,0.567441155,0.58802256,0.832879081,0.618322604,0.609010067,0.558503408,0.64797295,1.128067531,0.338989032,0.611150693,0.328339418,0.446708,0.719312229,0.464019206,0.516845153,0.663003242,0.486265639,0.707042252,0.383004145,0.561159825,0.574516243,0.591628955,0.483515288,0.905475158,0.649667925,1.001861069,0.822862309,0.898448496,0.778648057,1.080933765,0.796370493,0.685288956,0.660791288,0.507731395,1.094652033,0.976472064,1.228170683,0.703832602,0.687144919,0.857422846,0.68448249,0.909567911,0.712932987,0.509455608,0.901105457,1.14191849,0.632086892,1.117967655,0.960548104,1.28205062,0.585819677,0.90959693,0.608104676,1.224965198,0.953045754,0.873376996,1.079070662,0.944061445,0.920412872,0.766831169,1.035737597,0.838756741,0.847099839,0.740295803,1.087375677,0.593734009,0.697892825
Man(a1-2)Man(a1-2)Man(a1-3)[Man(a1-2)Man(a1-3)[Man(a1-2)Man(a1-6)]Man(a1-6)]Man(b1-4)GlcNAc(b1-4)GlcNAc,1.222521182,0.767754854,1.214521256,0.905160312,0.962906737,0.648715095,0.957176713,0.988264128,0.738761618,0.519460639,0.837199736,0.753258343,0.458161878,0.749226191,0.584945116,0.496419281,0.631846003,0.606077616,1.017151901,1.082900653,0.787830131,1.141345387,0.684763296,0.697594061,0.927025259,0.763042469,0.901718291,1.195623474,1.061925533,0.809865864,1.294558089,1.371580545,0.662848913,0.779731068,0.681696852,0.781338534,0.783289742,0.784211935,0.940599628,1.240117982,1.353535703,0.832352004,0.821396477,0.814707973,0.761530098,0.918706306,0.932368496,0.571618905,1.359424383,1.02464596,0.715358998,0.797995724,0.993700725,1.04171468,0.718040167,0.759570898,0.73344964,0.965993359,0.714346687,1.183238238,1.082503096,0.991838708,1.116378764,1.013520499,0.99451071,1.04904926,0.992438129,0.776056484,1.49045011,0.684712013,0.735914411
Glc(a1-3)Man(a1-2)Man(a1-2)Man(a1-3)[Man(a1-2)Man(a1-3)[Man(a1-2)Man(a1-6)]Man(a1-6)]Man(b1-4)GlcNAc(b1-4)GlcNAc,0.077739233,0.07250181,0.067733671,0.057548472,0.056427339,0.032551581,0.082583886,0.104280873,0.049137156,0.085829666,0.063448924,0.096933363,0.027287573,0.050993319,0.052686344,0.064683137,0.072870161,0.089348288,0.08523752,0.067096022,0.100413523,0.195034565,0.08766059,0.100600448,0.081927878,0.077892047,0.070814105,0.1463447,0.113363002,0.07696444,0.087448449,0.102039836,0.075255286,0.058553501,0.043432729,0.057295828,0.055130768,0.031096227,0.098781579,0.072340219,0.098110701,0.050966034,0.060192414,0.054928188,0.049361031,0.053093756,0.075258958,0.066646305,0.10379686,0.091523898,0.07055321,0.076879373,0.136889528,0.085671215,0.058930933,0.101578572,0.05757411,0.096153406,0.114189784,0.075711764,0.060196162,0.076728775,0.088633411,0.10702406,0.072373734,0.059797595,0.069469017,0.042828907,0.177525334,0.068404138,0.05206119
Gal(b1-4)GlcNAc(b1-2)Man(a1-3)[Man(a1-3/6)Man(a1-6)]Man(b1-4)GlcNAc(b1-4)GlcNAc,0.05803143,0.200595319,0.073150229,0.170611,0.064994515,0.158261985,0.201804463,0.13351919,0.073743596,0.074860944,0.157217801,0.154800386,0.018609507,0.111239271,0.021478105,0.090367427,0.079490041,0.116087234,0.119072495,0.262458077,0.119721975,0.098836571,0.127931576,0.196318105,0.052343786,0.122102305,0.086306622,0.142027658,0.033770763,0.160208056,0.056985851,0.159653125,0.334350751,0.475425314,0.249024415,0.237954673,0.297458548,0.129022841,0.504110823,0.449971551,0.518658319,0.164536442,0.28964067,0.356992901,0.337197325,0.233613718,0.148681632,0.113270762,0.43819533,0.538392595,0.14518319,0.49133333,0.183325423,0.364780794,0.093396125,0.211035134,0.189462676,0.299607331,0.315243002,0.19520158,0.27700667,0.276079334,0.310039189,0.146995686,0.298692152,0.179085449,0.181028978,0.144170434,0.282115665,0.179187729,0.136596542
Neu5Ac(a2-6)Gal(b1-4)GlcNAc(b1-2)Man(a1-3)[Man(a1-3/6)Man(a1-6)]Man(b1-4)GlcNAc(b1-4)GlcNAc,0.352680069,0.584219613,0.811795086,0.746524047,0.741273247,0.867223663,0.793091184,1.204668231,0.639352937,0.786043888,0.684066662,1.035709811,0.326146384,0.499540958,0.375047165,0.562929589,0.510750313,0.590329861,0.705809079,1.253796962,0.744058784,0.61268171,0.539600801,0.636479205,0.792463942,0.90069966,0.892638292,0.705109077,0.673821991,0.633433397,0.39238743,0.672446049,0.733435508,0.658859471,0.650837679,0.606926091,0.555814015,0.644541896,0.689927897,0.598149203,0.743896719,0.517499568,0.542587051,0.511582957,0.551367876,0.728835572,0.463727599,0.766512926,0.792419891,0.881713142,0.596918792,0.498457961,0.610411374,0.48745466,0.814348085,0.86310539,0.631140637,0.696646518,0.542153975,0.646370175,0.57950019,0.743552874,0.625504731,0.524878893,0.639588125,0.635764682,0.738896114,0.715444107,0.711892758,0.62588131,0.492622401
Gal(b1-4)GlcNAc(b1-2)Man(a1-3)[Man(a1-3)[Man(a1-6)]Man(a1-6)]Man(b1-4)GlcNAc(b1-4)GlcNAc,0.05926079,0.091066597,0.095018254,0.138852015,0.128397632,0.137559575,0.146192069,0.17155645,0.079598808,0.068439083,0.144242798,0.127641909,0.059698871,0.149776529,0.084114902,0.130101214,0.101562933,0.113296884,0.123175906,0.14079693,0.119194126,0.093592263,0.096360091,0.140610799,0.061236715,0.123985865,0.138901176,0.10412999,0.13711078,0.145960605,0.11051424,0.127234288,0.214462034,0.225007151,0.196011834,0.18173191,0.175393543,0.205877737,0.199294036,0.188332958,0.255741557,0.178927068,0.178581841,0.159311181,0.194268857,0.213006202,0.189432863,0.122338594,0.227692249,0.226031985,0.152151331,0.182699805,0.134839016,0.170075349,0.161899928,0.200856242,0.122958666,0.234289488,0.132494766,0.22838272,0.204135776,0.200414762,0.196509075,0.141936018,0.162456253,0.166242889,0.233432872,0.14879284,0.21455729,0.153577571,0.170362178
Neu5Ac(a2-6)Gal(b1-4)GlcNAc(b1-2)Man(a1-3)[Man(a1-3)[Man(a1-6)]Man(a1-6)]Man(b1-4)GlcNAc(b1-4)GlcNAc,0.218946891,0.276482976,0.459189834,0.459804039,0.395847545,0.441682172,0.4336765,0.637165075,0.471681213,0.421744653,0.385716314,0.5750376,0.194066887,0.320067037,0.206845664,0.296192724,0.353661108,0.358428387,0.347628236,0.836557317,0.266577746,0.375230204,0.409485833,0.422255197,0.317111873,0.690457737,0.518763347,0.455958042,0.476554027,0.380209743,0.292570957,0.409777531,0.511072892,0.376775758,0.488684266,0.476031051,0.301862227,0.354270479,0.503621358,0.33853596,0.498114297,0.331642113,0.365787594,0.310481033,0.372604362,0.493881585,0.519452193,0.484535895,0.548423409,0.579055959,0.326448304,0.364784293,0.444141857,0.27820313,0.453383172,0.630941423,0.426165857,0.454975007,0.382909808,0.379928504,0.361678025,0.424734618,0.423415868,0.364800565,0.385043204,0.454052612,0.459567274,0.589234851,0.413954358,0.370108485,0.33143856
GlcNAc(b1-2)Man(a1-6)[Man(a1-3)]Man(b1-4)GlcNAc(b1-4)[Fuc(a1-6)]GlcNAc,0.123579093,0.069416905,0.08173914,0.075782407,0.058790863,0.048487117,0.04761421,0.030289536,0.034544041,0.027583141,0.053100762,0.198975339,0.10500882,0.220105776,0.264280255,0.141027742,0.078966302,0.088957403,0.088349239,0.035554197,0.219206792,0.058464348,0.06323616,0.078307049,0.092406095,0.118117186,0.143636124,0.047946546,0.035902288,0.04233765,0.02053908,0.069054557,0.083364791,0.102727346,0.047234918,0.066343169,0.030262266,0.049129056,0.092650357,0.055852101,0.063351777,0.036902886,0.077779328,0.080995512,0.060435218,0.049832633,0.063141025,0.02916492,0.100020638,0.089290762,0.07066046,0.071852814,0.094019501,0.086340818,0.057824275,0.091435631,0.085586203,0.096284,0.02701165,0.087311591,0.077040214,0.09195438,0.081771355,0.074296902,0.077945541,0.089036378,0.075925808,0.083705701,0.097522806,0.057307197,0.066595694
Neu5Ac(a2-6)Gal(b1-4)GlcNAc(b1-2)Man(a1-3)[Man(a1-6)]Man(b1-4)GlcNAc(b1-4)GlcNAc,0.875774768,0.420757894,0.742662093,1.520188624,0.99402886,1.047709369,0.592738384,0.628628732,1.171262331,1.972829831,0.636599951,0.823446028,0.537343173,1.729445193,0.645787723,0.536277312,2.006932788,1.592639684,0.992284198,1.214310075,1.277660407,1.456479924,1.631099223,1.108232052,1.267698979,0.755231206,0.833232895,0.54312314,0.222955244,0.57983612,0.473356751,0.574359541,0.442422499,0.78015517,0.536932793,0.466361469,0.350144518,0.57849642,0.605470969,0.502201145,0.526058264,0.495404015,0.631383469,0.482579308,1.078269612,0.713740366,0.657262216,0.515827906,0.671712324,0.61320609,0.654992068,0.417207897,0.530257847,0.522806207,0.630056719,0.492823785,0.737542608,0.580253265,0.424935215,0.572386574,0.491671172,0.591366404,0.518018816,0.597839255,0.56792095,0.818635554,0.681110238,0.73046509,0.559985757,0.587757908,0.568359956
Neu5Ac(a2-3)Gal(b1-4)GlcNAc(b1-2)Man(a1-3)[Man(a1-6)]Man(b1-4)GlcNAc(b1-4)GlcNAc,0.091476678,0.200047786,0.310236198,0.158992031,0.042967757,0.06206348,0.06203395,0.052969408,0.065758969,0.071509242,0.093110252,0.102152972,0.143373204,0.79924656,0.163911097,0.084048488,0.120862717,0.23593116,0.117550682,0.138886426,0.184935256,0.324837129,0.398882515,0.167401603,0.272862276,0.253272154,0.217468281,0.068706593,0.052449591,0.050970285,0.067897559,0.040693107,0.075599826,0.175266081,0.108250113,0.093924018,0.122005692,0.159834928,0.127589019,0.100725018,0.127387694,0.088312302,0.208442208,0.125320671,0.251982735,0.073900933,0.130947902,0.100428147,0.082552232,0.080986113,0.191294596,0.122927657,0.104908944,0.158806129,0.146508242,0.093569014,0.143786131,0.122126426,0.53603046,0.067582768,0.107165111,0.086410341,0.095079689,0.120839121,0.070540864,0.122315857,0.10919246,0.14097303,0.070735054,0.142356748,0.097011385
GlcNAc(b1-2)Man(a1-3)[GlcNAc(b1-2)Man(a1-6)]Man(b1-4)GlcNAc(b1-4)GlcNAc,0.136167991,0.148802129,0.141400135,0.064198636,0.222696701,0.157708313,0.200063495,0.104694232,0.163751422,0.057084534,0.143695104,0.521829697,0.167220663,0.253911603,0.183838086,0.25100901,0.387317663,0.236064894,0.144386688,0.087195529,0.114993051,0.172296899,0.094730782,0.180432199,0.247004661,0.388110035,0.175079034,0.133820011,0.233310376,0.089333869,0.05842772,0.131857188,0.108816723,0.448833375,0.122462814,0.289602341,0.245812093,0.222352833,0.23196825,0.169147743,0.119667161,0.248571295,0.204844835,0.275578292,0.090044135,0.13112642,0.120910905,0.140748644,0.126943688,0.324676069,0.632265016,0.168857815,0.091105994,0.273759576,0.349890831,0.252444495,0.290502496,0.232849131,0.205163972,0.334169489,0.198250974,0.156731539,0.148498654,0.169744262,0.211529977,0.106687131,0.219223741,0.093795627,0.195922034,0.139344278,0.136992857
GlcNAc(b1-2)Man(a1-3)[GlcNAc(b1-2)Man(a1-6)]Man(b1-4)GlcNAc(b1-4)[Fuc(a1-6)]GlcNAc,3.789139164,2.846131349,2.311915748,2.509832709,3.723892115,5.520256018,3.334379592,3.095374632,1.718318166,2.68131889,4.392595941,10.27187997,4.468455464,3.785077135,9.813326451,5.979948578,2.822376415,4.747327627,5.245184723,2.666836473,8.288082212,3.296895959,1.642668808,2.244366165,4.1384823,6.364120355,6.542221914,1.555953215,2.995895203,2.496280139,1.150392765,2.673022581,5.109108848,3.34160081,1.833411673,2.768431554,1.422671747,1.573484992,4.293515975,2.788620714,2.252965691,2.260387063,2.582098484,4.50372011,1.16814047,3.123586126,4.038326078,1.604246627,4.026412416,3.966629545,4.553754678,6.004992179,3.371989868,3.08985877,2.875714376,3.750010556,2.760598969,2.621308492,2.055009619,3.48410255,2.310475413,2.406686821,2.894100715,3.48428516,4.250699867,3.706973917,3.899174707,2.966923975,3.933133853,2.599479952,3.589776164
Gal(b1-4)GlcNAc(b1-2)Man(a1-6)[GlcNAc(b1-2)Man(a1-3)]Man(b1-4)GlcNAc(b1-4)GlcNAc,0.125353936,0.137689426,0.204365237,0.309862642,0.339529533,0.114084393,0.151872385,0.178239435,0.18488225,0.028739028,0.087168935,0.313600332,0.243627644,0.586760299,0.237775312,0.279846453,0.421675847,0.201398467,0.252615009,0.202594363,0.286943368,0.205124129,0.277168892,0.237443921,0.262518157,0.397975034,0.365535414,0.130729944,0.27198105,0.131977733,0.086645652,0.089064002,0.262749781,0.379695271,0.306584839,0.380014043,0.279265144,0.299598673,0.256006363,0.184308635,0.253008303,0.305111811,0.319916202,0.398254815,0.907978906,0.167928088,0.162454107,0.300650766,0.377364005,0.41685502,0.444855896,0.135912787,0.221052307,0.460507755,0.450222653,0.29014931,0.426213817,0.464462579,0.391065753,0.385369938,0.415929876,0.294660313,0.375542442,0.257963347,0.380663435,0.25401466,0.299792441,0.169352826,0.319532141,0.245589511,0.171469297
Gal(b1-4)GlcNAc(b1-2)Man(a1-6)[GlcNAc(b1-2)Man(a1-3)]Man(b1-4)GlcNAc(b1-4)[Fuc(a1-6)]GlcNAc,1.58337981,2.797061733,2.225863541,1.405845989,1.36136106,2.903422649,2.213527171,2.201592833,0.575812717,0.93292674,2.195606159,3.776530037,7.866225603,3.086045649,8.405048785,4.322437225,1.782412182,1.526393752,2.424877326,1.598498942,2.474831568,1.565990857,1.088864274,2.296694805,1.728716157,1.963952084,2.94438268,0.608553079,2.659098012,1.891692627,0.521812111,0.924552539,4.804200639,1.386493082,1.094876951,2.194797895,1.71062638,1.600530709,2.3295826,1.354391789,2.590707065,2.073457026,2.447051374,2.110273914,1.327787961,2.003199623,2.696931235,1.518108952,2.331914884,2.781463798,2.307449979,2.926137708,1.731746403,2.53422543,2.745530711,3.34864076,2.252478995,2.918358157,3.290949956,2.812928887,2.817073117,2.159556514,2.138898461,2.466240605,2.049470293,2.977888644,2.074038979,2.28887065,2.642860567,2.924427602,2.147287462
Gal(b1-4)GlcNAc(b1-2)Man(a1-3)[GlcNAc(b1-2)Man(a1-6)]Man(b1-4)GlcNAc(b1-4)[Fuc(a1-6)]GlcNAc,0.284896595,0.88644368,0.473154651,0.145226013,0.368658479,0.527425245,0.608236258,0.426429198,0.245029015,0.244158879,0.528070265,1.547253485,1.096816414,0.936691372,2.048376483,0.834014323,0.860737121,0.673144369,0.806911842,0.595882123,0.703631954,0.251520642,0.200664858,0.33185155,0.659590804,0.950823402,0.959255664,0.295200928,0.67296345,0.716769235,0.294509158,0.417023905,1.96395799,0.491841913,0.658445753,0.745541712,0.800134135,0.78013019,1.111022756,0.656855346,1.02638252,0.647350958,0.849069077,1.077618156,0.418827151,1.228438056,1.019411961,0.515608742,1.260633403,0.92217855,0.499003556,1.318970058,0.506108904,1.184546822,0.514453145,0.834041197,0.705175522,0.774926814,0.848152698,0.824741854,1.138237534,0.769463365,1.481454138,0.506273216,1.452514704,0.691461121,0.991365862,0.624860581,1.239336477,0.602502213,0.478319573
Neu5Ac(a2-6)Gal(b1-4)GlcNAc(b1-2)Man(a1-6)[GlcNAc(b1-2)Man(a1-3)]Man(b1-4)GlcNAc(b1-4)GlcNAc,0.132406507,0.082710682,0.313420306,0.778417865,0.439692655,0.052476056,0.054578085,0.125471586,0.125565226,0.094184904,0.056456314,0.199301908,0.182026043,2.756866985,0.446386308,0.288430579,0.647488643,0.585960131,0.352220181,0.32199553,0.33946177,0.521302921,0.567041719,0.388152835,0.714430774,0.452148518,0.487440103,0.101447579,0.04841341,0.083247197,0.110629466,0.110136958,0.054370334,0.294575605,0.230191801,0.216205399,0.20541323,0.30839896,0.115818191,0.128260462,0.09179921,0.214661704,0.279700618,0.110070553,0.554463169,0.116945648,0.120971019,0.175215587,0.138654,0.114271457,0.236940622,0.083764224,0.19258894,0.179264607,0.327416258,0.077202622,0.341155173,0.205900089,0.136258039,0.256810376,0.162198663,0.210498277,0.165371587,0.397431811,0.111540696,0.418040709,0.141225496,0.414949632,0.082747104,0.319177622,0.240884545
Neu5Ac(a2-6)Gal(b1-4)GlcNAc(b1-2)Man(a1-3)[GlcNAc(b1-2)Man(a1-6)]Man(b1-4)GlcNAc(b1-4)GlcNAc,1.43827295,0.50912608,1.753034109,2.189417312,1.525760921,0.593704133,0.737313423,0.646396223,0.945586868,0.587543084,1.333252197,1.370107853,0.710850711,3.970581034,1.554376731,0.987510071,2.6957318,1.470855702,0.974595065,1.170962026,1.567004126,1.291662328,1.712535667,1.013655116,1.455852418,1.352226069,1.568347642,0.732811923,0.69267134,1.29372587,0.763806522,0.59326738,0.578793211,0.761368907,0.959854441,0.891519654,1.002207535,0.691575165,0.973094192,0.688975195,0.71706324,0.761569883,0.948601098,0.841202326,1.175619527,1.259528295,1.223725919,0.599322852,1.358499419,0.770389752,0.909179937,0.864989472,1.044088376,1.206336709,1.175470411,0.699517955,1.348772866,1.069305784,0.887162241,1.099101163,1.008721196,1.301471777,1.091619056,1.504047959,1.013435433,1.931914411,1.240912601,2.036471512,1.078767717,1.216228822,0.98717314
Neu5Ac(a2-6)Gal(b1-4)GlcNAc(b1-2)Man(a1-3)[GlcNAc(b1-2)Man(a1-6)]Man(b1-4)GlcNAc(b1-4)[Fuc(a1-6)]GlcNAc,0.29709187,0.564314175,0.377431103,0.244847424,0.34284489,0.212815598,0.332060078,0.402937765,0.221938531,0.22060383,0.320552134,0.795443606,0.876505989,0.818051789,1.712840329,0.670814138,0.610607482,0.361607411,0.49902806,0.376160358,0.490497633,0.395880492,0.231338491,0.427987799,0.395206483,0.436560459,0.482172558,0.124180638,0.316711927,0.292500061,0.115688393,0.269539845,0.884067035,0.259989761,0.299515448,0.327245314,0.346544619,0.244482521,0.433283616,0.273065754,0.386174279,0.292970295,0.314039769,0.339122433,0.362096658,0.411917123,0.336891238,0.309512896,0.463249798,0.226042455,0.378972155,0.435004489,0.312433066,0.313556626,0.382084784,0.440378048,0.322364248,0.525512808,0.293692688,0.315219791,0.333749092,0.365742543,0.492749489,0.371602842,0.522572718,0.387686788,0.481860654,0.388429087,0.456438815,0.337747965,0.238061048
Gal(b1-4)GlcNAc(b1-2)Man(a1-3)[Gal(b1-4)GlcNAc(b1-2)Man(a1-6)]Man(b1-4)GlcNAc(b1-4)GlcNAc,0.135002944,0.130916726,0.212227793,0.469711326,0.339053959,0.147515011,0.184965513,0.16232817,0.263517933,0.131964849,0.193131656,0.208400906,0.156795428,0.377417215,0.274609192,0.216943457,0.318052272,0.366612283,0.273212039,0.367509446,0.267186208,0.245307585,0.357657369,0.330654705,0.283355122,0.15870034,0.404701547,0.102979066,0.252937454,0.185438467,0.168375463,0.124371106,0.265753505,0.372431635,0.3216744,0.614778662,0.370988798,0.283985066,0.226740117,0.251240593,0.330332615,0.206330337,0.341543911,0.324619287,0.802156924,0.233059917,0.226798118,0.229669518,0.389667382,0.217280054,0.337624299,0.237775091,0.20644828,0.455287383,0.342841334,0.236726761,0.354447084,0.465327862,0.39471757,0.374402113,0.302431072,0.28509492,0.249118402,0.255637793,0.299020784,0.290244889,0.292693434,0.292015944,0.25909959,0.288127389,0.2497898
Gal(b1-4)GlcNAc(b1-2)Man(a1-3)[Gal(b1-4)GlcNAc(b1-2)Man(a1-6)]Man(b1-4)GlcNAc(b1-4)[Fuc(a1-6)]GlcNAc,0.460154922,1.321354897,1.157397359,0.543553538,0.574487996,0.881961782,1.165631437,0.717977047,0.506923594,0.255919155,0.611363339,1.390856944,2.435874649,1.458897309,1.373221327,0.979220763,1.330484085,0.739291199,0.600222223,0.813236619,0.57987786,0.617693835,0.492675467,0.775683162,0.563658161,0.564989408,0.836356568,0.277879798,1.103129571,1.094954564,0.38331899,0.316530713,3.709954487,0.678550174,1.52855653,1.603659226,1.497922861,0.885229834,1.291026491,0.666040421,1.735005833,1.004012008,1.242803149,0.898054131,1.322382307,1.407130501,1.03648723,0.896481504,1.139362501,1.207957478,1.040214226,0.582232764,0.729709286,1.543387933,1.421443001,1.603860596,1.129703723,1.965886287,2.199226916,1.343696287,2.209848236,1.26595427,1.482554889,1.124718598,1.479667178,1.189287938,1.221303384,1.110787763,1.226418427,1.462917783,0.926750888
Neu5Ac(a2-6)Gal(b1-4)GlcNAc(b1-2)Man(a1-6)[Gal(b1-4)GlcNAc(b1-2)Man(a1-3)]Man(b1-4)GlcNAc(b1-4)GlcNAc,11.21403712,9.615478819,10.75516867,11.94178988,13.31788791,9.759551569,7.523586796,10.89403305,9.63124391,7.408234372,8.825400027,6.925800702,4.79590678,11.42107534,9.854564502,5.927591655,9.021518758,9.263709071,11.48745764,11.49167724,8.191304737,9.154129357,10.40905101,9.600403008,10.07517063,7.508156083,8.472432408,10.29404428,8.1471695,9.37646049,8.1544287,7.507792353,8.39182073,11.37633633,10.8814546,12.01303153,10.52898199,9.78641239,9.342835926,9.275871328,9.075145134,9.250064226,10.88451841,9.494112668,9.736730851,9.482693303,11.6201198,8.330460254,8.685827231,8.649855293,9.430866215,6.609922913,8.987100917,11.56648827,10.51575892,8.592831226,10.0997931,10.98858238,11.29396425,9.898448058,11.7405291,12.96258492,9.440347037,10.85026362,10.12198432,11.99814235,10.10471724,10.84162397,6.694078723,9.926397476,9.225052908
Neu5Ac(a2-6)Gal(b1-4)GlcNAc(b1-2)Man(a1-6)[Gal(b1-4)GlcNAc(b1-2)Man(a1-3)]Man(b1-4)GlcNAc(b1-4)[Fuc(a1-6)]GlcNAc,2.026988379,4.482400194,3.486597702,2.234808563,2.291937605,2.194093327,2.938306989,2.672548502,2.260344077,2.079481653,2.509179144,4.513591999,5.228968713,3.546964744,3.709669803,2.757748715,3.872806398,2.479379892,2.643822338,2.717926926,2.550575326,2.152201101,1.671706938,2.255644756,2.258188939,2.969409089,2.701719958,1.694275008,2.216172399,3.138030556,1.392764497,1.900284646,5.641424061,3.206817396,3.172511102,3.395850438,3.056965674,2.070171192,3.332993505,2.059738601,3.672539053,2.674203109,3.180791508,2.341614304,3.146286431,3.085818079,2.713772337,2.509201289,2.858546653,3.133710345,3.229267275,3.367880713,3.058328927,4.282960335,3.29721365,3.343363524,2.542547512,4.638046423,3.956819911,2.368587985,4.506088452,3.571671747,3.770878772,3.013834443,3.812929149,3.90437853,2.641885889,3.007896304,2.927041149,3.439050044,2.072466755
Neu5Ac(a2-3)Gal(b1-4)GlcNAc(b1-2)Man(a1-6)[Gal(b1-4)GlcNAc(b1-2)Man(a1-3)]Man(b1-4)GlcNAc(b1-4)[Fuc(a1-6)]GlcNAc,0.254771729,0.147144433,0.201659161,0.381432719,0.340133568,0.294777818,0.329171131,0.2184836,0.426383191,0.281174866,0.376598606,0.339403913,0.268774701,0.298041718,0.321895764,0.29356112,0.280788239,0.271699875,0.301625612,0.273617428,0.245266853,0.246801482,0.260477133,0.320586055,0.390135607,0.465817259,0.393932743,0.229453546,0.480627278,0.406109885,0.346223515,0.292603556,0.408599909,0.604175223,0.471979584,0.481963762,0.380886619,0.403913405,0.378302704,0.337861576,0.464409675,0.399848565,0.531586264,0.381070504,0.558971337,0.479128615,0.439400864,0.308513374,0.464234418,0.449416599,0.405360775,0.398034335,0.347056262,0.38266125,0.402172954,0.423194713,0.389058928,0.551604968,0.385348724,0.471440318,0.444920424,0.358477019,0.446798096,0.349698789,0.509422956,0.336691057,0.486784318,0.386112205,0.490282518,0.414670161,0.366030346
Neu5Ac(a2-6)Gal(b1-4)GlcNAc(b1-2)Man(a1-3)[Neu5Ac(a2-6)Gal(b1-4)GlcNAc(b1-2)Man(a1-6)]Man(b1-4)GlcNAc(b1-4)GlcNAc,44.80453356,32.75691841,33.06509264,38.43157963,37.14225241,46.65101378,44.59118705,40.19773132,47.07165944,51.35131478,40.17487108,22.70420279,27.00603616,33.31931893,29.02081278,41.50682396,32.02041889,36.19407352,31.65194359,32.06895613,31.7650032,40.25475247,42.45653559,36.66521695,37.29909848,32.80003531,32.46649455,50.96247238,44.11668047,41.62487702,52.04587483,49.02319308,33.9363396,36.15505511,42.54613069,39.82484293,44.3277988,44.65040111,33.29275937,41.02163381,41.00740001,41.94865266,39.79398466,39.36276638,43.53348058,38.85370946,40.94020755,38.53213387,35.76546687,38.43818249,40.7233304,36.71541277,39.67403145,37.80926256,36.92482254,41.92893283,41.97794691,37.62861567,41.12402425,43.11280823,36.48209941,34.78600731,38.9603616,38.71751592,38.66180682,38.12863993,39.1627102,39.11403728,37.74414044,40.75029856,43.7690156
Neu5Ac(a2-3)Gal(b1-4)GlcNAc(b1-2)Man(a1-3/6)[Neu5Ac(a2-6)Gal(b1-4)GlcNAc(b1-2)Man(a1-3/6)]Man(b1-4)GlcNAc(b1-4)GlcNAc,4.600221198,2.500198254,3.731642226,4.071837059,2.575177142,2.961050503,3.622810344,4.459695873,6.855564739,2.107445048,4.001310093,0.655119608,4.445959161,3.347213993,3.591433671,2.765904653,6.110271955,3.520649979,3.949122439,9.202279183,3.844275497,2.647882382,4.015048102,4.608698373,3.962702989,2.847949574,3.026997075,2.889396608,4.071633756,4.527645242,5.700231236,4.827295148,3.754198478,4.239899418,5.377228904,3.6992792,4.118502338,5.359718112,5.735559648,5.404147176,4.290761181,4.940275039,4.880433819,5.269225795,5.060230988,5.106598386,4.489393318,3.541052448,4.083407279,4.534568576,3.94112715,4.882964136,3.143960622,4.418422942,4.12943727,5.752059614,4.550663778,4.118683773,4.611577062,4.202900151,5.217714571,3.841882128,4.392492858,3.547428869,4.816196408,3.441982537,4.412368057,3.497986257,4.66890882,4.548828752,4.996029654
Neu5Ac(a2-6)Gal(b1-4)GlcNAc(b1-2)Man(a1-3)[Neu5Ac(a2-6)Gal(b1-4)GlcNAc(b1-2)Man(a1-6)]Man(b1-4)GlcNAc(b1-4)[Fuc(a1-6)]GlcNAc,0.364735942,0.725205307,1.066040265,0.764182909,0.556343048,0.194029349,0.453137688,0.101481991,1.264104098,1.809977108,0.48288855,0.638776453,0.75920565,0.240168532,0.3781161,1.687794809,0.772448263,0.331594023,1.45259103,1.344572568,0.436770406,1.178619198,1.326420998,0.892370158,0.795896865,0.485181919,0.723817839,0.970592887,1.129133429,2.209925845,0.939501745,0.993093302,0.597174755,0.579535874,0.553123741,0.543778118,0.675387075,0.617241259,0.464976747,0.175491525,0.807554762,0.288470235,0.619362158,0.477228877,0.741202616,0.60018489,0.658110108,0.431924315,1.307304039,0.91760692,1.221360173,0.512462154,0.694124687,0.574599587,0.321277846,0.200954917,0.249206679,0.345100784,0.249615182,0.546499359,0.232500375,0.407828531,0.587614096,0.488874535,0.392701824,0.44442447,0.673157164,0.487533901,1.272656342,0.434596056,0.614246717
Neu5Ac(a2-3)Gal(b1-4)GlcNAc(b1-2)Man(a1-3)[Neu5Ac(a2-6)Gal(b1-4)GlcNAc(b1-2)Man(a1-6)]Man(b1-4)GlcNAc(b1-4)[Fuc(a1-6)]GlcNAc,4.491855725,4.830187252,5.131280566,3.756665549,4.332684347,3.735765705,3.991845036,3.438661233,4.722229584,4.089244415,4.470765758,6.542033785,10.47629981,5.645934597,3.833991083,4.163687393,4.583839035,4.330168167,4.51297059,3.314428316,4.82668646,5.324657348,3.482559444,4.530390389,3.924428823,6.620482806,5.516400564,2.752625083,4.591569313,4.162460572,2.968962573,3.440457514,3.744818027,2.784512696,3.157146194,3.778766555,3.555907525,2.804646495,2.990852586,2.481141151,2.617821471,3.256403461,3.486625789,2.566208153,3.398859345,4.016439902,3.757200675,4.938159183,4.111773739,3.43417562,4.030186388,3.237493438,5.355651856,3.564864851,4.989394817,4.467583864,3.422511148,2.875335307,2.751726615,2.895441407,2.99788862,3.293595713,3.987184928,5.420874939,3.774713726,4.893141483,3.232959966,4.019980098,4.329851928,3.974134407,3.584679278
Neu5Ac(a2-6)Gal(b1-4)GlcNAc(b1-2)Man(a1-3)[Neu5Ac(a2-3)Gal(b1-4)GlcNAc(b1-2)Man(a1-6)]Man(b1-4)GlcNAc(b1-4)[Fuc(a1-6)]GlcNAc,0.44979308,0.324313598,0.337904775,0.428641787,0.359809784,0.257910462,0.321003471,0.304708983,0.534602282,0.299738584,0.438862563,0.390606532,2.314044382,0.453297017,0.498331224,0.431034195,0.757558724,0.285620675,0.311135344,0.463009549,0.355182763,0.364701948,0.304889948,0.450928963,0.380739443,0.528625741,0.463405803,0.233499638,0.440212089,0.45641984,0.452145922,0.412474094,0.384727726,0.349557428,0.415513155,0.34167512,0.340797253,0.35898902,0.493324842,0.441442835,0.406570676,0.455597063,0.482305518,0.429677859,0.456119503,0.595717958,0.556940473,0.423589212,0.482641584,0.46594835,0.487246151,0.39643169,0.416873747,0.393439232,0.473779353,0.618102112,0.412636485,0.394518944,0.316049418,0.321272505,0.488163066,0.400287172,0.458954991,0.63106092,0.449871845,0.387120821,0.481496985,0.426916179,0.639958278,0.441774047,0.399538674
Neu5Ac(a2-3)Gal(b1-4)GlcNAc(b1-2)Man(a1-3)[Neu5Ac(a2-3)Gal(b1-4)GlcNAc(b1-2)Man(a1-6)]Man(b1-4)GlcNAc(b1-4)[Fuc(a1-6)]GlcNAc,0.423105101,0.274562585,0.034867961,0.55527106,0.482115142,0.380182658,0.524961463,0.37703582,0.629951339,0.477906812,0.584088656,0.482875271,0.700345029,0.406690303,0.381540211,0.544464136,0.398077791,0.376064251,0.494779322,0.455919666,0.370921793,0.42418488,0.452391812,0.566215665,0.597246192,0.721813941,0.50263486,0.388579415,0.689828813,0.669495005,0.798336418,0.547691224,0.487963094,1.316156088,0.819833184,0.774917287,0.603706963,0.76121572,0.563365141,0.831385852,0.793619684,0.730774091,0.843012231,0.65209293,0.840517818,0.773771922,0.814292053,0.4049103,0.814412069,0.908332452,0.689008011,0.83806362,0.573346802,0.549849605,0.617263364,0.638163105,0.599361937,0.78883474,0.600261803,0.55322759,0.713088136,0.651215804,0.664473512,0.589356651,0.748755202,0.528577082,0.739232786,0.592898571,0.749679392,0.571684258,0.553051553
GlcNAc(b1-2)Man(a1-3)[GlcNAc(b1-2)Man(a1-6)][GlcNAc(b1-4)]Man(b1-4)GlcNAc(b1-4)GlcNAc,0.492119955,0.423395916,0.866452414,0.570770961,0.826606093,0.265854885,0.878225067,0.136070629,0.865599544,0.433184911,1.362371401,2.897055317,0.474021515,0.132700562,0.163073661,0.606490398,0.369426556,1.165712159,0.954788189,0.558309505,1.114741683,0.948323827,0.404204868,0.574772241,0.215956701,1.173879311,0.353414328,0.520972009,0.250619838,0.824860047,0.208503267,0.095314998,0.146586855,0.323941004,0.366093018,0.465662092,0.152956912,0.393199706,0.621040261,0.474452923,0.237051654,0.21717942,0.321225819,0.533323134,0.242827185,0.901197045,1.083313503,0.617518225,0.838533801,0.139614689,0.682194787,1.00103978,0.683150659,0.437623306,0.590605431,0.228887017,0.433242867,0.43857433,0.289083661,0.453532904,0.417583645,0.617037092,0.432626696,0.539040234,0.319330243,0.412261809,0.603459464,0.323353305,0.557595693,0.432617522,0.224354664
GlcNAc(b1-2)Man(a1-3)[GlcNAc(b1-2)Man(a1-6)][GlcNAc(b1-4)]Man(b1-4)GlcNAc(b1-4)[Fuc(a1-6)]GlcNAc,0.393836173,0.475208229,0.539797075,0.436102577,0.343942264,0.94850905,0.679046265,0.464905218,0.281434718,0.512142939,0.76432375,1.750465054,0.422571363,0.528087217,1.229307699,1.116357606,0.488668391,0.877363764,0.790434218,0.529736647,0.905118994,0.621878786,0.591697861,0.65790502,0.905615327,1.222054438,1.336705416,0.291751542,0.414099245,0.310701879,0.256450602,0.268505755,0.936273002,0.453626594,0.477992863,0.60636556,0.412435541,0.921785181,0.975234929,0.854414704,0.455892632,0.769950923,0.718874616,1.185775668,0.481109918,0.864363724,0.770600812,0.464225166,0.575389404,1.21874328,1.073237318,1.796530158,0.722757226,0.48337466,0.543892717,0.520104166,0.562602425,0.415719539,0.362054454,0.67742323,0.424253087,0.570171824,0.567273147,0.397522741,0.583620598,0.485388997,0.957040917,0.345343639,0.668123998,0.564307341,0.88930603
Gal(b1-4)GlcNAc(b1-2)Man(a1-6)[GlcNAc(b1-2)Man(a1-3)][GlcNAc(b1-4)]Man(b1-4)GlcNAc(b1-4)GlcNAc,0.548562073,0.456315324,0.837025501,0.500693258,0.991961887,0.413833495,0.475393328,0.376994443,0.366052314,0.339080409,0.682067812,2.279384797,0.157518563,0.150208524,0.134310581,0.123537295,0.485030211,0.558219106,0.511836424,0.334319379,0.523861815,0.360758996,0.34024457,0.350256957,0.603844816,0.553600586,0.892253451,0.307002671,0.218372652,0.242299788,0.230170527,0.291497306,0.288797327,0.57868845,0.318367466,0.630269534,0.338144856,0.551121221,0.600403123,0.324901884,0.295568183,0.481097098,0.451601779,0.206465577,0.354476907,0.687325377,0.64405943,0.469161686,1.112762217,0.645604724,0.396111524,0.564626585,0.538808743,0.459459977,0.699716926,0.313611172,0.460458358,0.461679619,0.272135818,0.363844572,0.324183534,0.737951681,0.513504161,0.504513169,0.498026893,0.36368445,0.575690724,0.41795463,0.600163741,0.328008958,0.360102382
Gal(b1-4)GlcNAc(b1-2)Man(a1-6)[GlcNAc(b1-2)Man(a1-3)][GlcNAc(b1-4)]Man(b1-4)GlcNAc(b1-4)[Fuc(a1-6)]GlcNAc,0.704344259,1.105841319,1.231069211,0.584692931,1.036982268,1.089036616,1.035107402,0.706464434,0.408207561,0.583561164,1.33367109,2.640137735,1.231968012,1.017896117,3.241789851,1.432482855,1.086741353,0.893275093,0.878410088,0.736391066,0.82100143,0.701399647,0.629515451,1.154261238,1.265475382,0.715089216,1.458103352,0.550527172,0.749870338,0.686576726,0.173282705,0.439975815,2.07918901,1.232085354,0.903697547,1.117440917,0.791055303,0.739072934,1.438770712,0.981699639,0.947101635,0.928986474,0.986737595,1.410914211,0.534211958,1.472497162,1.45799569,0.706904346,1.200972467,0.759460964,0.767346597,1.933994461,0.984680461,1.361672012,1.118328939,0.879930739,0.837961289,1.064622713,0.854971173,0.976760086,0.991262215,1.077073022,1.010242931,0.826958011,1.10629788,0.675137114,1.25786116,0.846312514,1.277512131,0.920283783,1.200334371
Neu5Ac(a2-6)Gal(b1-4)GlcNAc(b1-2)Man(a1-6)[GlcNAc(b1-2)Man(a1-3)][GlcNAc(b1-4)]Man(b1-4)GlcNAc(b1-4)GlcNAc,0.470121455,0.776271808,0.29157677,0.529686802,0.886774483,0.465669115,0.483994433,0.43851863,0.444685275,0.40618104,0.807794153,1.598865233,0.164393013,0.339274777,0.124709753,0.336598275,0.454480874,0.988157291,0.795408673,0.527311656,0.675138781,0.406698316,0.430312382,1.054085462,0.65672012,0.661066089,0.892951221,0.349950488,0.168889402,0.484955482,0.247635314,0.310471112,0.282990555,0.611684885,0.160985499,0.401627897,0.329090358,0.350745931,0.631628305,0.300125524,0.259813345,0.4279859,0.296620225,0.300700333,0.178086697,0.53708132,0.52208534,0.532413896,0.860545216,0.453726143,0.349515296,0.619536141,0.474471638,0.594626282,0.639091251,0.232778204,0.41527311,0.420878401,0.248244931,0.320895376,0.32195304,0.651597252,0.448569435,0.38267756,0.445285935,0.434572965,0.559117586,0.460345949,0.643458818,0.489007518,0.338716164
Neu5Ac(a2-6)Gal(b1-4)GlcNAc(b1-2)Man(a1-6)[GlcNAc(b1-2)Man(a1-3)][GlcNAc(b1-4)]Man(b1-4)GlcNAc(b1-4)[Fuc(a1-6)]GlcNAc,0.285103341,0.318562489,0.302367765,0.272604181,0.360360522,0.255543202,0.350951899,0.298628216,0.156363179,0.273790827,0.522047723,1.178583987,0.767566372,0.501459937,0.295218783,0.305749751,0.348505891,0.416278956,0.320481926,0.239146791,0.457779828,0.280035315,0.231761374,0.421161714,0.381378728,0.544099633,0.650134563,0.239946722,0.145520479,0.159277327,0.095945231,0.16568857,0.310641675,0.550148607,0.210829744,0.267583944,0.18007554,0.163431015,0.524781847,0.395392163,0.240152867,0.202330693,0.300930551,0.445310056,0.132231196,0.342693875,0.29382211,0.173729074,0.377251105,0.387905723,0.256014889,1.083515188,0.330285626,0.312044902,0.208870907,0.250968949,0.170663563,0.253691546,0.14998022,0.268428851,0.192760696,0.42391581,0.327516267,0.273722805,0.319812735,0.232309776,0.282312513,0.218401505,0.405216509,0.205549517,0.2029438
Gal(b1-4)GlcNAc(b1-2)Man(a1-3)[Gal(b1-4)GlcNAc(b1-2)Man(a1-6)][GlcNAc(b1-4)]Man(b1-4)GlcNAc(b1-4)[Fuc(a1-6)]GlcNAc,0.098065924,0.300525105,0.269457484,0.210454041,0.256759733,0.255438791,0.29863656,0.200695216,0.120201228,0.150120185,0.313500345,0.475312801,0.388818242,0.2508056,0.212305927,0.159890498,0.217250566,0.211321265,0.219301016,0.224943181,0.181675033,0.162565991,0.156183347,0.282345013,0.255283175,0.325230898,0.295321323,0.183220762,0.174393554,0.224182581,0.087162276,0.112374235,0.529269337,0.354342837,0.337048547,0.313535455,0.279389095,0.246524904,0.33628186,0.290028667,0.336215556,0.242150522,0.345442333,0.365136874,0.223059521,0.332025019,0.298647334,0.185012697,0.491238694,0.333404441,0.177826829,0.506347771,0.247915732,0.405172398,0.235594941,0.239384119,0.218660899,0.379846543,0.238436817,0.229348336,0.351398356,0.381558957,0.416963425,0.224517472,0.431974844,0.250939634,0.347542961,0.239284172,0.405775284,0.284487173,0.24273993
Neu5Ac(a2-6)Gal(b1-4)GlcNAc(b1-2)Man(a1-3)[Gal(b1-4)GlcNAc(b1-2)Man(a1-6)][GlcNAc(b1-4)]Man(b1-4)GlcNAc(b1-4)GlcNAc,0.428442427,1.255044034,0.71473295,0.757205679,0.910214299,0.644419541,0.851136484,0.492958353,0.398736674,0.289904255,0.553486038,1.194374909,0.166362857,0.337086602,0.104105157,0.265536534,0.342956966,0.756579651,1.191620673,0.83246087,0.529556253,0.370400805,0.629550926,0.834537622,0.92752313,0.865402281,0.864329729,0.348405146,0.237725412,0.716415567,0.21585983,0.3565208,0.674746519,0.969397112,0.545461153,0.643663987,0.761361081,0.405626307,0.814607019,0.499566915,0.612508846,0.661725027,0.5472006,0.48761112,0.465110662,0.524851973,0.74313485,0.98048484,1.139708974,0.920555314,0.362373429,0.607513656,0.370840326,0.725501083,1.003747525,0.386899659,0.594725033,0.830073564,0.613800409,0.50126045,0.490294378,0.796425633,0.853802018,0.698834562,0.738092586,0.559599414,0.48213285,0.662104387,0.761273272,0.681106341,0.456993492
Neu5Ac(a2-6)Gal(b1-4)GlcNAc(b1-2)Man(a1-3)[Gal(b1-4)GlcNAc(b1-2)Man(a1-6)][GlcNAc(b1-4)]Man(b1-4)GlcNAc(b1-4)[Fuc(a1-6)]GlcNAc,0.766197108,2.452425003,1.198622759,1.021114992,1.187017862,1.116495223,1.478449446,1.040558396,0.517849809,0.712659911,1.502410417,2.83293302,2.959197801,1.619390382,0.693213591,0.756597141,1.190515729,1.009571952,1.233892341,1.601170511,0.936004052,0.790139481,0.609067301,1.79686638,1.091438376,1.391678741,1.772630205,0.992895812,0.552566046,0.984966927,0.37713085,0.889585485,2.007248083,1.419496547,1.584052776,1.67587511,1.644293646,0.990335524,2.467045904,1.98200243,1.955132466,1.474556225,1.679552452,1.822113448,1.112957623,1.357848422,1.25519228,0.867647227,1.903294677,1.910801162,0.799881104,3.451851218,1.51856112,2.118039177,1.316538036,1.330415777,0.993250778,2.162433217,1.562256805,1.018443206,1.288555656,2.045780092,2.183893632,1.224707452,1.989754867,1.388828779,1.533480894,1.323478569,1.971211809,1.474768735,0.948747352
Neu5Ac(a2-6)Gal(b1-4)GlcNAc(b1-2)Man(a1-3)[Neu5Ac(a2-6)Gal(b1-4)GlcNAc(b1-2)Man(a1-6)][GlcNAc(b1-4)]Man(b1-4)GlcNAc(b1-4)GlcNAc,0.055914817,1.435086739,0.253888124,0.153906803,0.222129564,0.087755557,0.127257451,0.157868067,0.08080692,0.635245455,0.09840826,0.46865757,0.099836648,0.101876395,0.051117469,0.156620121,0.184763395,0.178476634,0.401095969,0.289249052,0.148399195,0.129300823,0.152350093,0.245881701,0.150475645,0.286815649,0.191015944,0.229910467,0.08355947,0.116992056,0.042795539,0.33313531,0.178806787,0.275903373,0.129126577,0.137842534,0.122078693,0.119407415,0.18230422,0.116440716,0.128465132,0.153248576,0.151609153,0.107619428,0.264757852,0.101290417,0.086067656,0.180063061,0.146471887,0.12512139,0.108653449,0.059683993,0.136380908,0.133151647,0.195616899,0.121499584,0.099458313,0.163485152,0.168036066,0.116476928,0.147437434,0.141910368,0.167125802,0.118573356,0.112720784,0.115559532,0.110190088,0.104626448,0.122617301,0.149085668,0.071810883
Neu5Ac(a2-6)Gal(b1-4)GlcNAc(b1-2)Man(a1-3)[Neu5Ac(a2-6)Gal(b1-4)GlcNAc(b1-2)Man(a1-6)][GlcNAc(b1-4)]Man(b1-4)GlcNAc(b1-4)[Fuc(a1-6)]GlcNAc,1.032629739,3.044458031,2.325771832,1.247724149,1.639713657,1.080918298,1.509435265,1.623867942,0.996097194,0.833483558,1.420404191,3.390051492,6.782165612,1.996581986,1.087035091,1.21632909,1.234393322,1.634868496,2.526553625,1.725804389,1.24457193,0.815299776,1.014491265,2.421698915,1.503630026,2.538036609,2.414941541,0.658191527,0.538095404,1.462513734,0.592331314,0.777817025,1.682612244,1.850776134,1.157571947,1.260912755,1.57069952,0.898980408,2.092564792,0.903170385,1.081307591,1.429849985,1.212254825,0.807968042,0.984535563,1.373182518,1.530532726,1.497438934,1.66919414,1.104136772,0.897989516,1.716433153,1.588094441,1.453617225,1.996694225,1.136411757,1.197088558,1.583982309,1.319742015,1.060524177,1.37400504,1.751141523,1.465788128,1.45792551,1.501576478,1.378560777,1.425918433,1.425779451,1.480677874,1.431148083,0.865271797
{Neu5Ac(a2-6)}Gal(b1-4)GlcNAc(b1-2)[Gal(b1-4)GlcNAc(b1-4)]Man(a1-3)[Gal(b1-4)GlcNAc(b1-2)Man(a1-6)]Man(b1-4)GlcNAc(b1-4)GlcNAc,0.529539829,0.362019894,0.348864256,0.468964597,0.568736686,0.462532375,0.321255458,0.406469961,0.347109302,0.598779549,0.45777076,0.161830805,0.148151141,0.422713844,0.223340773,0.294572627,0.618065345,0.248804567,0.394865675,0.220932064,0.198202156,0.434882271,0.531978215,0.344836779,0.229206614,0.248441329,0.253198937,0.599119689,0.340306977,0.208717437,0.382517569,0.658909346,0.32526444,0.352022378,0.342707941,0.35447476,0.363732729,0.284518081,0.26025933,0.420962046,0.318783764,0.253895569,0.302708588,0.613366753,0.295473817,0.370720757,0.336596258,0.383399178,0.483893394,0.321379862,0.328749484,0.188484491,0.485604334,0.226385383,0.337434108,0.221050333,0.250038374,0.279213977,0.281065397,0.307836764,0.361669209,0.312389557,0.283518416,0.300392561,0.327251769,0.25077505,0.379689386,0.331517173,0.415020466,0.279290097,0.269351195
{Neu5Ac(a2-3)}Gal(b1-4)GlcNAc(b1-2)[Gal(b1-4)GlcNAc(b1-4)]Man(a1-3)[Gal(b1-4)GlcNAc(b1-2)Man(a1-6)]Man(b1-4)GlcNAc(b1-4)GlcNAc,0.3326672,0.237755089,0.173696223,0.565844393,0.487870551,0.174591635,0.250690248,0.29809728,0.096078825,0.142950819,0.451245778,0.081266281,0.047690472,0.211068498,0.18535424,0.087145484,0.185914718,0.196300387,0.235829367,0.233451042,0.291074873,0.227981095,0.215029917,0.180018284,0.139456645,0.13158861,0.177404934,0.26582527,0.25259122,0.129232552,0.119221869,0.20001733,0.108481347,0.352022378,0.342707941,0.35447476,0.363732729,0.284518081,1.143694818,0.26516614,0.376503783,0.253895569,0.302708588,0.474597951,0.295473817,0.238865766,0.199012711,0.383399178,0.194838938,0.309160272,0.328749484,0.282890703,0.209186535,0.162076172,0.172974691,0.182745814,0.165527174,0.329259143,0.238908866,0.129616352,0.327322095,0.454958451,0.180840325,0.15220109,0.230291878,0.1545944,0.266443209,0.214994994,0.162376687,0.194250076,0.182111634
Neu5Ac(a2-6)Gal(b1-4)GlcNAc(b1-2/4)[Gal(b1-4)GlcNAc(b1-2/4)]Man(a1-3)[Neu5Ac(a2-6)Gal(b1-4)GlcNAc(b1-2)Man(a1-6)]Man(b1-4)GlcNAc(b1-4)GlcNAc,0.203656836,0.12882825,0.117335414,0.193183976,0.222362568,0.202940308,0.162795466,0.163445756,0.152719046,0.338365012,0.129340655,0.098528601,0.093297764,0.179047053,0.117956431,0.215789454,0.285094638,0.171355237,0.141731056,0.091300759,0.194228932,0.239995699,0.274984373,0.186820516,0.192065215,0.220928502,0.180911762,0.186988206,0.101807544,0.108204075,0.145384998,0.179850248,0.107789519,0.109507521,0.132109193,0.155189842,0.115046192,0.117351932,0.088005818,0.120133562,0.0802118,0.087565358,0.093145869,0.087102169,0.103262812,0.112898327,0.127538161,0.162521036,0.135280409,0.131782843,0.13460993,0.062959807,0.200766664,0.091387697,0.13549072,0.077728892,0.136922016,0.132168451,0.098245043,0.103231824,0.063253173,0.090355281,0.096286611,0.11002598,0.10802284,0.119306328,0.105484943,0.150450332,0.140043057,0.127172901,0.135157189
Neu5Ac(a2-6)Gal(b1-4)GlcNAc(b1-2)Man(a1-3)[Neu5Ac(a2-3)Gal(b1-4)GlcNAc(b1-2/6)[Gal(b1-4)GlcNAc(b1-2/6)]Man(a1-6)]Man(b1-4)GlcNAc(b1-4)GlcNAc,0.67137311,0.841125268,0.665436344,0.794986687,1.04537247,0.520101406,0.51051536,1.02142219,0.210894277,0.58306548,0.888293293,0.335696981,0.275553593,0.706175422,0.607614723,0.416287664,0.554506001,1.093464433,0.707976177,0.56133243,1.103969734,1.084602966,0.857090794,0.70844798,0.776475981,0.734689967,0.752533716,0.623264154,0.869361751,0.2171419,0.506326111,0.345632967,0.366266462,0.720764398,0.521003332,0.725513456,0.840413609,0.654116011,0.441835269,1.042218354,0.569312199,0.625158818,0.614218241,0.674627673,0.706728609,0.511694935,0.519977145,0.789543004,0.576340795,0.573460848,0.572473852,0.299930931,0.816293538,0.419113208,0.715160401,0.393452794,0.720680608,0.541212399,0.568326428,0.529551345,0.73585152,1.064932546,0.436181019,0.582517006,0.397359436,0.596170566,0.746650996,0.92750826,0.514571966,0.617608633,0.682792438
Neu5Ac(a2-3)Gal(b1-4)GlcNAc(b1-2/4)[Gal(b1-4)GlcNAc(b1-2/4)]Man(a1-3)[Neu5Ac(a2-3)Gal(b1-4)GlcNAc(b1-2)Man(a1-6)]Man(b1-4)GlcNAc(b1-4)GlcNAc,0.114764473,0.098411993,0.068819529,0.123070534,0.0952755,0.057582266,0.052116078,0.102988766,0.118699872,0.099219754,0.052998418,0.046453601,0.046083308,0.068294898,0.059640007,0.037233447,0.363101956,0.087445073,0.09144862,0.134419172,0.093812465,0.077817433,0.120962458,0.109858574,0.052619298,0.06268182,0.075605234,0.09626565,0.071287819,0.05752165,0.085119168,0.09929465,0.054757024,0.060873179,0.097235315,0.058348323,0.064727456,0.070472824,0.061751665,0.058904853,0.060035738,0.053164551,0.073009277,0.05981325,0.066879054,0.098297673,0.071029984,0.083186738,0.090007711,0.06747114,0.094587965,0.046940406,0.073258962,0.087551367,0.069784228,0.070720624,0.074354227,0.044558672,0.06343804,0.052727614,0.042438166,0.043759015,0.061895502,0.068243237,0.088472222,0.064390821,0.072532094,0.085373215,0.089511129,0.071125962,0.098523691
Neu5Ac(a2-3)Gal(b1-4)GlcNAc(b1-2)Man(a1-3)[Neu5Ac(a2-3)Gal(b1-4)GlcNAc(b1-2/6)[Gal(b1-4)GlcNAc(b1-2/6)]Man(a1-6)]Man(b1-4)GlcNAc(b1-4)GlcNAc,0.967193194,0.599040241,0.805808905,1.001601492,0.805809953,0.543074753,0.527407379,1.288530623,0.594020518,0.333223755,0.876396736,0.108078008,0.483543165,0.845784052,0.800334406,0.451621639,1.972418385,1.066164396,0.788452662,1.387617572,1.113296908,0.699598438,0.96024291,0.982782224,0.779157952,0.633481315,0.637478633,0.603674121,0.580872692,0.342256682,0.695862873,0.625427307,0.400078057,0.96592072,0.753968928,0.785263962,0.82460645,1.002491084,0.688896793,0.846364299,0.717279168,0.909186945,0.848723468,0.82242756,0.774289664,0.693189663,0.72764702,0.789314522,0.525837389,0.741750968,0.665583517,0.490638674,0.653245465,0.696551216,0.861220255,0.644502826,0.910401799,0.594447582,0.736008457,0.587216863,0.984733097,1.242125589,0.589211453,0.619415712,0.59410844,0.772481606,0.711542496,0.846238358,0.59889187,0.728402944,0.773038866
{Fuc(a1-3)}Neu5Ac(a2-6)Gal(b1-4)GlcNAc(b1-2/4)[Gal(b1-4)GlcNAc(b1-2/4)]Man(a1-3)[Neu5Ac(a2-6)Gal(b1-4)GlcNAc(b1-2)Man(a1-6)]Man(b1-4)GlcNAc(b1-4)GlcNAc,0.097430536,0.425458222,0.310237178,0.256245461,0.282054017,0.084269922,0.10307733,0.065380433,0.11131064,0.636316694,0.181161067,0.4553572,0.300362416,0.136591077,0.087330347,0.340290524,0.166246511,0.088442732,0.484654925,0.170822901,0.082115861,0.552269292,0.417574098,0.310281216,0.225375784,0.150998075,0.243325098,0.30213018,0.434283856,0.157049665,0.13194245,0.162163868,0.106683511,0.157918486,0.096728973,0.169976194,0.216298855,0.129830928,0.102093268,0.064174633,0.149731851,0.074035742,0.100990533,0.107495153,0.137860482,0.079882365,0.100887937,0.142860894,0.256151011,0.192967501,0.211994552,0.073719922,0.240995184,0.148675333,0.095114036,0.054379474,0.079488277,0.094351813,0.050968099,0.0887165,0.088049422,0.149089538,0.100026562,0.096656847,0.090323018,0.121551719,0.178309878,0.134149319,0.201444623,0.104747932,0.165523587
{Fuc(a1-3)}Neu5Ac(a2-3/6)Gal(b1-4)GlcNAc(b1-2/4)[Gal(b1-4)GlcNAc(b1-2/4)]Man(a1-3)[Neu5Ac(a2-3/6)Gal(b1-4)GlcNAc(b1-2)Man(a1-6)]Man(b1-4)GlcNAc(b1-4)GlcNAc,0.120540207,0.406429441,0.515904269,0.365199086,0.268200173,0.048813953,0.105701279,0.01438032,0.101124834,0.423760821,0.179075422,0.1988992,0.123661883,0.073140417,0.07751364,0.203692076,0.26477266,0.080437885,0.519264059,0.272478655,0.120021237,0.46217185,0.522922275,0.265920785,0.241791885,0.072112549,0.206197217,0.330578448,0.509457352,0.2603194,0.196720314,0.236088156,0.105444635,0.226575471,0.099677402,0.201350481,0.21210962,0.142475169,0.123737305,0.066604877,0.193305271,0.086986753,0.165836708,0.117150256,0.179772817,0.114797267,0.104435382,0.13139055,0.305471202,0.266574612,0.307687008,0.09302219,0.238467011,0.165890084,0.093219632,0.020107654,0.083649091,0.067345493,0.115455135,0.113696119,0.076579568,0.189009225,0.093587134,0.162042655,0.087771638,0.143787302,0.165162215,0.14115341,0.233664514,0.158500677,0.151804387
Neu5Ac(a2-6)Gal(b1-4)GlcNAc(b1-2)[Neu5Ac(a2-6)Gal(b1-4)GlcNAc(b1-4)]Man(a1-3)[Neu5Ac(a2-6)Gal(b1-4)GlcNAc(b1-2)Man(a1-6)]Man(b1-4)GlcNAc(b1-4)GlcNAc,1.930107031,2.852531647,2.574152297,1.647474195,2.425638988,2.228031294,2.222030014,3.063976113,1.412173074,2.947224953,2.075700457,1.713415923,1.081407903,1.365573639,1.616290413,2.781537745,1.335486695,3.120193932,2.279353619,1.346838821,3.149335384,3.522020641,2.449177262,2.293516782,2.459673724,3.222963433,2.229479105,2.767911928,2.600363575,1.783084743,2.163297453,2.502000658,1.120479712,1.816102032,1.373686872,1.466480072,1.75665094,1.782970907,1.322431322,2.163733986,1.342328371,1.980855316,1.388844526,1.476036909,1.417632901,1.224110994,0.0396496,2.400957473,1.277082405,0.062436523,1.738379289,0.961058275,2.494990881,1.105737336,1.80818202,1.2475045,1.945067709,1.309507153,1.335063915,1.284656942,1.417765633,1.805892943,1.206049909,1.766301186,1.284180419,1.386820188,1.808094425,2.178763321,1.732918273,1.581927595,1.690781969
Neu5Ac(a2-3/6)Gal(b1-4)GlcNAc(b1-2)[Neu5Ac(a2-3/6)Gal(b1-4)GlcNAc(b1-4)]Man(a1-3)[Neu5Ac(a2-3/6)Gal(b1-4)GlcNAc(b1-2)Man(a1-6)]Man(b1-4)GlcNAc(b1-4)GlcNAc,3.792873373,2.998673612,3.585427481,3.765149774,3.650326323,3.106194944,3.780069632,7.7750998,3.166745743,1.588848937,4.171817821,0.695335363,2.351352287,2.946049889,3.943049823,2.251022025,4.04551928,6.113376859,2.968274231,4.192971546,6.56707942,3.29204202,3.385589241,4.231578586,4.256139884,5.09903267,3.725557551,2.647822335,2.982787995,2.356857917,4.6020526,3.231018473,2.537444744,4.233376203,4.486667619,3.562653721,3.846804281,5.477718932,4.182425156,5.918971261,3.284642857,6.00029863,4.425991094,4.45080544,4.226525034,3.407191828,1.176638218,5.464985282,2.256975531,2.018953662,3.37079768,3.117356746,3.600477977,2.699808491,5.009983164,4.068086611,5.27193862,3.342862655,4.777010306,3.252329813,5.223323132,4.766596593,4.037833864,3.786453961,3.399502595,3.931895904,3.393465949,4.55742917,2.892086326,4.404112296,4.444576177
Neu5Ac(a2-3/6)Gal(b1-4)GlcNAc(b1-2)[Neu5Ac(a2-3/6)Gal(b1-4)GlcNAc(b1-4)]Man(a1-3)[Neu5Ac(a2-3/6)Gal(b1-4)GlcNAc(b1-2)Man(a1-6)]Man(b1-4)GlcNAc(b1-4)GlcNAc,0.348539778,0.325403631,0.445617337,0.624460703,0.360713786,0.457856677,0.401406781,0.742015392,0.845674601,0.27342278,0.402529351,0.068819028,0.776669785,0.66208889,0.462536786,0.431795107,1.131051482,1.037783071,0.508557442,0.890761672,0.828053404,0.326135465,0.752853879,0.67584413,0.705591973,0.458927959,0.449732432,0.314036917,0.191320454,0.41071339,0.536781142,0.430819517,0.236500644,0.423128693,0.476304746,0.508264133,0.476677839,0.663591383,0.494795389,0.740467978,0.274403919,0.793525646,0.43241724,0.366285756,0.582227499,0.368111101,2.723844984,0.938068315,0.376945439,3.65140594,0.478035159,0.284442219,0.360259373,0.222447687,0.509518157,0.323172003,0.642248619,0.252307703,0.276980869,0.302241993,0.310747671,0.299196683,0.382029818,0.575111855,0.287089948,0.384079383,0.265925497,0.422252352,0.39820664,0.439052224,0.414935804
Neu5Ac(a2-3)Gal(b1-4)GlcNAc(b1-2)[Neu5Ac(a2-3)Gal(b1-4)GlcNAc(b1-4)]Man(a1-3)[Neu5Ac(a2-3)Gal(b1-4)GlcNAc(b1-2)Man(a1-6)]Man(b1-4)GlcNAc(b1-4)GlcNAc,0.351577653,0.216591533,0.396752234,0.339991711,0.325701654,0.143369456,0.275319563,0.719857033,0.400922511,0.090886009,0.415570727,0.040416651,0.387796875,0.239978813,0.386949417,0.234151019,0.836079848,0.565501867,0.335628763,1.040605419,0.575427585,0.279302901,0.305313675,0.527223965,0.389197892,0.309233125,0.294822997,0.183440601,0.280209106,0.206675116,0.505995912,0.283747978,0.299332352,0.452726059,0.478740365,0.349639112,0.406549775,0.581937338,0.590118441,0.575270262,0.283140196,0.702381948,0.446343746,0.503378169,0.442164028,0.3855346,0,5.464985282,0.298574004,0,0.292173957,0.366663743,0.280747149,0.268745835,0.495438243,0.451332577,0.495015223,0.327675972,0.480931939,0.310582347,0.580024753,0.559914359,0.405871663,0.353788127,0.367158153,0.293544958,0.28941025,0.428405317,0.286740186,0.500404635,0.441066956
{Fuc(a1-3)}Neu5Ac(a2-6)Gal(b1-4)GlcNAc(b1-2)[Neu5Ac(a2-6)Gal(b1-4)GlcNAc(b1-4)]Man(a1-3)[Neu5Ac(a2-6)Gal(b1-4)GlcNAc(b1-2)Man(a1-6)]Man(b1-4)GlcNAc(b1-4)GlcNAc,1.39705691,5.002353133,5.323988864,3.027366081,2.507441923,0.847913154,1.871157203,0.225891296,2.018163604,4.475067671,1.824455945,3.10174654,1.612533092,0.550229188,0.997540951,4.555805572,1.437319625,0.556114739,4.186903656,2.081090373,1.025622804,3.99555434,4.32618669,2.743063222,2.30724024,0.838026456,1.821283652,4.061054814,5.144095323,4.623435568,3.209215527,4.21704255,1.363626484,2.079418227,1.576152725,1.409041969,1.911416166,1.701985902,1.094730024,0.79097908,1.704240479,1.05646365,1.477555084,1.252935681,1.822340927,1.290517351,1.106607809,2.08211582,2.330746826,2.504263384,2.82311498,1.021214775,3.063656168,1.338492236,1.200469719,0.448101523,1.230488537,0.964154345,0.779036966,1.396554445,0.944055964,1.269773717,1.412052705,1.70506326,1.098138843,1.173971585,1.880992094,1.675754147,2.92980823,1.487603593,2.026775194
{Fuc(a1-3)}Neu5Ac(a2-3/6)Gal(b1-4)GlcNAc(b1-2)[Neu5Ac(a2-3/6)Gal(b1-4)GlcNAc(b1-4)]Man(a1-3)[Neu5Ac(a2-3/6)Gal(b1-4)GlcNAc(b1-2)Man(a1-6)]Man(b1-4)GlcNAc(b1-4)GlcNAc,0.080653196,0.401506678,0.39063479,0.309085048,0.157077652,0.029918146,0.074871925,0.02664632,0.28062502,0.219901435,0.119601918,0.269815245,0.162060492,0.062936625,0.092092468,0.425857326,0.098089098,0.049506783,0.510348429,0.212774934,0.060961409,0.492526618,0.399982236,0.293523516,0.221045619,0.075730605,0.182955071,0.142139117,0.17475684,0.299923509,0.161779733,0.15523091,0.100862994,0.089034219,0.078977418,0.097830591,0.13947136,0.115494945,0.100144551,0.047596831,0.117608132,0.085885655,0.056032069,0.06359438,0.131223375,0.094911288,0.05688494,0.17184151,0.190013581,0.278084834,0.228718091,0.04765093,0.423207171,0.10139276,0.197640776,0.094535883,0.069572274,0.090577557,0.081474217,0.051967139,0.06737327,0.120653043,0.161987821,0.131202596,0.105495361,0.078864103,0.100085492,0.18553225,0.234473848,0.157199919,0.125733372
{Fuc(a1-3)}Neu5Ac(a2-3/6)Gal(b1-4)GlcNAc(b1-2)[Neu5Ac(a2-3/6)Gal(b1-4)GlcNAc(b1-4)]Man(a1-3)[Neu5Ac(a2-3/6)Gal(b1-4)GlcNAc(b1-2)Man(a1-6)]Man(b1-4)GlcNAc(b1-4)GlcNAc,0.165648041,0.248255844,0.206639319,0.127503796,0.175176136,0.082883536,0.096482876,0.100463955,0.087280541,0.178867439,0.185132543,0.098859757,0.186603084,0.136896166,0.289603131,0.291600578,0.087263051,0.099381241,0.145325825,0.077637362,0.27806748,0.338700888,0.207808253,0.146097858,0.156966015,0.390924175,0.257685564,0.141317952,0.259289768,0.060458886,0.093758693,0.167971063,0.055600963,0.080629489,0.061149173,0.08203117,0.090762465,0.071111636,0.068100188,0.114407013,0.205183523,0.075376009,0.064149524,0.300314287,0.065254396,0.107138471,0.081136882,0.22467605,0.103196994,0.267149174,0.087578429,0.121418456,0.388961017,0.178536523,0.334734924,0.279682805,0.234391748,0.136795008,0.042969503,0.198166809,0.233716273,0.328646438,0.282744397,0.322929384,0.176781622,0.250911084,0.294539728,0.276900763,0.181359167,0.291741399,0.327708074
{Fuc(a1-3)}Neu5Ac(a2-3)Gal(b1-4)GlcNAc(b1-2)[Neu5Ac(a2-3)Gal(b1-4)GlcNAc(b1-4)]Man(a1-3)[Neu5Ac(a2-3)Gal(b1-4)GlcNAc(b1-2)Man(a1-6)]Man(b1-4)GlcNAc(b1-4)GlcNAc,0.386506483,0.514291409,0.560856951,0.432659718,0.354292162,0.171718129,0.205261065,0.208933318,0.336293456,0.198144432,0.381546648,0.037861886,0.07900529,0.027215665,0.052862267,0.036048558,0.503814382,0.294017513,0.483310428,0.574091084,0.568001625,0.332718126,0.44223756,0.453689329,0.464929929,0.573512391,0.484242834,0.303292804,0.456491006,0.390054698,0.372277266,0.45682941,0.201446508,0.328296061,0.241394166,0.23042265,0.311838372,0.346479797,0.299007751,0.251149151,0,0.314469765,0.236842976,0,0.259547689,0.275275959,0.195884669,0.493812881,0.320157138,0.327433379,0.309284475,0.197592594,0.032629628,0.032904133,0.040063903,0.05759982,0.069849506,0.029654867,0.130973721,0.026249839,0.036669443,0.017256473,0.08012331,0.038038439,0.022850382,0.041176134,0.294539728,0.070254693,0.435133786,0.067453585,0.083514003
Neu5Ac(a2-3/6)Gal(b1-4)GlcNAc(b1-2)[Neu5Ac(a2-3/6)Gal(b1-4)GlcNAc(b1-4)]Man(a1-3)[Neu5Ac(a2-3/6)Gal(b1-4)GlcNAc(b1-2)[Neu5Ac(a2-3/6)Gal(b1-4)GlcNAc(b1-6)]Man(a1-6)]Man(b1-4)GlcNAc(b1-4)GlcNAc,0.093673094,0.107738169,0.11755092,0.109995471,0.151735637,0.105051744,0.085242073,0.158775082,0.1005381,0.051650591,0.070038886,0.069908816,0.065598178,0.067814192,0.097239178,0.142924407,0.243676813,0.304488139,0.144109289,0.04837622,0.276251297,0.166243916,0.211373475,0.111383744,0.113091407,0.310445894,0.197020024,0.117796674,0.069955524,0.078114981,0.115955304,0.170049773,0.094326825,0.098054406,0.121220057,0.111537021,0.072395681,0.075675008,0.049051391,0.220391259,0.139456536,0.081101351,0.064158218,0.157437802,0.081526897,0.107687402,0.076190031,0.22010227,0.101203853,0.0849822,0.076043679,0.066528294,0.111294335,0.033332016,0.163087678,0.085249661,0.101243357,0.046319024,0.193526671,0.062754688,0.055774846,0.055954782,0.078110176,0.596581189,0.022650215,0.114313399,0.058134617,0.113457722,0.044838298,0.099839119,0.573388818
Neu5Ac(a2-3/6)Gal(b1-4)GlcNAc(b1-2)[Neu5Ac(a2-3/6)Gal(b1-4)GlcNAc(b1-4)]Man(a1-3)[Neu5Ac(a2-3/6)Gal(b1-4)GlcNAc(b1-2)[Neu5Ac(a2-3/6)Gal(b1-4)GlcNAc(b1-6)]Man(a1-6)]Man(b1-4)GlcNAc(b1-4)GlcNAc,0.420880064,0.331590552,0.507429479,0.542044919,0.511576853,0.087853718,0.109536546,0.135461037,0.188433338,0.130027756,0.082234586,0.074529408,0.493125705,0.269317277,0.49724239,0.408842098,1.362451129,1.299014161,0.494127182,0.355328022,1.099951603,0.533525167,0.637747023,0.587146185,0.657368669,1.113229686,0.654279609,0.23281087,0.189122204,0.341313418,0.571665658,0.498691637,0.50748455,0.580159141,0.726291952,0.490318582,0.35955566,0.666863026,0.474127054,0.80919844,0.334759142,0.849463639,0.505143944,0.693928625,0.443369563,0.553270873,0.064153882,1.169281639,0.411127123,0.120216997,0.502373477,0.066528294,0.373435393,0.032145834,0.700759529,0.300128557,0.781365093,0.313065432,0.313256466,0.482335617,0.388914153,0.311878268,0.330994558,0.596581189,0.225404223,0.536154646,0.15182303,0.709984604,0.224080466,0.582952728,0.573388818
Neu5Ac(a2-3/6)Gal(b1-4)GlcNAc(b1-2)[Neu5Ac(a2-3/6)Gal(b1-4)GlcNAc(b1-4)]Man(a1-3)[Neu5Ac(a2-3/6)Gal(b1-4)GlcNAc(b1-2)[Neu5Ac(a2-3/6)Gal(b1-4)GlcNAc(b1-6)]Man(a1-6)]Man(b1-4)GlcNAc(b1-4)GlcNAc,0.420880064,0.22684771,0.435226009,0.463717461,0.292392298,0.407371046,0.393697901,0.592214594,0.691941453,0.146168251,0.337054192,0.051881443,0.478352326,0.231886284,0.371422714,0.303291528,1.84502699,0.91914864,0.339427812,0.51561774,0.740318197,0.336213325,0.444787244,0.488683128,0.545439288,0.585226055,0.411451152,0.113864812,0.148139844,0.303090405,0.392235401,0.273986216,0.368573777,0.488060136,0.655375358,0.352224066,0.312893095,0.663678035,0.447294149,0.630524473,0.246543679,0.844776843,0.488083051,0.624856894,0.378378786,0.534419991,0.044652371,0.795231581,0.354823845,0.024645643,0.412853251,0.080710559,0.270808052,0.169078254,0.57150603,0.218321836,0.546893802,0.237167148,0.351905416,0.482041374,0.458812524,0.296960182,0.265084431,0.426324982,0.197135894,0.401654562,0.137820031,0.499801081,0.179130713,0.573581792,0.491498523
