ID,Surf1_rel,Surf2_rel,TCL1_rel,TCL2_rel
A6NHM9_404_H7N2,0,0.2,0.36,0.36
A6NHM9_404_H8N2,0.24,0.15,0,0
A6NHM9_404_H9N2,0.76,0.64,0.64,0.64
A8K2U0_104_H6N2,0,0,0.11,0.07
A8K2U0_120_H8N2,0,0,0.13,0.16
A8K2U0_120_H9N2,1,1,0.87,0.84
A8K2U0_281_H6N2,0.35,0.3,0.68,0.91
A8K2U0_281_H7N2,0.07,0.09,0,0.09
A8K2U0_609_H7N2,0.04,0.03,0.02,0.03
A8K2U0_609_H8N2,0.11,0.01,0.06,0.05
A8K2U0_609_H9N2,0.85,0.96,0.92,0.92
A8K2U0_609_H9N2,,,1,1
O00151_121_H6N5A2,,,0.11,0.04
O00462_763_H2N2F1,,1,0.34,0.33
O00462_763_H3N2F1,,0,0.66,0.67
O00469_63_H6N2,,1,0.69,0.61
O00469_63_H8N2,,0,0.31,0.39
O00469_209_H8N2,,1,0.7,0.71
O00469_209_H9N2,,0,0.3,0.29
O00469_696_H5N2,0.19,0.14,0.16,0.17
O00469_696_H6N2,0.65,0.69,0.55,0.53
O00469_696_H7N2,0,0.07,0.14,0.13
O00469_696_H8N2,0.16,0.1,0.15,0.16
O00478_115_H5N4F1A1,1,1,1,
O00767_279_H4N3F1,1,1,,
O14672_278_H9N2,1,1,,
O14672_439_H5N2,0.2,0.43,1,
O14672_439_H7N2,0.48,0.34,0,
O14672_439_H8N2,0.32,0.23,0,
O14773_443_H4N3A1,,,0.18,0.11
O14773_443_H4N3F1A1,,,0.1,0.13
O14773_443_H5N4A1,,,0.28,0.29
O14773_443_H5N4F1A1,,,0.44,0.48
O14786_150_H5N4A1,1,1,,
O14974_540_H7N3F1A1,1,1,0,0
O15031_127_H5N4F1,0.06,0.05,0,0
O15031_127_H5N4F1A1,0.45,0.51,1,0.47
O15031_127_H5N4F1A2,0.49,0.44,0,0.53
O15031_528_H5N4A1,0.21,0.15,0,
O15031_528_H5N4F1A1,0.13,0.14,0,
O15031_528_H5N4A2,0.65,0.71,1,
O15031_733_H5N4F1A1,0.52,0.69,0.2,0.41
O15031_733_H5N4F1A2,0.48,0.31,0.8,0.59
O15031_759_H6N2,0.85,0.47,,
O15031_759_H5N4A1,0.15,0.53,,
O15031_795_H5N4F1A2,1,1,,
O15031_844_H5N4F1A1,0.4,0.39,1,1
O15031_844_H5N5A1,0.03,0.03,0,0
O15031_844_H5N4F2A1,0.13,0.12,0,0
O15031_844_H5N4F1A2,0.44,0.46,0,0
O15031_1049_H5N5A1,1,1,,
O15031_1099_H5N4F1A1,1,1,1,
O15371_427_H5N4F2A1,1,1,,
O43148_424_H5N4A2,1,1,1,1
O43157_1253_H5N4F2A1,0.28,0.51,0,0
O43157_1253_H5N4F1A2,0.38,0.49,0,0.22
O60487_39_H5N4A1,0.26,0.29,0.31,0.42
O60487_39_H5N4F1A1,0.49,0.42,0.69,0.45
O60487_39_H5N4A2,0.25,0.29,0,0.13
O60487_118_H7N2,1,1,,
O60568_63_H6N2,0.02,0.03,0.75,0.87
O60637_167_H4N3F1,0.49,0.42,0.34,0.38
O60637_167_H5N3F1,0.51,0.58,0.66,0.62
O60637_167_H5N3F1,,,1,1
O60716_434_H9N2,1,1,,
O60716_914_H6N2,1,1,,
O75054_101_H5N4F1,0.08,0.09,,
O75054_101_H5N4A1,0.36,0.22,,
O75054_101_H5N4F1A1,0.38,0.53,,
O75054_101_H5N4F1A2,0.19,0.16,,
O75054_825_H5N4F1A1,0.07,0.09,0,0
O75054_825_H4N5F1A1,0.05,0.08,0,0
O75054_842_H5N4F1A1,1,1,,
O75326_258_H6N2,0.54,0.68,,
O75326_258_H8N2,0.46,0.32,,
O75503_203_H9N2,,,1,1
O75718_87_H6N2,,,1,1
O75882_300_H8N2,0.71,1,0.39,0.3
O75882_300_H9N2,0.29,0,0.61,0.7
O75882_416_H6N2,0.27,0.46,,
O75882_416_H7N2,0.22,0.21,,
O75882_416_H8N2,0.51,0.33,,
O75882_731_H5N4F1A2,1,1,,
O75976_217_H5N2,0.64,0.49,0,0.02
O75976_217_H9N2,0.36,0.51,1,0.98
O75976_855_H5N4F1A1,1,1,0.54,0.58
O75976_855_H5N4F2A1,0,0,0.46,0.42
O75976_1070_H5N4F2,,,0.35,0.32
O75976_1070_H5N4F1A1,,,0.43,0.49
O75976_1070_H5N4F2A1,,,0.22,0.18
O95249_190_H2N2,0.28,0.66,0.25,0.36
O95274_118_H5N4F1,0.18,0.18,0,0
O95274_118_H9N2,0,0,0.89,0.67
O95274_118_H5N4F1A1,0.82,0.82,0.11,0.33
O95274_118_H5N4F1A1,,,1,1
O95297_50_H5N4F1A1,1,1,,
O95302_286_H8N2,,,0.64,0.43
O95302_286_H9N2,,,0.36,0.57
O95363_147_H5N4F1A1,1,1,1,1
O95487_659_H5N4A1,,,1,1
O95747_496_H5N3F1A1,1,1,,
P00533_352_H5N2,0.11,0.21,0.15,0.15
P00533_352_H6N2,0.58,0.6,0.62,0.54
P00533_352_H7N2,0.31,0.19,0.23,0.31
P00533_528_H5N4F1,0.04,0.05,0,0
P00533_528_H9N2,0,0,0.06,0.03
P00533_528_H5N4F2,0.08,0.07,0.11,0.11
P00533_528_H10N2,0.01,0,0.02,0.01
P00533_528_H5N4F1A1,0.57,0.55,0.55,0.56
P00533_528_H5N4F1A2,0.14,0.13,0.15,0.17
P00533_528_H6N5F1A1,0.04,0.04,0.03,0.03
P00533_528_H6N5F1A2,0.11,0.14,0.07,0.07
P00533_528_H6N5F2A2,0.01,0.01,0.01,0.02
P00533_603_H5N4F1A1,0.2,0.13,1,0.67
P00533_603_H5N5A1,0.67,0.78,0,0
P00533_603_H5N4F1A2,0.13,0.09,0,0.33
P02751_528_H8N2,0.67,0.61,,0.42
P02751_528_H9N2,0.33,0.39,,0.58
P02751_1007_H8N2,,,1,1
P02795_4_H6N5A1,,,1,1
P04062_309_H5N4F1A2,,,1,1
P04150_707_H1N2F1,1,1,1,1
P04156_197_H5N4F1A1,0.03,0.03,0,0
P04156_197_H5N4F1A2,0.07,0.08,0,0
P04156_197_H5N4F1A2,1,1,1,1
P05121_288_H9N2,1,1,1,1
P05556_94_H8N2,0.03,0.03,0.24,0.25
P05556_94_H9N2,0.08,0.09,0.76,0.75
P05556_94_H5N4F1A1,0.89,0.88,0,0
P05556_94_H9N2,0,0,0.2,0.24
P05556_94_H5N4F1A1,1,1,0.8,0.76
P05556_94_H5N4A1,1,1,,
P05556_212_H5N4F1,0.18,0.2,0.16,0.33
P05556_212_H6N2F1,0.11,0.11,0,0
P05556_212_H7N2,0.03,0.02,0.06,0.06
P05556_212_H5N5,0.03,0.03,0.2,0
P05556_212_H5N4F2,0.1,0.12,0,0.17
P05556_212_H8N2,0,0,0.07,0.03
P05556_212_H10N2,0,0,0.2,0.22
P05556_212_H5N4F1,0.06,0.1,0.1,0.1
P05556_212_H5N4F1A1,0.3,0.35,0.39,0.22
P05556_212_H5N5A1,0.14,0.09,0,0
P05556_212_H6N5F1,0.07,0.07,0.04,0.06
P05556_212_H9N2,0,0,0.08,0.04
P05556_212_H5N4F2,0,0,0.05,0.02
P05556_212_H5N4F2A1,0.01,0.03,0,0
P05556_212_H10N2,0,0,0.1,0.02
P05556_212_H5N4F1A1,0.47,0.41,0.36,0.48
P05556_212_H5N4F1A2,0.04,0.02,0,0
P05556_212_H5N5A1,0.1,0.23,0.04,0.07
P05556_212_H6N5F1A1,0.09,0.07,0,0
P05556_212_H7N3F1A1,0.06,0.02,0,0
P05556_212_H5N4F1A2,0.08,0.05,0.07,0.06
P05556_212_H6N5F1A1,0.08,0.06,0.06,0.11
P05556_212_H6N5F1A2,0.03,0.02,0,0
P05556_269_H5N2,0.01,0.02,0.01,0.01
P05556_269_H4N3,0,0,0,0
P05556_269_H4N4,0.01,0,0,0
P05556_269_H5N4,0.33,0.3,0.33,0.38
P05556_269_H5N4F1,0.01,0,0.01,0
P05556_269_H9N2,0,0.01,0.08,0.06
P05556_269_H5N4A1,0.59,0.6,0.44,0.39
P05556_269_H10N2,0,0,0.09,0.12
P05556_269_H5N4A2,0.05,0.06,0.04,0.04
P05556_406_H8N2,0,0,0.07,0.06
P05556_406_H5N4F1,0.08,0.06,0.06,0.05
P05556_406_H8N2,0,0,0.05,0.04
P05556_406_H9N2,0.02,0.02,0.28,0.23
P05556_406_H5N4F1,0,0,0.06,0.04
P05556_406_H9N2,0,0,0.21,0.14
P05556_406_H5N4F1A1,0.6,0.66,0.5,0.58
P05556_406_H5N5A1,0.09,0.07,0,0.01
P05556_406_H5N4F1A1,1,1,0.55,0.65
P05556_406_H5N4F2A1,0.05,0.05,0.03,0.03
P05556_406_H5N4F2A1,0,0,0.08,0.08
P05556_406_H5N4F1A2,0.05,0.04,0.02,0.03
P05556_406_H6N5F1A1,0.06,0.03,0.02,0.02
P05556_406_H6N5F1A1,0,0,0.06,0.06
P05556_406_H6N5F1A2,0.03,0.04,0.01,0
P05556_481_H6N2,0.25,0,0.1,0.12
P05556_481_H7N2,0,0,0.09,0.1
P05556_481_H8N2,0,0,0.19,0.18
P05556_481_H9N2,0,0,0.58,0.53
P05556_481_H5N4A1,0.75,1,0.05,0.07
P05556_520_H6N2,0,0,0.12,0.15
P05556_520_H7N2,0,0,0.09,0.09
P05556_520_H8N2,0,0,0.7,0.79
P05556_520_H8N2,0,0,0.38,0.36
P05556_520_H9N2,0,0,0.24,0.2
P05556_520_H10N2,0,0,0.06,0.05
P05556_669_H6N2,0,0,0.16,0.18
P05556_669_H5N4F1,0.04,0.03,0,0
P05556_669_H8N2,0,0,0.13,0.12
P05556_669_H6N2,,,0.17,0.15
P05556_669_H9N2,0,0,0.32,0.23
P05556_669_H5N4F1,0.05,0.05,0.03,0
P05556_669_H5N4F2,0.02,0.03,0,0
P05556_669_H6N2,0,0,0.05,0.04
P05556_669_H9N2,0.01,0.01,0.23,0.19
P05556_669_H7N2,,,0.05,0.05
P05556_669_H5N4F1A1,0.47,0.44,0.68,0.58
P05556_669_H8N2,,,0.14,0.12
P05556_669_H5N4F1A1,0.37,0.37,0.25,0.36
P05556_669_H5N4F2A1,0.17,0.19,0,0.19
P05556_669_H5N5A1,0.03,0.02,0,0
P05556_669_H5N4F2A1,0.16,0.18,0.13,0.12
P05556_669_H9N2,,,0.29,0.23
P05556_669_H5N4F1A2,0.19,0.19,0,0
P05556_669_H6N5F1A1,0.05,0.06,0,0
P05556_669_H9N2,0,0,0.12,0.02
P05556_669_H5N4F1A2,0.23,0.18,0.06,0.04
P05556_669_H5N4F1A1,,,0.29,0.41
P05556_669_H6N5F1A1,0.03,0.04,0,0
P05556_669_H6N5F2A1,0.05,0.06,0,0
P05556_669_H5N4F1A1,0,0,0.45,0.55
P05556_669_H6N5F2A1,0.03,0.05,0,0
P05556_669_H5N5A1,0,0,0.03,0.05
P05556_669_H5N4F2A1,0,0,0.19,0.19
P05556_669_H5N4F1A2,,,0.06,0.04
P05556_669_H6N5F1A2,0.04,0.05,0,0
P05556_669_H5N4F1A2,0,0.68,0.14,0.14
P05556_669_H6N5F2A2,0.04,0.04,0.01,0
P05556_669_H6N5F1A3,0.01,0.01,0,0
P05556_669_H6N5F2A1,1,0.32,0.01,0
P06213_43_H6N2,1,1,,
P06213_445_H8N2,1,1,,
P06756_74_H4N3,0.01,0.01,0.01,0
P06756_74_H4N3F1,0.08,0.07,0.11,0.08
P06756_74_H5N3,0.04,0.03,0.06,0.07
P06756_74_H4N4,0.02,0.01,0,0
P06756_74_H4N3F2,0.01,0.01,0.02,0.01
P06756_74_H5N3F1,0.22,0.22,0.37,0.33
P06756_74_H6N3,0.02,0.01,0.01,0.02
P06756_74_H5N4,0.08,0.08,0.03,0.03
P06756_74_H4N3F1A1,0.02,0.02,0,0
P06756_74_H5N3A1,0.01,0,0,0
P06756_74_H5N3F2,0.03,0.03,0.04,0.03
P06756_74_H6N3F1,0.01,0.01,0,0
P06756_74_H5N4F1,0.19,0.21,0.27,0.29
P06756_74_H5N5,0.04,0.05,0,0
P06756_74_H5N3F1A1,0.05,0.04,0,0.02
P06756_74_H5N4A1,0.01,0.02,0,0.01
P06756_74_H5N4F2,0.03,0.04,0.05,0.05
P06756_74_H5N5F1,0.01,0.01,0,0
P06756_74_H5N4F1A1,0.09,0.07,0.02,0.03
P06756_74_H5N5A1,0.02,0.02,0,0.01
P06756_74_H5N4F2A1,0.01,0.01,0,0
P06756_74_H5N4F1A2,0.01,0.02,0,0.01
P06756_74_H4N3F1,0.09,0.07,,
P06756_74_H5N3F1,0.54,0.52,,
P06756_74_H6N3,0.06,0.06,,
P06756_74_H5N4F1,0.23,0.29,,
P06756_74_H5N3F1A1,0.06,0.04,,
P06756_74_H5N4F1A1,0.02,0.02,,
P06756_488_H5N2,1,1,,
P06756_554_H5N4F1,0.1,0.11,0,0
P06756_554_H9N2,0,0.01,0.65,0.24
P06756_554_H5N4F2,0.09,0.09,0,0.06
P06756_554_H5N4F1A1,0.49,0.42,0.35,0.1
P06756_554_H5N4F2A1,0.13,0.13,0,0.51
P06756_554_H5N4F1A2,0.07,0.11,0,0
P06756_554_H6N5F1A1,0.03,0.05,0,0
P06756_554_H6N5F2A1,0.04,0.03,0,0.08
P06756_554_H6N5F1A2,0.06,0.06,0,0
P06756_554_H5N4F1A2,1,,1,1
P06756_704_H4N3F1,0.02,0.02,0,0
P06756_704_H5N4F1,0.24,0.22,0.18,0.13
P06756_704_H9N2,0,0,0.04,0.03
P06756_704_H5N4F2,0.07,0.08,0.11,0.1
P06756_704_H5N4F1A1,0.67,0.68,0.67,0.73
P06756_704_H5N4F1,0,0.07,0.13,0.09
P06756_704_H5N4F2,0,0,0.08,0.05
P06756_704_H5N4F1A1,0.95,0.72,0.65,0.71
P06756_704_H5N4F2A1,0.05,0.1,0.08,0.09
P06756_704_H5N4F1A2,0,0.12,0.06,0.06
P06756_874_H5N4F1A1,0.34,0.34,0,0
P06756_874_H8N2,1,1,,
P06756_874_H5N4F2A1,0.06,0.06,0,1
P06756_874_H5N4F1A2,0.13,0.17,0,0
P06756_874_H6N5F1A1,0.23,0.22,1,0
P06756_874_H6N5F2A1,0.15,0.11,0,0
P06756_874_H6N5F1A2,0.09,0.11,0,0
P06756_945_H5N2,0.06,0.11,0,0
P06756_945_H6N2,0.2,0.19,0,0
P06756_945_H5N3,0.04,0.04,0,0
P06756_945_H7N2,0.1,0.06,0,0
P06756_945_H6N3,0.07,0.1,0,0
P06756_945_H5N4,0.02,0.03,0,0
P06756_945_H5N3A1,0.07,0.06,0,0
P06756_945_H5N4F1,0.08,0.1,0,0
P06756_945_H6N3A1,0.04,0.06,1,1
P06756_945_H5N4A1,0.04,0.04,0,0
P06756_945_H5N4F1A1,0.27,0.22,0,0
P07339_263_H3N2F1,0,0,0.37,0.26
P07339_263_H5N2,0,0,0.08,0.12
P07339_263_H5N2F1,1,1,0.06,0.06
P07339_263_H6N2,0,0,0.25,0.31
P07339_263_H7N2,0,0,0.23,0.25
P07602_101_H2N2F1,0,0,0.19,0.17
P07602_101_H3N2F1,0,0,0.41,0.32
P07602_101_H4N3F1,0,0,0.05,0.08
P07602_101_H4N3F1A1,0,0,0.23,0.25
P07602_101_H5N4F1,0,0,0.03,0.02
P07602_101_H5N4F1A1,0,0.41,0.04,0.08
P07602_101_H6N5F1,0,0,0.01,0.02
P07602_101_H5N4F1A2,0,0,0.01,0.01
P07602_101_H6N5F1A1,1,0.59,0.03,0.04
P07602_215_H3N2F1,,,1,1
P07602_215_H2N2F1,0.02,0,0.14,0.19
P07602_215_H3N2F1,0.98,1,0.86,0.81
P07602_332_H1N2F1,0,0,0.01,0.01
P07602_332_H2N2,0.55,0.4,0.03,0.03
P07602_332_H2N2F1,0,0,0.31,0.33
P07602_332_H3N2,0.04,0.04,0.04,0.04
P07602_332_H3N2F1,0,0,0.14,0.11
P07602_332_H4N2,0,0,0.1,0.1
P07602_332_H5N2,0.41,0.44,0.05,0.06
P07602_332_H5N2F1,0,0,0.03,0.02
P07602_332_H6N2,0,0,0.2,0.18
P07602_332_H4N3F1,0,0,0.01,0.01
P07602_332_H7N2,0,0.03,0.01,0.01
P07602_332_H4N3F1A1,0,0,0.04,0.06
P07602_332_H8N2,0,0.08,0.01,0.01
P07602_332_H2N2F1,0.03,0,0.96,0.78
P07602_332_H9N2,0,0,0.01,0.01
P07602_332_H4N4F1A1,0,0,0.01,0.01
P07602_332_H3N2F1,0,0,0.04,0.1
P07602_332_H5N2,0.97,1,0,0.12
P07602_332_H5N4F1A2,0,0,0.01,0.01
P07602_426_H2N2F1,,,0.06,0.11
P07602_426_H3N2F1,,,0.03,0.03
P07602_426_H4N2,,,0.26,0.09
P07602_426_H5N2,,,0.13,0.11
P07602_426_H5N2F1,,,0.06,0.08
P07602_426_H6N2,,,0.21,0.28
P07602_426_H6N2F1,,,0.04,0.04
P07602_426_H7N2,,,0.13,0.1
P07602_426_H4N3F1A1,,,0.05,0.1
P07602_426_H8N2,,,0.01,0.02
P07602_426_H6N2,,,0.25,0.31
P07602_426_H3N2F1,0,0,0.06,0.13
P07602_426_H7N3F1A1,,,0.03,0.05
P07602_426_H5N2,0.69,1,0.11,0.11
P07602_426_H6N2,0,0,0.35,0.18
P07602_426_H5N5,,,0.57,0.44
P07602_426_H7N2,0,0,0.09,0.03
P07602_426_H5N5A1,,,0.18,0.25
P07602_426_H4N3F1A1,0.31,0,0.17,0.21
P07602_426_H6N3F1A1,0,0,0.03,0.04
P07602_426_H7N3F1A1,0,0,0.1,0.09
P07602_426_H5N4F2A1,0,0,0.02,0.01
P07602_426_H5N5A1,0,0,0.06,0.17
P07602_426_H5N4F1A2,0,0,0.02,0.02
P07711_221_H2N2,,,0.1,0.07
P07711_221_H3N2,,,0.12,0.12
P07711_221_H5N2,,,0.67,0.7
P07711_221_H6N2,,,0.08,0.07
P07711_221_H7N2,,,0.04,0.04
P07942_677_H5N2,0.17,0.18,0.13,0.17
P07942_677_H6N2,0.44,0.47,0.41,0.43
P07942_677_H8N2,0.24,0.2,0.24,0.22
P07942_677_H9N2,0.15,0.15,0.23,0.18
P07942_1279_H6N2,1,0.86,0.77,0.78
P07942_1279_H8N2,0,0.14,0.23,0.22
P07947_9_H3N2F1,,,1,1
P07996_360_H6N2,,1,1,1
P07996_360_H6N2,1,,0.6,0.65
P07996_360_H8N2,0,,0.4,0.35
P07996_1067_H6N2,0.06,0.08,0.18,0.14
P07996_1067_H7N2,0.02,0.02,0.06,0.05
P07996_1067_H5N4,0.18,0.09,0.06,0.1
P07996_1067_H4N5,0,0,0.02,0.03
P07996_1067_H8N2,0.15,0.12,0.22,0.14
P07996_1067_H5N4F1,0.05,0.02,0.03,0.05
P07996_1067_H9N2,0,0.11,0.21,0.12
P07996_1067_H5N4A1,0.36,0.39,0.18,0.32
P07996_1067_H5N4A2,0.17,0.17,0.03,0.06
P08069_135_H3N2F1,0.03,0.04,0.11,0.12
P08069_135_H5N2,0.03,0.04,0,0
P08069_135_H6N2,0.11,0.1,0.02,0.01
P08069_135_H7N2,0.16,0.1,0.04,0.02
P08069_135_H8N2,0.04,0.03,0.03,0.02
P08069_135_H9N2,0.27,0.22,0.3,0.21
P08069_135_H5N4F2,0,0,0.14,0.09
P08069_135_H7N3A1,0,0,0.26,0.35
P08069_135_H5N5A1,0.05,0.05,0,0
P08069_135_H6N5A1,0.05,0.06,0.1,0.07
P08069_135_H6N5A3,0.23,0.3,0,0.11
P08069_135_H9N8F1A1,0.03,0.04,0,0
P08069_747_H5N4F1,1,1,,
P08069_900_H5N2,0.17,0.27,0.95,0.98
P08069_900_H6N2,0.33,0.27,0,0
P08069_900_H5N3,0.09,0.07,0,0
P08069_900_H7N2,0.18,0.19,0,0
P08069_900_H6N3,0.18,0.18,0.05,0.02
P08069_900_H8N2,0.06,0.03,0,0
P08473_145_H5N4A1,1,1,1,
P08581_405_H5N4F1A1,1,1,,
P08581_785_H4N3F1A1,0.05,0.04,,
P08581_785_H5N4F1,0.09,0.07,,
P08581_785_H5N4A1,0.86,0.89,,
P08581_879_H5N3F1,0.02,0.02,0,
P08581_879_H4N3F1A1,0.01,0.01,0,
P08581_879_H5N3F2,0.06,0.03,0,
P08581_879_H5N4F1,0.1,0.15,0.37,
P08581_879_H5N3F1A1,0.16,0.16,0.24,
P08581_879_H5N4F2,0.11,0.16,0,
P08581_879_H5N4F1A1,0.54,0.47,0.39,
P08582_135_H6N2,1,1,,
P08648_182_H5N4F1A1,1,1,,1
P08648_868_H5N4F1A1,0.26,0.28,0.35,0.3
P08648_868_H5N4F2A1,0.27,0.34,0.35,0.38
P08648_868_H5N4F1A2,0.47,0.38,0.3,0.32
P08962_130_H5N4F1A1,1,,1,1
P09486_116_H9N2,1,1,1,1
P09758_208_H5N4F2,0.03,0.03,0.08,0.05
P09758_208_H5N4F1A1,0.6,0.42,0.59,0.71
P09758_208_H5N4F1A2,0.37,0.56,0.33,0.24
P10253_390_H3N2,,,1,1
P10253_470_H7N2,,,1,1
P10253_882_H2N2F1,0,0,0.42,0.39
P10253_882_H3N2F1,1,1,0.58,0.61
P10316_110_H5N4F1,0.01,0.01,0,0.02
P10316_110_H5N5,0,0.01,0,0
P10316_110_H9N2,0,0,0.04,0.02
P10316_110_H5N4F2,0.02,0.02,0.03,0
P10316_110_H5N5F1,0.01,0.01,0,0
P10316_110_H10N2,0,0,0.04,0.03
P10316_110_H5N4F1A1,0.18,0.17,0.23,0.2
P10316_110_H4N5F1A1,0.02,0.02,0.03,0.03
P10316_110_H5N5A1,0.07,0.07,0,0
P10316_110_H5N4A2,0,0.18,0,0
P10316_110_H5N4F2A1,0.23,0.05,0.3,0.36
P10316_110_H5N5F1A1,0.11,0.12,0.01,0.01
P10316_110_H5N4F1A2,0.35,0.33,0.32,0.33
P10316_110_H5N4F2A2,0.01,0.01,0,0
P10321_110_H7N2,0,0,0.02,0.02
P10321_110_H8N2,0,0,0.12,0.11
P10321_110_H9N2,0,0,0.26,0.24
P10321_110_H5N4F2,0,0,0.02,0.02
P10321_110_H10N2,0,0,0.3,0.24
P10321_110_H5N4F1A1,0.17,0.14,0.07,0.09
P10321_110_H4N5F1A1,0.18,0.26,0.01,0.02
P10321_110_H5N5A1,0.07,0.08,0.01,0.01
P10321_110_H5N4F2A1,0.2,0.18,0.1,0.12
P10321_110_H5N5F1A1,0.1,0.13,0,0
P10321_110_H5N4F1A2,0.28,0.22,0.09,0.11
P10586_966_H5N4F1,0.05,0.03,0,
P10586_966_H5N4F2,0.1,0.08,0.46,
P10586_966_H5N4F1A1,0.29,0.3,0.28,
P10586_966_H5N4F2A1,0.29,0.28,0.25,
P10586_966_H6N4F1A1,0.07,0.06,0,
P10586_966_H5N5F1A1,0.02,0.07,0,
P10586_966_H5N4F1A2,0.18,0.17,0,
P10619_333_H6N2,,,1,1
P10909_291_H7N2,1,1,,
P10909_291_H6N5F1A2,1,1,1,1
P11047_650_H9N2,,,1,1
P11047_1107_H6N2,,,0.57,0.5
P11047_1107_H8N2,,,0.43,0.5
P11047_1223_H8N2,,,1,1
P11047_1241_H6N2,0,,0.44,0.43
P11047_1241_H8N2,1,,0.56,0.57
P11047_1380_H6N2,,,0.33,0.32
P11047_1380_H8N2,,,0.67,0.68
P11047_1439_H6N2,1,1,1,1
P11047_1439_H8N2,,,1,1
P11117_167_H6N2,,,0.12,0.19
P11117_167_H8N2,,,0.66,0.61
P11117_167_H9N2,,,0.22,0.2
P11279_84_H3N2F1,,,0.44,0.4
P11279_84_H4N3F1,,,0.15,0.15
P11279_84_H5N4F1A1,,,0.2,0.28
P11279_84_H6N5F1A1,,,0.17,0.14
P11279_84_H6N5F1A2,,,0.04,0.02
P11279_103_H5N2,,,0.02,0.01
P11279_103_H6N2,,,0.02,0.02
P11279_103_H5N3,,,0.03,0.03
P11279_103_H7N2,,,0.02,0.07
P11279_103_H6N3,,,0.08,0.04
P11279_103_H5N3A1,,,0.33,0.3
P11279_103_H6N3A1,,,0.48,0.51
P11279_103_H5N4A1,,,0.03,0.03
P11279_107_H5N4F1A1,0,0,0.86,0.82
P11279_107_H6N5F2,0,0,0.03,0.01
P11279_107_H7N6A1,0,0,0.02,0.01
P11279_107_H7N6F1A2,1,1,0.1,0.16
P11279_249_H8N2,0.02,0,0.01,0.02
P11279_249_H5N4F1,0.06,0.06,0.07,0.05
P11279_249_H9N2,0.04,0.07,0.04,0.04
P11279_249_H5N4F1,0.04,0.09,0.04,0.02
P11279_249_H5N4F2,0.08,0.06,0.09,0.1
P11279_249_H5N4F2,0.04,0.08,0.05,0.07
P11279_249_H5N4F1A1,0.48,0.71,0.49,0.47
P11279_249_H5N4F1A1,0.55,0.17,0.49,0.48
P11279_249_H5N4F2A1,0.32,0.1,0.26,0.28
P11279_249_H5N4F2A1,0.32,0.67,0.38,0.4
P11279_249_H5N4F1A2,0,0,0.04,0.04
P11279_249_H5N4F1A2,0.05,0,0.03,0.03
P11279_322_H6N2,0,0,0,0
P11279_322_H7N2,0,0,0.04,0.03
P11279_322_H8N2,0.2,0.21,0.2,0.27
P11279_322_H9N2,0.78,0.77,0.74,0.68
P11279_322_H10N2,0.02,0.02,0.01,0.01
P11279_322_H11N2,0,0,0,0
P11717_400_H5N2,,,1,1
P11717_581_H5N2,,,0.29,0.25
P11717_581_H6N2,,,0.71,0.75
P11717_1656_H5N4F1A1,0.26,0.12,0,0.05
P11717_1656_H5N4A2,0.13,0,0.23,0.09
P11717_1656_H5N4F1A2,0.62,0.88,0.77,0.86
P13473_49_H5N4,,,0.13,0.11
P13473_49_H5N4A1,,,0.87,0.89
P13473_58_H2N2F1,1,1,0.68,0.67
P13473_58_H3N2F1,0,0,0.32,0.33
P13473_58_H2N2F1,,,0.15,0.17
P13473_58_H3N2F1,,,0.65,0.56
P13473_58_H4N3F1A1,,,0.2,0.26
P13473_257_H5N4F1A1,,,1,1
P13473_275_H5N4A1,,,0.24,0.3
P13473_275_H6N5A1,,,0.76,0.7
P13473_356_H3N2,0,0,0.01,0.01
P13473_356_H5N2,0,0.14,0.03,0.03
P13473_356_H4N3,0,0,0.02,0.02
P13473_356_H6N2,0,0,0.03,0.04
P13473_356_H4N3F1,0,0,0.05,0.05
P13473_356_H5N3,0,0,0.01,0.02
P13473_356_H7N2,0,0.08,0.03,0.04
P13473_356_H4N3A1,0.4,0.19,0.1,0.11
P13473_356_H4N3F2,0,0,0.02,0.01
P13473_356_H6N3,0,0,0.02,0.02
P13473_356_H5N4,0,0,0.03,0.03
P13473_356_H5N3A1,0.07,0.06,0.06,0.07
P13473_356_H5N3F2,0,0,0.01,0.01
P13473_356_H6N3F1,0,0,0.02,0.02
P13473_356_H5N4F1,0,0,0.08,0.07
P13473_356_H6N3A1,0,0,0.07,0.04
P13473_356_H5N4A1,0.41,0.28,0.21,0.2
P13473_356_H5N4F2,0.12,0.1,0.12,0.1
P13473_356_H5N4F1A1,0,0.15,0.09,0.09
P13674_259_H6N2,1,0.44,0.19,0.17
P13674_259_H5N2,1,0.87,0.24,0.22
P13674_259_H6N2,0,0.13,0.62,0.66
P13674_259_H4N5,0,0.56,0.81,0.83
P13674_259_H7N2,0,0,0.07,0.07
P13674_259_H6N2,,,0.53,0.55
P13674_259_H8N2,0,0,0.06,0.05
P13674_259_H6N2,,,0.93,0.93
P13674_259_H4N5,,,0.47,0.45
P13674_259_H7N2,,,0.07,0.07
P13726_156_H4N2,0,0,0,0
P13726_156_H4N3,0.01,0.01,0,0
P13726_156_H4N3F1,0.01,0.02,0,0
P13726_156_H5N3,0.1,0.1,0.17,0.25
P13726_156_H4N4,0,0,0,0
P13726_156_H4N3A1,0.03,0.04,0,0
P13726_156_H5N3F1,0.1,0.11,0.1,0
P13726_156_H6N3,0.06,0.05,0,0
P13726_156_H5N4,0.05,0.06,0,0
P13726_156_H5N3A1,0.23,0.21,0.19,0.17
P13726_156_H5N3F2,0,0,0,0
P13726_156_H6N3F1,0.05,0.05,0.03,0.05
P13726_156_H5N4F1,0.03,0.04,0,0
P13726_156_H6N4,0.01,0.01,0,0
P13726_156_H5N5,0.01,0.01,0,0
P13726_156_H5N3F1A1,0.01,0.01,0,0
P13726_156_H6N3A1,0.1,0.09,0.43,0.51
P13726_156_H5N4A1,0.11,0.12,0.07,0
P13726_156_H6N5,0,0,0,0
P13726_156_H5N4F1A1,0.01,0.01,0,0
P13726_156_H6N5F1,0.01,0,0,0
P13726_156_H5N4A2,0.01,0.01,0,0
P13726_156_H6N5A1,0.02,0.02,0.01,0.02
P13726_156_H6N5F2,0.01,0.01,0,0
P13726_156_H6N5A2,0.03,0.03,0,0
P13726_169_H5N4F1A2,1,1,1,1
P13987_43_H5N4F1,0.01,0.02,0.03,0.03
P13987_43_H5N4F2,0.05,0,0.08,0.07
P13987_43_H5N4F1A1,0.22,0.2,0.22,0.17
P13987_43_H5N5A1,0.01,0.02,0,0.01
P13987_43_H5N4F2A1,0.3,0.33,0.36,0.32
P13987_43_H6N4F1A1,0.03,0.04,0.06,0.05
P13987_43_H5N5F1A1,0.06,0.07,0.05,0.12
P13987_43_H5N4F1A2,0.22,0.22,0.17,0.18
P13987_43_H5N4F2A2,0,0,0.01,0
P13987_43_H6N5F2A1,0.03,0.03,0.03,0.03
P14625_217_H6N2,0.97,1,0.85,0.84
P14625_217_H7N2,0,0,0.07,0.06
P14625_217_H8N2,0.03,0,0.08,0.09
P14625_502_H6N2,0,0,0,0
P14625_502_H8N2,0,0,0,0
P15144_234_H5N4A1,,1,1,1
P15151_105_H4N2,0.01,0.02,0,0.25
P15151_105_H5N2,0.52,0.53,0.15,0.09
P15151_105_H7N2,0.03,0.14,0.17,0.16
P15151_105_H5N3A1,0.42,0.29,0.27,0.15
P15151_105_H9N2,0.02,0.03,0.41,0.35
P15151_218_H5N4,0.48,0.47,1,1
P15151_218_H5N4A1,0.52,0.53,0,0
P15514_113_H2N2F1,,,0.58,0.5
P15514_113_H3N2F1,,,0.42,0.5
P15586_362_H6N2,,,0.15,0.1
P15586_362_H7N2,,,0.85,0.9
P15586_405_H6N2,,,0.25,0.4
P15586_405_H7N2,,,0.75,0.6
P16070_57_H5N4A1,0.03,0.06,0.11,0.14
P16070_57_H5N4F1A1,0.03,0.06,0.05,0.04
P16070_57_H5N5A1,0.62,0.56,0,0.19
P16070_57_H5N4A2,0.1,0.12,0.36,0.23
P16070_57_H5N4A2,0.06,0.07,0,0.01
P16070_57_H5N4F1A2,0.11,0.05,0.42,0.28
P16070_57_H5N4F1A2,0.03,0.05,0,0.04
P16070_57_H6N5F1A2,0.01,0.01,0,0.05
P16070_57_H6N5F1A3,0.01,0.01,0.07,0.02
P16278_26_H3N2F1,0.15,1,0.62,0.68
P16278_26_H5N2F1,0.85,0,0.38,0.32
P17301_105_H5N4F1A1,0.03,0.03,0,0
P17301_105_H5N5A1,0.39,0.32,0,0
P17301_105_H5N5F1A1,0.03,0.06,0,0
P17301_105_H5N4F1A2,0.02,0.02,0,0
P17301_112_H7N3,0.25,0.31,,0
P17301_112_H9N2,0.75,0.69,,1
P17301_1057_H5N4F1A1,1,1,,
P17301_1074_H7N2,1,1,1,
P18084_586_H6N2,,,1,1
P18564_97_H4N4F1A1,0.12,0.12,0.07,0
P18564_97_H5N4F1A1,0.58,0.61,0.82,0.55
P18564_97_H5N5A1,0.08,0.07,0,0.14
P18564_97_H5N4F2A1,0.09,0.13,0,0.15
P18564_97_H5N4F1A2,0.12,0.06,0.11,0.13
P18564_97_H5N5F1A1,0.01,0.01,0,0.03
P18564_463_H4N3F1,0.01,0.01,0,0
P18564_463_H5N4F1,0.07,0.08,0.16,0.02
P18564_463_H9N2,0,0,0.05,0.01
P18564_463_H5N4F1,0.01,0.01,0,0
P18564_463_H5N4F2,0.01,0.01,0,0
P18564_463_H5N4F1A1,0.56,0.57,0.38,0.22
P18564_463_H5N5A1,0.01,0.01,0,0
P18564_463_H5N4F1A1,0.06,0.06,0,0
P18564_463_H5N4F2A1,0.02,0.02,0,0
P18564_463_H5N4F1A2,0.07,0.06,0.41,0.75
P18564_463_H6N5F1A1,0.05,0.04,0,0
P18564_463_H5N4F1A2,0.01,0.01,0,0
P18564_463_H6N5F2A1,0.02,0.02,0,0
P18564_463_H6N5F1A2,0.06,0.05,0,0
P18564_463_H7N6F1A2,0.01,0.01,0,0
P18564_575_H7N2,0.47,0.54,0.56,0.55
P18564_575_H8N2,0.53,0.46,0.44,0.45
P19174_1195_H4N3F1A1,1,1,,1
P20592_546_H5N4F2A1,1,1,1,
P20645_83_H5N4F2A1,,,0.57,0.58
P20645_83_H5N4F1A2,,,0.43,0.42
P21333_187_H3N2F1,1,0.35,0,0
P21589_53_H5N2,0.13,0.1,0.43,0.47
P21589_53_H4N3,0.05,0.04,0,0
P21589_53_H4N3F1,0.04,0.05,0,0
P21589_53_H5N3,0.04,0.05,0.04,0
P21589_53_H7N2,0.04,0.01,0.12,0.09
P21589_53_H4N3A1,0.08,0.07,0,0
P21589_53_H5N3F1,0.05,0.05,0.1,0.12
P21589_53_H5N4,0.11,0.13,0,0
P21589_53_H5N3A1,0.05,0.04,0,0
P21589_53_H5N4F1,0.24,0.23,0.31,0.32
P21589_53_H5N4A1,0.18,0.21,0,0
P21589_311_H5N2,0.1,0.24,0,0
P21589_311_H6N2,0.18,0.2,1,1
P21589_311_H7N2,0.54,0.48,0,0
P21589_311_H8N2,0.18,0.08,0,0
P21589_333_H4N3,0.02,0.01,0.14,0.15
P21589_333_H4N3F1,0.02,0.02,0,0
P21589_333_H4N3F1,0.02,0.01,0,0
P21589_333_H4N3A1,0.05,0.04,0,0
P21589_333_H4N3A1,0.03,0.02,0,0
P21589_333_H4N3F1A1,0.07,0.07,0,0
P21589_333_H4N4A1,0.02,0.03,0,0
P21589_333_H5N4,0.01,0.01,0,0
P21589_333_H5N4F1,0.07,0.06,0.28,0.31
P21589_333_H5N4F1A1,0.48,0.67,0,
P21589_333_H5N5,0.02,0.02,0,0
P21589_333_H4N3F1A1,0.03,0.03,0,0
P21589_333_H6N3A1,0.01,0.01,0,0
P21589_333_H4N4A1,0.01,0.01,0,0
P21589_333_H5N4F1,0.04,0.03,0,0
P21589_333_H5N4A1,0.06,0.04,0,0
P21589_333_H5N4A1,0.03,0.02,0,0
P21589_333_H5N4F1A1,0.24,0.29,0.36,0.4
P21589_333_H6N5F1,0,0.02,0.13,0.05
P21589_333_H5N4F1A1,0.09,0.1,0,0.08
P21589_333_H5N5A1,0.04,0.04,0,0
P21589_333_H6N5F1,0.02,0.01,0.03,0
P21589_333_H6N5F1A1,0.05,0.04,0.06,0
P21589_333_H6N5F1A1,0.01,0.02,0,0
P23229_323_H6N2,0.25,0.29,0,0
P23229_323_H7N2,0.13,0.21,0,0
P23229_323_H8N2,0.17,0.22,0,0
P23229_323_H5N3A1,0.17,0.1,0,1
P23229_323_H6N3A1,0.16,0.07,1,0
P23229_323_H5N4A1,0.11,0.1,0,0
P23229_409_H5N2,0.03,0.06,0.06,0.04
P23229_409_H6N2,0.04,0.06,0.04,0.02
P23229_409_H7N2,0.17,0.22,0.1,0.08
P23229_409_H8N2,0.43,0.4,0.25,0.24
P23229_409_H9N2,0.26,0.19,0.31,0.3
P23229_409_H10N2,0.07,0.08,0.25,0.31
P23229_409_H8N2,,,0.5,0.93
P23229_409_H9N2,,,0.5,0.07
P23229_770_H4N4F1A1,0.07,0.04,,
P23229_770_H4N4A1,0.02,0.01,0,0
P23229_770_H5N4A1,0.21,0.26,,
P23229_770_H5N4F1,0.19,0.12,0.31,0.19
P23229_770_H4N4F1A1,0.03,0.02,0,0
P23229_770_H5N4F1A1,0.71,0.7,,
P23229_770_H5N4A1,0.16,0.17,0,0
P23229_770_H5N4F1A1,0.46,0.53,0.65,0.74
P23229_770_H5N5A1,0.13,0.14,0.04,0.07
P23229_930_H5N2,0,0,0.64,0.86
P23229_930_H5N4F1,0.08,0.07,0.09,0.14
P23229_930_H5N4F2,0.03,0.03,0,0
P23229_930_H5N4F1A1,0.74,0.76,0.27,0
P23229_930_H5N5A1,0.05,0.03,0,0
P23229_930_H5N4F2A1,0.09,0.1,0,0
P23229_930_H6N5F1A2,0.01,0.01,0,0
P23229_930_H5N4F1A1,1,1,1,1
P23229_966_H6N2,1,1,,
P23229_966_H6N2,1,1,,
P23246_281_H7N3A1,1,1,,
P26006_86_H5N4F1,0.08,0.07,0.05,0.03
P26006_86_H9N2,0,0,0.09,0.06
P26006_86_H10N2,0,0,0.21,0.16
P26006_86_H5N4F1A1,0.45,0.45,0.34,0.41
P26006_86_H5N5A1,0.02,0.02,0,0.03
P26006_86_H6N5F1,0.01,0,0.08,0
P26006_86_H5N4F2A1,0.12,0.1,0.1,0.11
P26006_86_H5N4F1A2,0.25,0.23,0.13,0.2
P26006_86_H6N5F1A1,0,0.06,0,0
P26006_86_H6N5F2A1,0.03,0.05,0,0
P26006_86_H7N6F2A1,0.01,0.01,0,0
P26006_86_H6N5F1A3,0.03,0.02,0,0
P26006_107_H6N5F1A2,1,1,,
P26006_265_H4N3,0.01,0.01,0,0
P26006_265_H5N4,0.07,0.07,0.11,0.11
P26006_265_H5N4F1,0.03,0.03,0.05,0.03
P26006_265_H5N4A1,0.26,0.26,0.23,0.2
P26006_265_H5N4F1A1,0.11,0.1,0.09,0.08
P26006_265_H5N4A2,0.43,0.43,0.46,0.53
P26006_265_H5N4F2A1,0.01,0.01,0,0
P26006_265_H6N4F1A1,0.03,0.03,0,0
P26006_265_H5N4F1A2,0.06,0.06,0.06,0.05
P26006_511_H5N4F1A1,1,1,,1
P26006_656_H5N2,0.29,0.51,1,
P26006_656_H5N2,0.22,0.29,0.68,1
P26006_656_H6N2,0.71,0.49,0,
P26006_656_H6N2,0.41,0.41,0.32,0
P26006_656_H7N2,0.37,0.3,0,0
P26006_935_H8N2,0.45,0.44,,
P26006_935_H9N2,0.55,0.56,,
P26006_935_H8N2,0.35,0.7,0,0.47
P26006_935_H9N2,0.65,0.3,1,0.53
P26006_969_H5N4A1,1,1,1,1
P28799_236_H2N2,,,0.04,0.03
P28799_236_H2N2F1,,,0.75,0.78
P28799_236_H2N2F1,,,0.15,0.14
P28799_236_H3N2F1,,,0.06,0.05
P28799_265_H8N2,,1,1,1
P28799_530_H2N2F1,,,0.48,0.52
P28799_530_H3N2F1,,,0.13,0.11
P28799_530_H6N2,,,0.04,0.02
P28799_530_H4N3F1A1,,,0.02,0.03
P28799_530_H8N2,,,0.15,0.14
P28799_530_H5N4F1,,,0.03,0.03
P28799_530_H9N2,,,0.13,0.13
P29317_435_H5N4F1A2,0.09,0.08,0,0
P29323_265_H5N4F1A2,1,1,,
P30475_110_H8N2,0,0,0.02,0.01
P30475_110_H5N4F1,0.01,0.01,0.02,0.02
P30475_110_H5N4F2,0.01,0.04,0.03,0.04
P30475_110_H10N2,0,0,0.02,0.01
P30475_110_H5N4F1A1,0.21,0.15,0.23,0.24
P30475_110_H4N5F1A1,0.02,0.02,0.03,0.02
P30475_110_H5N5A1,0.08,0.13,0.04,0.02
P30475_110_H5N4A2,0.14,0.34,0,0
P30475_110_H5N4F2A1,0.04,0.04,0.31,0.33
P30475_110_H5N5F1A1,0.01,0.01,0,0
P30475_110_H5N4F1A2,0.49,0.26,0.3,0.32
P30487_110_H5N4F1A1,0.28,0.3,0.24,0.29
P30487_110_H5N4F2A1,0.28,0.33,0.39,0.36
P30487_110_H5N4F1A2,0.44,0.38,0.37,0.35
P30488_110_H4N5F1A1,0.42,0.34,0,0
P30488_110_H5N4F2A1,0.37,0.35,0,1
P30488_110_H5N4F1A2,0.21,0.31,1,0
P32004_294_H5N4,0.05,0.05,0,0
P32004_294_H5N4A1,0.62,0.58,1,0.47
P32004_294_H5N4F1A1,0.08,0.09,0,0.53
P32004_294_H5N4A2,0.25,0.28,0,0
P32004_849_H6N2,0.47,0.46,0.47,0.8
P32004_849_H7N2,0.53,0.54,0.53,0.2
P32926_459_H6N2,1,1,0.43,0.45
P32926_459_H9N2,0,0,0.57,0.55
P35052_79_H5N5A1,1,1,,
P35354_53_H9N2,,,0.67,0.6
P35354_53_H5N4A1,,,0.33,0.4
P35556_2120_H9N2,,,1,1
P35613_160_H6N2,0,0,0.27,0.2
P35613_160_H8N2,0,0,0.06,0.08
P35613_160_H9N2,0,0,0.11,0.09
P35613_160_H5N4F1A1,0.35,0.4,0.24,0.26
P35613_160_H5N4F2A1,0.27,0.29,0.15,0.16
P35613_160_H5N4F1A2,0.36,0.3,0.16,0.2
P35613_160_H6N5F1A2,0.01,0.01,0.01,0.02
P35613_268_H6N2,0,0,0.41,0.39
P35613_268_H8N2,0,0,0.27,0.27
P35613_268_H5N4F1A1,0.63,0.66,0.32,0.34
P35613_268_H6N2,0,0,0.2,0.24
P35613_268_H6N5F1A1,0.37,0.34,0,0
P35613_268_H8N2,0,0,0.16,0.16
P35613_268_H5N4F1A1,0.58,0.74,0.44,0.37
P35613_268_H6N5F1A1,0.42,0.14,0.15,0.16
P35613_268_H7N6F1A1,0,0.13,0.06,0.07
P35613_302_H5N4A1,1,1,1,1
P35659_209_H4N4,1,1,1,1
P36542_259_H6N3A1,0.88,0.91,0,0
P36941_177_H5N4F1A1,0.31,0.32,0.53,0.35
P36941_177_H5N4A2,0.09,0.02,0,0
P36941_177_H5N4F1A2,0.6,0.66,0.47,0.65
P38571_273_H8N2,,,0.73,0.74
P38571_273_H9N2,,,0.27,0.26
P45974_63_H5N4F2A1,1,1,,
P46531_1489_H5N2,1,1,,
P46977_548_H9N2,,,1,1
P48634_1438_H6N5F2A2,1,1,,
P49750_2141_H5N3A1,0.33,0.26,1,1
P49750_2141_H5N4A1,0.67,0.74,0,0
P49792_765_H5N3A1,0,0,0.04,0.03
P49792_765_H6N3A1,0.12,0.19,0.19,0.14
P49792_765_H7N3A1,0.88,0.81,0.78,0.83
P50454_120_H5N2,0.02,0.02,0.03,0.03
P50454_120_H6N2,0.49,0.52,0.49,0.48
P50454_120_H7N2,0.13,0.14,0.18,0.17
P50454_120_H8N2,0.29,0.26,0.26,0.28
P50454_120_H9N2,0.07,0.06,0.05,0.05
P50454_120_H10N2,0,0,0,0
P50454_125_H5N2,0,0,0.01,0.01
P50454_125_H6N2,0.38,0.35,0.23,0.27
P50454_125_H7N2,0.21,0.24,0.24,0.28
P50454_125_H8N2,0.35,0.37,0.47,0.4
P50454_125_H9N2,0.06,0.04,0.05,0.04
P50895_439_H5N4A1,1,1,,1
P50897_212_H7N2,,,1,1
P51805_1115_H5N2,0.06,0.08,0,0
P51805_1115_H7N2,0.03,0.03,0.41,0
P51805_1115_H6N3,0.17,0.27,0.29,0.67
P51805_1115_H5N4,0.03,0.08,0,0
P51805_1115_H5N3A1,0.17,0.18,0.17,0
P51805_1115_H5N4F1,0.22,0.04,0,0
P51805_1115_H6N3A1,0.22,0.21,0.13,0.33
P51805_1115_H5N4F1A1,0.05,0.08,0,0
P51805_1115_H5N5A1,0.04,0.04,0,0
P53634_53_H3N2F1,0.54,0,0.17,0.17
P53634_53_H3N2F1,0,0,0.13,0.12
P53634_53_H6N2,0,0,0.41,0.4
P53634_53_H6N2,0,1,0.01,0.02
P53634_53_H4N3F1,0,0,0.08,0.1
P53634_53_H6N2,0,0,0.43,0.42
P53634_53_H6N2F1,0,0,0.09,0.08
P53634_53_H4N3F1,0,0,0.07,0.07
P53634_53_H7N2,0,0,0.17,0.15
P53634_53_H6N2F1,0,0,0.09,0.08
P53634_53_H7N2,0,0,0.16,0.16
P53634_53_H7N3,0.46,0,0.04,0.04
P53634_53_H5N4F1,1,0,0.02,0.03
P53634_53_H5N4F1A1,0,0,0.03,0.04
P53634_53_H7N3A1,0,0,0.06,0.06
P53634_53_H5N4F1A1,0,1,0.04,0.07
P53801_54_H7N2,1,,0.74,0.85
P53801_54_H7N2,,,1,1
P55058_143_H5N4F1A1,1,1,,
P55268_1499_H6N2,1,,1,1
P55290_86_H8N2,,,0.38,0.32
P55290_86_H9N2,,,0.62,0.68
P56199_418_H6N2,1,1,,
P56199_883_H7N2,0.32,0.4,,0
P56199_883_H8N2,0.41,0.32,,1
P56199_883_H9N2,0.27,0.28,,0
P61011_449_H5N5F1A2,1,1,,
P63096_141_H5N4A2,0.69,0.69,0.06,0.04
P78324_245_H5N4,0.04,0.05,,
P78324_245_H5N4A1,0.4,0.45,,
P78324_245_H5N4F1A1,0.31,0.34,,
P78324_245_H5N4A2,0.08,0.09,,
P78324_270_H5N2,0.11,0.15,0.16,0.15
P78324_270_H6N2,0.06,0.04,0,0
P78324_270_H5N3,0.03,0.03,0,0
P78324_270_H7N2,0.51,0.36,0.84,0.85
P78324_270_H5N3F1,0.03,0.05,0,0
P78324_270_H6N3,0.11,0.15,0,0
P78324_270_H5N3A1,0.03,0.06,0,0
P78324_270_H6N3F1,0.06,0.08,0,0
P78324_270_H6N3A1,0.05,0.07,0,0
P78504_559_H5N4A2,1,1,,
P78504_1045_H5N4F1A1,1,1,,
P78527_3863_H5N4F1,0.18,0.12,,
P78527_3863_H5N4F2,0.07,0.08,,
P78527_3863_H5N4F1A1,0.42,0.46,,
P78527_3863_H5N4F1A2,0.34,0.34,,
P78536_157_H8N2,0,1,0.63,0.59
P78536_157_H9N2,1,0,0.37,0.41
P78536_174_H8N2,0,0,0.53,0.62
P78536_174_H9N2,1,1,0.47,0.38
P78536_264_H6N2,0.27,0.28,,
P78536_264_H7N2,0.32,0.32,,
P78536_264_H8N2,0.4,0.4,,
P78536_452_H5N4,1,1,0.63,0.53
P78536_452_H8N2,0,0,0.37,0.47
P78536_539_H5N4F1,0.34,0.35,,
P78536_539_H5N4A1,0.66,0.65,,
P78536_539_H5N4A1,0.84,0.86,1,1
P78536_539_H5N4A2,0.16,0.14,0,0
P78536_594_H5N4F1A1,0.63,0.63,,
P78536_594_H5N4F1A2,0.37,0.37,,
Q01459_299_H6N2,1,,1,1
Q02388_786_H6N2,,,1,1
Q02487_629_H5N2,0.15,0.16,0.24,0.19
Q02487_629_H6N2,0.27,0.24,0.15,0.23
Q02487_629_H7N2,0.18,0.15,0.16,0.19
Q02487_629_H6N3,0.28,0.27,0.14,0.11
Q02487_629_H6N3F1,0.12,0.17,0.1,0.07
Q02487_629_H9N2,0,0,0.2,0.22
Q02809_197_H6N2,,,1,1
Q02809_538_H8N2,,,0.56,0.72
Q02809_538_H9N2,,,0.44,0.28
Q02809_686_H6N2,,,1,1
Q04912_841_H5N4F1A2,1,1,1,
Q07954_114_H6N2,0.17,0.23,0.29,0.02
Q07954_114_H8N2,0.41,0.34,0.56,0.03
Q07954_1995_H6N2,0.55,0.65,,
Q07954_1995_H7N2,0.45,0.35,,
Q07954_2521_H8N2,1,0.69,0.64,0.64
Q07954_2521_H9N2,0,0.31,0.36,0.36
Q07954_2620_H5N2,1,,1,1
Q07954_3333_H5N4F1A1,1,1,,
Q07954_3788_H5N4F1A1,1,1,1,1
Q08380_69_H2N2,,,0.02,0.02
Q08380_69_H2N2F1,,,0.43,0.45
Q08380_69_H8N2,,,0.15,0.15
Q08380_69_H9N2,,,0.4,0.38
Q08380_125_H3N2F1,0,0,0.09,0.09
Q08380_125_H6N2,0.18,0,0.09,0.08
Q08380_125_H8N2,0,0,0.28,0.32
Q08380_125_H9N2,0.82,1,0.54,0.51
Q08380_398_H8N2,,0.26,0.2,0.23
Q08380_398_H9N2,,0.74,0.48,0.45
Q08380_398_H10N2,,0,0.32,0.32
Q08380_551_H3N2F1,0,0,0.18,0.18
Q08380_551_H6N2,0,0,0.15,0.18
Q08380_551_H7N2,0,0,0.14,0.12
Q08380_551_H8N2,0,0,0.09,0.1
Q08380_551_H5N4F1,1,1,0.17,0.19
Q08380_551_H9N2,0,0,0.27,0.23
Q08380_580_H7N2,,,0.12,0.14
Q08380_580_H8N2,,,0.38,0.34
Q08380_580_H9N2,,,0.5,0.52
Q08431_238_H5N2,0.32,0.37,,
Q08431_238_H7N2,0.44,0.36,,
Q08431_238_H5N3A1,0.05,0.06,,
Q08431_238_H6N3F1,0.08,0.1,,
Q08431_238_H6N3A1,0.11,0.12,,
Q08431_325_H5N4F1A1,0.61,0.58,0,
Q08431_325_H5N4F1A2,0.04,0.12,0.37,
Q08722_73_H5N2,0.06,0.15,0,0
Q08722_73_H6N2,0.13,0.1,0,0
Q08722_73_H5N3,0.05,0.07,0,0
Q08722_73_H7N2,0.48,0.33,1,0
Q08722_73_H6N3,0.22,0.3,0,0
Q08722_73_H7N2,0,0,1,1
Q08722_73_H6N3A1,0.07,0.06,0,1
Q08722_73_H5N4F1A1,1,1,0,0
Q12860_494_H5N4F1A2,1,1,,
Q12884_99_H5N4F1A1,0.63,0.66,,
Q12884_99_H5N4F1A2,0.37,0.34,,
Q13308_116_H5N4F1A1,0.41,0.45,0.47,0.47
Q13308_116_H5N4F2A1,0.11,0,0.14,0.08
Q13308_116_H5N4F1A2,0.48,0.55,0.39,0.44
Q13308_175_H5N4F1,0.03,0.02,0.02,0
Q13308_175_H5N4F2,0.04,0.04,0.04,0.04
Q13308_175_H5N4F1A1,0.26,0.26,0.24,0.31
Q13308_175_H4N5F1A1,0.04,0.01,0.03,0
Q13308_175_H5N4F2A1,0.12,0.12,0.02,0.04
Q13308_175_H5N4F1A2,0.51,0.54,0.5,0.44
Q13308_175_H7N6,0,0,0.14,0.18
Q13308_175_H5N4F1A2,1,1,,
Q13308_184_H6N2,0.27,0.15,,
Q13308_184_H7N2,0.31,0.14,,
Q13308_184_H6N3,0.43,0.71,,
Q13308_463_H6N2,0.87,0.88,0.33,0.35
Q13308_463_H5N3,0.04,0.03,0.11,0.15
Q13308_463_H5N3A1,0.07,0.07,0.41,0.43
Q13308_463_H5N4A1,0.02,0.02,0.14,0.08
Q13308_463_H6N2,1,1,,
Q13308_567_H5N4F1,0.04,0.02,,
Q13308_567_H5N4A1,0.07,0.13,,
Q13308_567_H5N4F2,0.04,0.03,,
Q13308_567_H5N4F1A1,0.55,0.51,,
Q13308_567_H5N5A1,0.13,0.14,,
Q13308_567_H5N4F2A1,0.09,0.09,,
Q13308_567_H5N4F1A2,0.07,0.09,,
Q13433_241_H5N4F1A1,1,1,1,1
Q13433_266_H5N4F1A1,1,1,,1
Q13443_381_H5N2,0.24,0.37,,
Q13443_381_H6N2,0.17,0.21,,
Q13443_381_H7N2,0.09,0.14,,
Q13443_381_H8N2,0.5,0.28,,
Q13510_259_H6N2,,,0.45,0.4
Q13510_259_H7N2,,,0.55,0.6
Q13510_259_H6N2,,,0.28,0.29
Q13510_259_H7N2,,,0.51,0.44
Q13510_259_H8N2,,,0.21,0.27
Q13510_342_H6N2,1,1,0.14,0.13
Q13510_342_H7N2,0,0,0.86,0.87
Q13564_296_H5N2,0.18,0.19,,
Q13564_296_H6N2,0.43,0.54,,
Q13564_296_H7N2,0.39,0.27,,
Q13586_171_H8N2,,,1,1
Q13641_81_H5N4F1A1,0.5,0.56,,
Q13641_81_H5N4F2A1,0.2,0.08,,
Q13641_81_H5N4F1A2,0.3,0.36,,
Q13641_81_H5N4F1A1,1,1,1,1
Q13641_124_H8N2,1,1,,1
Q13740_167_H5N4F1A1,1,1,,1
Q13740_167_H5N4F1A1,1,1,,1
Q13740_265_H6N5F2,0.06,0.07,0,
Q13740_265_H6N5F1A1,0.32,0.28,0,
Q13740_265_H6N5F2A1,0.16,0.14,0,
Q13740_265_H6N5F1A2,0.17,0.16,0,
Q13740_265_H6N5F2A2,0.06,0.06,0,
Q13740_265_H6N5F1A3,0.17,0.18,0,
Q13740_306_H5N4F1,0.09,0.09,0,0
Q13740_306_H5N4F2,0.05,0.05,0,0.07
Q13740_306_H5N4F1A1,0.63,0.67,1,0.9
Q13740_306_H5N4F2A1,0.09,0.07,0,0.03
Q13740_306_H5N4F1A2,0.11,0.09,0,0
Q13740_306_H6N5F1A2,0.04,0.04,0,0
Q13740_361_H5N4F1A1,0.05,0.03,0,0
Q13740_361_H5N5A1,0.31,0.4,0,0
Q13740_361_H5N4F2A1,0.06,0.04,0,0
Q13740_361_H5N5F1A1,0.28,0.36,0,0
Q13740_361_H5N4F1A2,0.31,0.17,1,1
Q13740_361_H5N4F1A2,,,1,1
Q13740_480_H5N4F1A1,1,1,1,1
Q13751_220_H6N2,0.12,0.18,0.06,0.09
Q13751_220_H7N2,0.22,0.24,0.09,0.14
Q13751_220_H8N2,0.4,0.34,0.34,0.38
Q13751_220_H9N2,0.25,0.23,0.47,0.34
Q13751_220_H10N2,0,0,0.05,0.05
Q13751_604_H6N2,0,0,0.1,0.07
Q13751_604_H8N2,0,0,0.19,0.07
Q13751_604_H5N4F1,0,0,0.28,0.31
Q13751_604_H9N2,1,1,0.18,0.11
Q13751_604_H10N2,0,0,0.07,0.17
Q13751_604_H5N4F1A1,0,0,0.17,0.28
Q13751_810_H6N2,0,0,0.2,0.14
Q13751_810_H8N2,0,0,0.42,0.52
Q13751_810_H9N2,1,1,0.38,0.34
Q13753_342_H5N2,0.22,0.3,0,0.33
Q13753_342_H6N2,0.14,0.09,0,0.07
Q13753_342_H8N2,0.2,0.25,0.39,0.23
Q13753_342_H9N2,0.44,0.36,0.61,0.37
Q13813_624_H6N3F1,0.2,0.19,,1
Q13813_624_H6N3F1A1,0.8,0.81,,0
Q13813_1143_H2N3F1,,,1,1
Q14574_392_H2N3F1,1,1,0,0
Q14574_392_H9N2,0,0,1,1
Q14574_629_H5N2,0.12,0.16,0.08,0.05
Q14574_629_H6N2,0.19,0.14,0.11,0.13
Q14574_629_H7N2,0.45,0.29,0.4,0.47
Q14574_629_H6N3,0.05,0.07,0.05,0.03
Q14574_629_H8N2,0,0.07,0.06,0.05
Q14574_629_H9N2,0.19,0.28,0.28,0.26
Q14574_629_H10N2,0,0,0.02,0.02
Q14697_97_H6N2,0.28,0.29,0.2,0.22
Q14697_97_H7N2,0.11,0.12,0.12,0.11
Q14697_97_H8N2,0.24,0.23,0.32,0.27
Q14697_97_H9N2,0.37,0.36,0.37,0.4
Q14789_2253_H4N3A1,1,1,,1
Q15041_6_H3N2,1,1,1,
Q15155_618_H6N2,1,1,1,1
Q15165_254_H6N3F1A1,1,1,,
Q15223_202_H5N4F1,0.06,0.06,0,0
Q15223_202_H5N3F1A1,0.13,0.11,0,0
Q15223_202_H5N4A1,0.2,0.21,0,0
Q15223_202_H5N4F1A1,0.61,0.62,1,1
Q15223_202_H5N4F1A1,,,1,1
Q15223_297_H9N2,0,0,0.13,0.18
Q15223_297_H5N4F1A1,1,1,0.87,0.82
Q15262_436_H5N4F1,0.1,0.06,,
Q15262_436_H5N4F1A1,0.41,0.58,,
Q15262_436_H5N4F2A1,0.12,0.13,,
Q15262_436_H5N4F1A2,0.33,0.18,,
Q15262_436_H6N5F1A1,0.04,0.05,,
Q15291_250_H5N4F1,1,1,1,
Q16666_246_H6N5F1,,,1,1
Q16787_2162_H6N2,0.04,0.05,0.36,0.38
Q16787_2162_H7N2,0,0,0.09,0.1
Q16787_2162_H8N2,0.02,0.04,0.37,0.35
Q16787_2162_H5N4F1,0.16,0.17,0,0
Q16787_2162_H9N2,0,0,0.13,0.1
Q16787_2162_H5N4F1A1,0.42,0.4,0.03,0.02
Q16787_2162_H5N4F1A2,0.36,0.34,0.02,0.04
Q16787_2162_H5N4F1A1,,,0.49,0.53
Q16787_2162_H5N4F1A2,,,0.51,0.47
Q16787_2265_H6N2,0,0.03,0.46,0.33
Q16787_2265_H5N4,0.12,0.08,0,0
Q16787_2265_H8N2,0,0,0.19,0.14
Q16787_2265_H5N4F1,0.24,0.28,0.2,0.24
Q16787_2265_H5N4A1,0.13,0.13,0,0
Q16787_2265_H5N4F1A1,0.45,0.4,0.14,0.22
Q16787_2265_H5N4F1A2,0.06,0.07,0,0.08
Q16787_2502_H7N2,0.09,0.08,0.1,0.08
Q16787_2502_H8N2,0.86,0.87,0.55,0.7
Q16787_2502_H9N2,0.05,0.05,0.29,0.2
Q16787_2502_H10N2,0,0,0.06,0.02
Q16787_2584_H5N4F1,0.76,0.78,1,0.67
Q16787_2584_H8N2,,,0.35,0.17
Q16787_2584_H5N4F1,,,0.48,0.38
Q16787_2584_H5N4F1A1,0.24,0.22,0,0.33
Q16787_2584_H5N4F1A1,,,0.18,0.45
Q16787_2728_H8N2,0,0,0.63,0.52
Q16787_2728_H9N2,0,0,0.37,0.39
Q16787_2728_H5N4A1,1,1,0,0.09
Q16787_2751_H5N2,0.09,0.13,0.07,0.08
Q16787_2751_H4N3,0.12,0.13,0,0
Q16787_2751_H5N2,0,0.02,0.03,0.04
Q16787_2751_H6N2,0.13,0.09,0.05,0.13
Q16787_2751_H4N3,0,0,0.05,0.08
Q16787_2751_H5N3,0.07,0.08,0.03,0.07
Q16787_2751_H6N2,0.07,0,0.05,0.07
Q16787_2751_H7N2,0.23,0.19,0.13,0.27
Q16787_2751_H4N3A1,0.05,0.05,0.03,0.04
Q16787_2751_H6N3,0.05,0.05,0.02,0.02
Q16787_2751_H5N4,0.08,0.1,0.08,0.08
Q16787_2751_H7N2,0,0,0.1,0.18
Q16787_2751_H4N3A1,0,0.01,0.03,0.08
Q16787_2751_H8N2,0.04,0.02,0.26,0.14
Q16787_2751_H6N3,0,0,0.02,0.04
Q16787_2751_H5N4,0,0,0.07,0.11
Q16787_2751_H8N2,0,0,0.19,0.13
Q16787_2751_H9N2,0.03,0.03,0.33,0.19
Q16787_2751_H9N2,0.31,0.87,0.41,0.25
Q16787_2751_H10N2,0.61,0.11,0.05,0.03
Q16787_2945_H5N4F1,1,1,0,0
Q16787_2945_H5N4F1A1,0,0,1,1
Q16787_3097_H6N2,,,1,1
Q27J81_375_H5N3,0.19,0.06,,0
Q27J81_375_H4N3A1,0.15,0.18,,0.26
Q27J81_375_H6N3A1,0.65,0.76,,0.74
Q29983_125_H5N4F1A1,0.7,0.65,,
Q29983_125_H6N5F1A2,0.3,0.35,,
Q32P28_467_H6N2,0.95,0.95,0.9,0.9
Q32P28_467_H7N2,0.05,0.05,0.05,0.05
Q32P28_467_H8N2,0,0,0.03,0.03
Q32P28_467_H9N2,0,0,0.02,0.02
Q4KMQ2_361_H6N2,0.16,0.19,0,0
Q4KMQ2_361_H7N2,0.45,0.49,1,1
Q4KMQ2_361_H8N2,0.39,0.32,0,0
Q58EX2_577_H5N4F1,0.39,0.36,1,1
Q58EX2_577_H5N4F1A1,0.61,0.64,0,0
Q58EX2_948_H5N4F1A2,1,1,,
Q58EX2_1102_H5N5A1,1,1,,
Q58EX2_1575_H6N2,0,0,0.03,0.04
Q58EX2_1575_H7N2,0.07,0.04,0.05,0.05
Q58EX2_1575_H8N2,0.23,0.09,0.17,0.17
Q58EX2_1575_H3N6F1,0,0,0.02,0.02
Q58EX2_1575_H9N2,0.65,0.78,0.71,0.71
Q58EX2_1575_H10N2,0.05,0.09,0.02,0.02
Q5JTV8_399_H8N2,,,1,1
Q5K130_78_H4N3A1,0.03,0.02,1,1
Q5K130_78_H5N4,0.27,0.24,0,0
Q5K130_78_H5N4F1,0.06,0.07,0,0
Q5K130_78_H5N4A1,0.64,0.67,0,0
Q5ZPR3_91_H5N4F1A1,0.35,0.17,0.32,0
Q5ZPR3_91_H5N4F1A2,0.65,0.83,0.68,1
Q5ZPR3_215_H5N4F1A2,0.27,0.47,,1
Q5ZPR3_309_H5N4F1A1,0.34,0.45,0.5,0.54
Q5ZPR3_309_H5N4F2A1,0.66,0.55,0.5,0.46
Q5ZPR3_433_H5N4F1A1,0.73,0.53,,0
Q6P179_219_H6N2,1,1,0.7,0.7
Q6P179_219_H9N2,0,0,0.3,0.3
Q6P4Q7_55_H8N2,0.25,0.28,0.31,0.35
Q6P4Q7_55_H9N2,0.75,0.72,0.69,0.65
Q6PK18_215_H6N2,1,0.83,0.7,0.84
Q6PK18_215_H8N2,0,0.17,0.3,0.16
Q6SJ93_698_H5N3F1A1,,1,1,1
Q6UVK1_2075_H5N4F1A2,1,1,,
Q6UXH1_251_H6N2,,,1,1
Q6YHK3_118_H5N4,0.19,0.2,0.41,1
Q6YHK3_118_H5N4A1,0.38,0.37,0,0
Q6YHK3_118_H5N4F1A1,0.15,0.16,0.59,0
Q6YHK3_118_H5N4A2,0.15,0.16,0,0
Q6YHK3_118_H6N5A1,0.05,0.04,0,0
Q6YHK3_118_H6N5A2,0.08,0.07,0,0
Q6YHK3_247_H6N2,0.27,0.38,1,1
Q6YHK3_247_H7N2,0.3,0.14,0,0
Q6YHK3_247_H8N2,0.42,0.47,0,0
Q6YHK3_279_H5N2,0.14,0.25,0.09,0
Q6YHK3_279_H4N3,0.02,0.03,0,0
Q6YHK3_279_H6N2,0.37,0.25,0.17,0.23
Q6YHK3_279_H5N3,0.02,0.04,0,0
Q6YHK3_279_H7N2,0.32,0.23,0.13,0.15
Q6YHK3_279_H5N4,0.08,0.07,0.04,0
Q6YHK3_279_H8N2,0.01,0.01,0.06,0.09
Q6YHK3_279_H9N2,0,0,0.27,0.3
Q6YHK3_279_H10N2,0,0.01,0.23,0.23
Q6YHK3_279_H5N5F1A2,0.01,0.05,0.02,0
Q6YHK3_279_H7N6F1A4,0.02,0.06,0,0
Q6YHK3_337_H7N2,0.11,0.12,0,0
Q6YHK3_337_H8N2,0.8,0.79,1,1
Q6YHK3_337_H9N2,0.09,0.09,0,0
Q6YHK3_419_H5N4F1A1,0.63,0.82,,
Q6YHK3_419_H5N4F1A2,0.37,0.18,,
Q6YHK3_419_H4N5F1A1,1,1,,
Q6ZXV5_494_H5N2,0,0,0.05,0.06
Q6ZXV5_494_H6N2,0.28,0.32,0.35,0.35
Q6ZXV5_494_H7N2,0.61,0,0.13,0.13
Q6ZXV5_494_H8N2,0.11,0.25,0.22,0.2
Q6ZXV5_494_H9N2,0,0.43,0.25,0.26
Q6ZXV5_541_H6N2,,,1,1
Q70UQ0_328_H6N2,,,1,1
Q7Z3B4_250_H2N2,,1,1,1
Q7Z417_175_H6N3A1,1,1,1,
Q7Z6Z7_3399_H5N4F1A1,1,1,0,0
Q86V48_231_H9N2,1,1,,
Q86WC4_128_H8N2,0,0,0.42,0.56
Q86WC4_128_H9N2,1,1,0.58,0.44
Q8IVL6_462_H6N2,0.85,0.72,0.83,0.79
Q8IVL6_462_H7N2,0.15,0.28,0.17,0.21
Q8IWU5_171_H5N4F2A1,1,1,1,1
Q8N766_913_H8N2,,,0.55,0.65
Q8N766_913_H9N2,,,0.45,0.35
Q8N8S7_526_H6N3A1,1,1,,
Q8NBJ4_398_H8N2,1,1,1,1
Q8NBJ5_96_H8N2,,,1,1
Q8NDI1_444_H4N3F1A1,1,1,,
Q8TCJ2_641_H9N2,,,1,1
Q92542_45_H8N2,0.57,0.51,0.44,0.47
Q92542_45_H9N2,0.43,0.49,0.56,0.53
Q92791_361_H9N2,,,1,1
Q92823_314_H5N4F1,0.25,0.11,0,0
Q92823_314_H5N4F2,0.3,0.39,1,1
Q92823_314_H6N5F1A1,0.46,0.5,0,0
Q92859_1298_H6N2,1,1,1,1
Q969V3_428_H6N2,,1,1,1
Q96EC8_55_H5N4F1A2,1,1,0,0
Q96F46_67_H6N2,1,1,1,1
Q96FM1_40_H6N2,,,1,1
Q96J42_278_H8N2,,,0.43,0.41
Q96J42_278_H9N2,,,0.57,0.59
Q96J42_278_H5N4F1A1,1,1,1,1
Q96KA5_91_H6N2,1,1,1,1
Q96KA5_229_H8N2,,,1,1
Q96NR3_167_H5N4F1,,,0.15,0.16
Q96NR3_167_H6N5F1,,,0.27,0.3
Q96NR3_167_H5N4F1A2,,,0.09,0.08
Q96NR3_167_H6N5F1A1,,,0.48,0.47
Q96RT1_1018_H1N2F1,0.96,0.96,0.46,0
Q99504_281_H8N2,,,1,1
Q9BTE3_121_H6N2,1,1,,
Q9BXJ9_317_H5N4F2,1,1,1,1
Q9GZX9_81_H6N2,,1,1,1
Q9H488_62_H6N2,0.8,0.89,0.32,0.43
Q9H488_62_H7N2,0.2,0.11,0.16,0.12
Q9H488_62_H8N2,0,0,0.32,0.3
Q9H488_62_H9N2,0,0,0.21,0.15
Q9H501_127_H4N4,1,1,,
Q9H5V8_39_H5N4A2,1,1,,
Q9H5V8_180_H5N4A1,0.42,0.66,0,
Q9H5V8_180_H5N4F1A1,0.58,0.34,1,
Q9H5V8_386_H5N4F1,0.17,0.13,0,
Q9H5V8_386_H5N4F1A1,0.64,0.68,1,
Q9H5V8_386_H5N4F2A1,0.19,0.19,0,
Q9H5V8_512_H6N2,0.11,0.37,0.12,0.12
Q9H5V8_512_H8N2,0.89,0.63,0.88,0.88
Q9H6B4_74_H5N4F1A2,0.25,0.51,,
Q9H6B4_74_H6N5F1A2,0.75,0.49,,
Q9HD20_287_H9N2,1,1,,
Q9HDC9_160_H3N2F1,0.21,0.13,0.07,0.11
Q9HDC9_160_H5N2,0.59,0.48,0.37,0.38
Q9HDC9_160_H6N2,0.18,0.4,0.49,0.45
Q9HDC9_160_H3N4F1,0,0,0.02,0.02
Q9HDC9_160_H7N2,0,0,0.03,0.02
Q9HDC9_160_H8N2,0.02,0,0.03,0.02
Q9HDC9_196_H6N2,,,0.21,0.23
Q9HDC9_196_H6N2,,,0.32,0.34
Q9HDC9_196_H7N2,,,0.31,0.31
Q9HDC9_196_H8N2,,,0.48,0.46
Q9HDC9_196_H8N2,,,0.68,0.66
Q9NPH3_118_H9N2,0,0,1,1
Q9NPH3_118_H5N4F1A2,1,1,0,0
Q9NT68_443_H5N4F1A1,1,1,,
Q9NT68_443_H5N4F1A1,1,1,1,1
Q9NT68_1267_H5N4A1,1,1,,
Q9NT68_1773_H10N2,1,1,,
Q9NT68_2197_H5N4F2A1,1,1,,
Q9NYQ6_1623_H9N2,1,1,1,1
Q9NYQ8_2547_H9N2,,1,1,1
Q9NYQ8_3471_H8N2,,,1,1
Q9NYQ8_3772_H8N2,,,1,1
Q9NZQ7_192_H6N2,0.19,0.13,0,0.59
Q9NZQ7_192_H7N2,0.81,0.87,1,0.41
Q9P121_44_H5N4F1A1,0.17,0.19,0.1,0.13
Q9P121_70_H5N2,0.03,0.04,0,0
Q9P121_70_H6N2,0.12,0.15,0.15,0.13
Q9P121_70_H7N2,0.85,0.81,0.85,0.87
Q9P270_416_H4N3F1,1,1,,
Q9P2B2_286_H4N3A1,0.07,0.14,0.46,0.26
Q9P2B2_286_H5N4F1,0.06,0.06,0.09,0
Q9P2B2_286_H6N3A1,0.18,0.27,0.45,0.43
Q9P2B2_286_H5N4F2,0.02,0.02,0,0
Q9P2B2_286_H5N4F1A1,0.37,0.33,0,0.32
Q9P2B2_286_H5N4A2,0.1,0.04,0,0
Q9P2B2_286_H5N4F2A1,0.07,0.06,0,0
Q9P2B2_286_H5N4F1A2,0.12,0.1,0,0
Q9P2B2_286_H5N4F1A1,1,1,1,1
Q9P2B2_300_H5N4F1A1,1,1,1,1
Q9P2B2_525_H5N4F1,0.22,0.19,,
Q9P2B2_525_H5N4F1A1,0.78,0.81,,
Q9P2B2_525_H5N4F1A1,,,1,1
Q9UBG0_69_H5N4F1,0.19,0.21,0,0
Q9UBG0_69_H5N4F1A1,0.72,0.72,1,1
Q9UBG0_69_H5N4F1A2,0.09,0.07,0,0
Q9UBG0_140_H5N4F1A1,0.46,0.51,0.49,0.69
Q9UBG0_140_H5N4F2A1,0.23,0.25,0.26,0.23
Q9UBG0_140_H5N4F1A2,0.31,0.24,0.25,0.08
Q9UBG0_492_H5N4F1A1,,,1,1
Q9UBG0_634_H5N2,1,1,0,0
Q9UBG0_634_H6N4F1A1,0,0,1,1
Q9UBG0_954_H5N4F1A1,0.82,0.76,0.75,1
Q9UBG0_954_H5N4F1A2,0.18,0.24,0.25,0
Q9UBP4_204_H8N2,0,0.01,0.27,0.16
Q9UBP4_204_H9N2,0.01,0.01,0.23,0.13
Q9UBP4_204_H5N4A1,0.2,0.26,0.1,0.04
Q9UBR2_184_H5N2,0,,0.05,0.05
Q9UBR2_184_H6N2,1,,0.44,0.46
Q9UBR2_184_H7N2,0,,0.5,0.49
Q9UBV2_195_H9N2,,,1,1
Q9UBV2_217_H8N2,,,0.36,0.35
Q9UBV2_217_H9N2,,,0.64,0.65
Q9UH65_226_H5N4F2A1,1,1,,
Q9UHN6_914_H9N2,1,1,1,1
Q9UIW2_1043_H5N4A1,0.29,0.34,,
Q9UIW2_1043_H5N4F1A1,0.37,0.27,,
Q9UIW2_1043_H5N4A2,0.26,0.26,,
Q9UIW2_1043_H5N4F1A2,0.08,0.13,,
Q9UJ14_198_H4N4F1,1,,1,1
Q9UNK0_199_H5N2F1,0.69,0.62,1,1
Q9UNK0_199_H4N3F1,0.31,0.38,0,0
Q9Y251_162_H7N2,,,0.69,0.79
Q9Y251_162_H8N2,,,0.31,0.21
Q9Y4B6_1049_H9N2,0.84,0.87,0,0
Q9Y4F4_908_H7N2,0.17,0.15,1,
Q9Y4F4_908_H8N2,0.55,0.63,0,
Q9Y4F4_908_H9N2,0.29,0.21,0,
Q9Y4L1_515_H5N2,0,0.08,0.03,0.04
Q9Y4L1_515_H6N2,0.28,0.23,0.22,0.25
Q9Y4L1_515_H7N2,0.24,0.24,0.22,0.28
Q9Y4L1_515_H8N2,0.14,0.13,0.21,0.19
Q9Y4L1_515_H9N2,0.33,0.32,0.31,0.24
Q9Y4L1_862_H6N2,1,1,,
Q9Y4L1_869_H6N2,0.24,0.23,0.35,0.45
Q9Y4L1_869_H7N2,0.12,0.11,0,0
Q9Y4L1_869_H8N2,0.56,0.57,0.59,0.55
Q9Y4L1_869_H9N2,0.09,0.08,0.06,0
Q9Y4L1_922_H7N2,,,1,1
Q9Y4L1_931_H5N2,0,0,0.14,0.11
Q9Y4L1_931_H6N2,1,1,0.86,0.89
Q9Y5Y6_772_H5N2,1,1,1,1
Q9Y639_197_H5N4F1,0.1,0.06,0.06,0.07
Q9Y639_197_H5N4F1A1,1,1,1,1
Q9Y639_197_H5N4F1A1,0.9,0.94,0.94,0.93
Q9Y639_229_H8N2,0,0,0.34,0.38
Q9Y639_229_H9N2,0,0,0.55,0.51
Q9Y639_229_H8N7,1,1,0.1,0.11
Q9Y6N7_820_H7N2,1,1,,
Q9Y6N7_827_H5N4F1A1,1,1,,
