ID,Colostrum1,Colostrum2,Colostrum3,Mature1,Mature2,Mature3
sp|O60225|SSX5_HUMAN_152_9 2 0 0 0 ,0,0,0,0.05520443,0,0
sp|P00709|LALBA_HUMAN_90_5 4 0 0 1 ,0,0,0,0,0.016481156,0
sp|P00709|LALBA_HUMAN_90_5 4 1 0 0 ,0,0.053968617,0,0.111429534,0.075654539,0.260147421
sp|P00709|LALBA_HUMAN_90_5 4 1 0 1 ,0,0,0,0,0,0.077104585
sp|P00709|LALBA_HUMAN_90_5 4 1 0 1 ,0,0,0,1.105272418,0,0
sp|P00709|LALBA_HUMAN_90_5 4 2 0 0 ,0,0,0.038994633,0.001199846,0.154441837,0.076779258
sp|P00709|LALBA_HUMAN_90_5 4 1 0 2 ,0,0,0,0,0.164687676,0.191312071
sp|P00709|LALBA_HUMAN_90_6 4 1 0 1 ,0,0,0,0,0.028415486,0.045945353
sp|P00709|LALBA_HUMAN_90_5 4 2 0 1 ,0,0,0,0.089251418,0,0
sp|P00734|THRB_HUMAN_143_5 4 2 0 0 ,0,0,0,0,0,0.074125698
sp|P00738|HPT_HUMAN_241_5 4 2 0 0 ,0.017861842,0.192496116,0.115843991,0,0,0
sp|P00739|HPTR_HUMAN/sp|P00738|HPT_HUMAN_126_5 4 1 0 1 ,0,0,0.03496981,0,0,0
sp|P01011|AACT_HUMAN_106_5 4 2 0 0 ,0,0,0,0.012455566,0,0
sp|P01011|AACT_HUMAN_106_5 4 1 0 2 ,0,0.010250658,0,0.017315359,0,0
sp|P01011|AACT_HUMAN_106_5 4 2 0 1 ,0.033708182,0.061361879,0.087432038,0,0,0
sp|P01011|AACT_HUMAN_106_6 5 1 0 2 ,0.12437532,0,0,0,0,0
sp|P01024|CO3_HUMAN_85_6 2 0 0 0 ,0,0.082011698,0,0,0,0
sp|P01024|CO3_HUMAN_85_6 2 0 0 0 ,0,0,0.101533127,0,0,0
sp|P01024|CO3_HUMAN_85_7 2 0 0 0 ,0.132083705,0.11564,0.081783243,0,0,0
sp|P01024|CO3_HUMAN_85_7 2 0 0 0 ,0,0,0,0,0.040793939,0
sp|P01024|CO3_HUMAN_85_7 2 0 0 0 ,0,0,0,0,0,0.068606378
sp|P01024|CO3_HUMAN_85_7 2 0 0 0 ,0,0,0,0.058273332,0,0
sp|P01024|CO3_HUMAN_85_8 2 0 0 0 ,0.07722715,0,0,0,0,0
sp|P01024|CO3_HUMAN_85_8 2 0 0 0 ,0,0.032242878,0,0.020042668,0,0
sp|P01024|CO3_HUMAN_85_8 2 0 0 0 ,0,0,0.047219526,0,0,0
sp|P01024|CO3_HUMAN_85_8 2 0 0 0 ,0,0,0.022212701,0,0,0
sp|P01033|TIMP1_HUMAN_101_5 4 1 0 1 ,0,0,0,0,0,0.152107332
sp|P01591|IGJ_HUMAN_71_4 3 0 0 1 ,0,0,0,0,0,0.020395178
sp|P01591|IGJ_HUMAN_71_4 3 1 0 0 ,0,0,0,0.046053092,0,0
sp|P01591|IGJ_HUMAN_71_5 3 0 0 1 ,0,0.017659588,0,0.01262794,0,0
sp|P01591|IGJ_HUMAN_71_5 3 0 0 1 ,0,0,0,0,0.017470116,0.016053063
sp|P01591|IGJ_HUMAN_71_4 4 0 0 1 ,0,0,0,0,0,0.033600467
sp|P01591|IGJ_HUMAN_71_5 4 0 0 0 ,0,0,0,0,0,0.045568984
sp|P01591|IGJ_HUMAN_71_4 5 0 0 0 ,0.669054078,0.194645424,0,0.186345774,0.145025085,0
sp|P01591|IGJ_HUMAN_71_4 3 1 0 1 ,0.094168882,0,0,0.078328974,0.071472326,0.096801316
sp|P01591|IGJ_HUMAN_71_5 3 1 0 0 ,0,0.072102984,0.054393988,0.065978033,0.044519068,0
sp|P01591|IGJ_HUMAN_71_5 4 0 0 1 ,0,0,0.111583984,0,0,0.073922303
sp|P01591|IGJ_HUMAN_71_5 5 0 0 0 ,0,0.065713806,0,0,0.016699588,0
sp|P01591|IGJ_HUMAN_71_5 3 1 0 1 ,0,0,0,0,0.129027868,0
sp|P01591|IGJ_HUMAN_71_5 3 1 0 1 ,0,0.856580061,0.391777062,0.24427812,0.497885229,0.408958289
sp|P01591|IGJ_HUMAN_71_6 3 1 0 0 ,0.004838492,0.004655834,0.004644453,0.001131305,0,0.000947579
sp|P01591|IGJ_HUMAN_71_5 4 1 0 0 ,0.563319006,0.272973333,0.029881851,1.02297857,0,0.131809909
sp|P01591|IGJ_HUMAN_71_6 3 1 0 1 ,0,0.047421668,0,0.032346988,0.037213841,0
sp|P01591|IGJ_HUMAN_71_5 4 1 0 1 ,0,0.567544534,0.043284452,0.335394041,0.464159794,0
sp|P01591|IGJ_HUMAN_71_5 4 2 0 0 ,0,0,0.401431862,0,0,0
sp|P01591|IGJ_HUMAN_71_6 4 1 0 1 ,0,0.071044393,0,0,0,0
sp|P01591|IGJ_HUMAN_71_5 4 2 0 1 ,0.73048779,0.395676184,0.559801582,0.38894347,0.25544144,0.609290832
sp|P01591|IGJ_HUMAN_71_6 4 1 0 2 ,0,0,0.108520774,0,0,0.064829381
sp|P01833|PIGR_HUMAN_135_5 4 2 0 1 ,0,0,0.133693815,0,0,0
sp|P01833|PIGR_HUMAN_186_5 4 0 0 2 ,0,0,0,0,0.083476628,0
sp|P01833|PIGR_HUMAN_186_5 4 2 0 0 ,0,0.174602323,0.373855974,0.403794679,0.519565856,0
sp|P01833|PIGR_HUMAN_186_6 4 1 0 1 ,0,0.083469952,0.083592056,0.142590275,0,0.195202241
sp|P01833|PIGR_HUMAN_421_5 4 0 0 2 ,0,0.06411446,0,0,0.141788339,0
sp|P01833|PIGR_HUMAN_421_5 4 0 0 3 ,0,0.096027114,0,0,0.24109744,0.075024545
sp|P01833|PIGR_HUMAN_421_6 4 1 0 0 ,0,0,0.000932689,0,0,0
sp|P01833|PIGR_HUMAN_421_6 4 0 0 2 ,0,0.001033631,0,0,0,0.00042904
sp|P01833|PIGR_HUMAN_421_4 3 2 0 2 ,0,0,0,0.011191526,0,0
sp|P01833|PIGR_HUMAN_421_5 4 1 0 2 ,0,0.00458943,0.161515692,0.016015405,0,0.333333475
sp|P01833|PIGR_HUMAN_421_6 4 1 0 1 ,0,0,0.050313153,0.127602078,0,0
sp|P01833|PIGR_HUMAN_421_6 4 0 0 3 ,0,0.172057449,0,0,0,0
sp|P01833|PIGR_HUMAN_421_6 5 0 0 2 ,0,0,0.012886571,0,0,0.021061444
sp|P01833|PIGR_HUMAN_421_5 4 2 0 1 ,0,0,0,0,0.017300738,0
sp|P01833|PIGR_HUMAN_421_5 4 1 0 3 ,0,0.00346214,0,0,0,0
sp|P01833|PIGR_HUMAN_421_6 4 1 0 2 ,0,0,0.007276675,0,0,0
sp|P01833|PIGR_HUMAN_421_6 5 1 0 1 ,0,0,0.005585255,0,0,0
sp|P01833|PIGR_HUMAN_421_6 5 0 0 3 ,0,0,0,0,0,0.003202841
sp|P01833|PIGR_HUMAN_421_7 5 0 0 2 ,0,0,0,0,0,0.002831994
sp|P01833|PIGR_HUMAN_421_5 4 2 0 2 ,0,0.009607153,0,0,0,0
sp|P01833|PIGR_HUMAN_421_6 5 0 0 4 ,0,0,0,0.038494012,0,0
sp|P01833|PIGR_HUMAN_421_7 5 1 0 1 ,0,0,0,0,0.004360093,0
sp|P01833|PIGR_HUMAN_421_6 5 1 0 3 ,0,0.044462357,0,0,0,0.087457913
sp|P01833|PIGR_HUMAN_421_7 5 1 0 2 ,0,0,0,0.001439586,0,0
sp|P01833|PIGR_HUMAN_421_7 5 1 0 3 ,0,0.001304375,0,0,0,0
sp|P01833|PIGR_HUMAN_469_5 4 0 0 0 ,0,0.02150755,0,0,0,0
sp|P01833|PIGR_HUMAN_469_4 3 1 0 1 ,0,0.115613131,0.028031498,0,0,0
sp|P01833|PIGR_HUMAN_469_5 4 0 0 1 ,0,0,0,0,0.126078657,0
sp|P01833|PIGR_HUMAN_469_5 4 0 0 1 ,0,0.584718264,0.25624375,0.760353043,0.52627425,0.646924898
sp|P01833|PIGR_HUMAN_469_5 3 1 0 1 ,0.265492179,0,0.16468369,0,0,0
sp|P01833|PIGR_HUMAN_469_6 3 1 0 0 ,0,0.037521343,0,0,0,0
sp|P01833|PIGR_HUMAN_469_5 4 1 0 0 ,0,0.424472105,0.112230411,0.566946532,0.692852332,0.556549453
sp|P01833|PIGR_HUMAN_469_5 4 0 0 2 ,0,0,0,0.076032897,0.075655566,0
sp|P01833|PIGR_HUMAN_469_5 4 0 0 2 ,1.27489412,0.413356441,1.04259431,2.283769677,1.853182299,2.459682997
sp|P01833|PIGR_HUMAN_469_6 3 1 0 1 ,0.076435041,0,0,0,0,0
sp|P01833|PIGR_HUMAN_469_5 4 1 0 1 ,7.891970732,6.465730163,5.824961697,4.432210756,6.357923826,7.483699693
sp|P01833|PIGR_HUMAN_469_5 4 1 0 1 ,0,0,0,0.087073138,0.477478603,1.80302385
sp|P01833|PIGR_HUMAN_469_5 4 0 0 3 ,0.159719359,0,0,0,0,0
sp|P01833|PIGR_HUMAN_469_5 4 0 0 3 ,0,1.593987241,1.010249894,3.432026982,3.611423308,3.039485954
sp|P01833|PIGR_HUMAN_469_6 4 1 0 0 ,0,0,0.005455473,0.009109955,0,0.008403003
sp|P01833|PIGR_HUMAN_469_5 5 0 0 2 ,0,0.163657271,0,0,0,0
sp|P01833|PIGR_HUMAN_469_5 4 2 0 0 ,0,0.428324014,0.528308856,0.556737734,0.298368823,0.2786651
sp|P01833|PIGR_HUMAN_469_5 4 1 0 2 ,0,0.6816525,0,0,0,0
sp|P01833|PIGR_HUMAN_469_5 4 1 0 2 ,0.872791511,8.996806486,7.637619645,7.69219041,10.62234863,9.319557461
sp|P01833|PIGR_HUMAN_469_5 4 0 0 4 ,0.194999443,0.176955009,0.066355115,0,0.123389676,0
sp|P01833|PIGR_HUMAN_469_5 5 1 0 1 ,0,0.13966161,0,0,0,0
sp|P01833|PIGR_HUMAN_469_5 5 0 0 3 ,0,0.088158869,0,0,0,0
sp|P01833|PIGR_HUMAN_469_6 5 0 0 2 ,0,0,0.129386072,0,0,0
sp|P01833|PIGR_HUMAN_469_6 5 0 0 2 ,0,0,0,0.086500698,0,0
sp|P01833|PIGR_HUMAN_469_5 4 2 0 1 ,4.348088749,3.977503585,9.201880078,7.94708212,5.174840361,6.161046343
sp|P01833|PIGR_HUMAN_469_5 4 2 0 1 ,0,0,0,0,0.199851094,0
sp|P01833|PIGR_HUMAN_469_5 4 1 0 3 ,0,1.518561359,1.590850461,0.768818994,1.031516906,0.714250605
sp|P01833|PIGR_HUMAN_469_6 4 2 0 0 ,0,0.017486032,0,0.018988409,0,0
sp|P01833|PIGR_HUMAN_469_6 4 1 0 2 ,0.158528609,0.09844465,0.217662852,0,0.095208794,0
sp|P01833|PIGR_HUMAN_469_5 5 0 0 4 ,0,0.057944016,0,0,0,0
sp|P01833|PIGR_HUMAN_469_6 5 1 0 1 ,0,0.105550609,0.109018215,0,0,0
sp|P01833|PIGR_HUMAN_469_6 5 0 0 3 ,0,0.020731361,0.334306466,0,0.29466403,0
sp|P01833|PIGR_HUMAN_469_6 5 0 0 3 ,0,0,0,0.069210355,0,0
sp|P01833|PIGR_HUMAN_469_5 4 2 0 2 ,0,0,0.061692044,0,0,0
sp|P01833|PIGR_HUMAN_469_6 5 1 0 2 ,0.328563143,0.546039593,0,0.219500956,0.281843317,0.149908603
sp|P01833|PIGR_HUMAN_469_6 5 0 0 4 ,0.096184614,0,0.164481711,0,0.163501879,0
sp|P01833|PIGR_HUMAN_469_6 5 1 0 3 ,0,0.15772439,0,0,0,0
sp|P01833|PIGR_HUMAN_499_5 2 0 0 0 ,0,0.102618657,0,0,0,0
sp|P01833|PIGR_HUMAN_499_5 2 0 0 0 ,0,0.15308585,0,0,0,0
sp|P01833|PIGR_HUMAN_499_5 2 0 0 0 ,0,0,0.152563903,0,0,0
sp|P01833|PIGR_HUMAN_499_6 2 0 0 0 ,0,0,0,0,0.029789786,0
sp|P01833|PIGR_HUMAN_499_6 2 0 0 0 ,0,0,0,0.048758073,0,0
sp|P01833|PIGR_HUMAN_499_4 3 0 0 1 ,0,0,0,0,0.016785833,0.017364986
sp|P01833|PIGR_HUMAN_499_5 3 0 0 0 ,0,0,0,0,0,0.009724344
sp|P01833|PIGR_HUMAN_499_5 3 0 0 0 ,0,0,0.033405502,0,0,0
sp|P01833|PIGR_HUMAN_499_7 2 0 0 0 ,0,0,0,0.022645297,0,0
sp|P01833|PIGR_HUMAN_499_4 3 1 0 0 ,0,0.08100555,0.03394955,0.133165801,0.251999839,0.115272595
sp|P01833|PIGR_HUMAN_499_5 3 0 0 1 ,0,0,0,0.080941847,0,0.028778647
sp|P01833|PIGR_HUMAN_499_6 3 0 0 0 ,0,0,0.037633985,0.001500336,0.010388219,0.004719288
sp|P01833|PIGR_HUMAN_499_6 3 0 0 0 ,0.027037223,0,0,0.001787223,0.010388219,0.005350657
sp|P01833|PIGR_HUMAN_499_6 3 0 0 0 ,0,0.028559882,0,0,0,0
sp|P01833|PIGR_HUMAN_499_5 4 0 0 0 ,0,0,0,0.048154733,0.060205959,0.081779523
sp|P01833|PIGR_HUMAN_499_5 3 1 0 0 ,0,0.251369575,0.445677623,0.038730614,0.401989701,0.276622804
sp|P01833|PIGR_HUMAN_499_6 3 0 0 1 ,0,0,0.028242478,0.074749442,0.033629982,0.076836247
sp|P01833|PIGR_HUMAN_499_5 4 0 0 1 ,0,0.056329437,0.035445317,0.071235187,0.118974524,0.141845309
sp|P01833|PIGR_HUMAN_499_6 3 1 0 0 ,0.349164717,0.516492357,0.180903581,0.126471307,0.076274359,0.198381218
sp|P01833|PIGR_HUMAN_499_5 4 1 0 0 ,0.480597588,0.178564534,0.174839469,0.450314583,0,1.166981287
sp|P01833|PIGR_HUMAN_499_5 4 0 0 2 ,0,0,0,0.067834793,0.142604289,0.082289515
sp|P01833|PIGR_HUMAN_499_6 4 0 0 1 ,0,0,0,0,0,0.002740077
sp|P01833|PIGR_HUMAN_499_5 4 1 0 1 ,0,0.411774377,0.411495599,0,0,0
sp|P01833|PIGR_HUMAN_499_5 4 1 0 1 ,0,0.193671086,0.216311279,0.879909524,0.991840139,0.594132266
sp|P01833|PIGR_HUMAN_499_6 4 1 0 0 ,0,0.006802758,0.002527776,0.008166668,0.001286874,0.001286301
sp|P01833|PIGR_HUMAN_499_5 4 2 0 0 ,0.48358895,0.354016265,0.248668134,0.288127795,0.412264484,0.47237703
sp|P01833|PIGR_HUMAN_499_5 4 1 0 2 ,0,0,0.066852778,0,0,0
sp|P01833|PIGR_HUMAN_499_5 4 1 0 2 ,0,0,0.02477783,0,0,0
sp|P01833|PIGR_HUMAN_499_6 4 1 0 1 ,0,0,0,0.076376168,0.091877281,0.050895455
sp|P01871|IGHM_HUMAN_46_3 5 0 0 1 ,0.195680555,0,0,0,0,0
sp|P01871|IGHM_HUMAN_46_4 5 0 0 1 ,0.083958695,0,0,0,0,0
sp|P01871|IGHM_HUMAN_46_5 4 1 0 1 ,0,0,0.128438794,0,0.103602896,0
sp|P01876|IGHA1_HUMAN_340_4 2 0 0 0 ,0,0,0.076831254,0,0,0
sp|P01876|IGHA1_HUMAN_340_5 2 0 0 0 ,0,0,0,0,0,1.87680338
sp|P01876|IGHA1_HUMAN_340_5 2 0 0 0 ,0,3.506297541,0,0,0,0
sp|P01876|IGHA1_HUMAN_340_5 2 0 0 0 ,0,0.778329012,0.070393458,0,2.161226928,0
sp|P01876|IGHA1_HUMAN_340_5 2 0 0 0 ,6.112357826,0,2.673971471,2.651389016,0.02855095,0
sp|P01876|IGHA1_HUMAN_340_4 3 0 0 0 ,0,0.088793766,0,0,0.073705171,0
sp|P01876|IGHA1_HUMAN_340_3 4 0 0 0 ,0,0,0,0,0,0.004910836
sp|P01876|IGHA1_HUMAN_340_5 2 0 0 1 ,0.002297714,0.003456987,0,0,0,0
sp|P01876|IGHA1_HUMAN_340_6 2 0 0 0 ,0,4.659958153,0.575910726,1.091919717,0.012285495,3.005782955
sp|P01876|IGHA1_HUMAN_340_6 2 0 0 0 ,0,0,0,0.14614483,0,0
sp|P01876|IGHA1_HUMAN_340_6 2 0 0 0 ,0,0,0,0.262761941,0.255054946,0
sp|P01876|IGHA1_HUMAN_340_6 2 0 0 0 ,6.198111902,2.593014706,3.181669061,3.679689186,3.59119729,0
sp|P01876|IGHA1_HUMAN_340_6 2 0 0 0 ,0,0.126463097,0,0,0.389439472,0
sp|P01876|IGHA1_HUMAN_340_5 3 0 0 0 ,0,0,0.085567403,0.100483924,0,0.13814312
sp|P01876|IGHA1_HUMAN_340_3 4 0 0 1 ,0,0,0.001459557,0,0,0
sp|P01876|IGHA1_HUMAN_340_3 4 0 0 1 ,0.30539719,0,0,0,0,0
sp|P01876|IGHA1_HUMAN_340_4 4 0 0 0 ,0,0,0.028646131,0,0,0
sp|P01876|IGHA1_HUMAN_340_4 4 0 0 0 ,0,0.029986736,0,0,0.007601978,0
sp|P01876|IGHA1_HUMAN_340_4 4 0 0 0 ,0.064150063,0,0,0,0,0
sp|P01876|IGHA1_HUMAN_340_3 5 0 0 0 ,0,0,0,0,0,0.221770262
sp|P01876|IGHA1_HUMAN_340_3 5 0 0 0 ,0,0,0.448502117,0,0,0
sp|P01876|IGHA1_HUMAN_340_3 5 0 0 0 ,0,1.274177688,0.02165461,0.054758241,0.262593019,0
sp|P01876|IGHA1_HUMAN_340_3 5 0 0 0 ,0,0,0.867427205,0.438721074,0.040484422,0
sp|P01876|IGHA1_HUMAN_340_7 2 0 0 0 ,0,1.535867819,0,0,0.789739232,0.747612618
sp|P01876|IGHA1_HUMAN_340_7 2 0 0 0 ,0,0,0,1.090750397,0,0
sp|P01876|IGHA1_HUMAN_340_7 2 0 0 0 ,0,0.156301192,0,0.133989002,0,0
sp|P01876|IGHA1_HUMAN_340_7 2 0 0 0 ,0,0.034275126,0.049230639,0,0,0
sp|P01876|IGHA1_HUMAN_340_7 2 0 0 0 ,0,0,0,0,0.07617742,0
sp|P01876|IGHA1_HUMAN_340_7 2 0 0 0 ,1.375273147,0,0.802696576,0,0,0
sp|P01876|IGHA1_HUMAN_340_4 3 1 0 0 ,0,0,0.088900408,0.067463816,0,0.053054232
sp|P01876|IGHA1_HUMAN_340_6 3 0 0 0 ,0.178986126,0.386578532,0.073820642,0,0,0
sp|P01876|IGHA1_HUMAN_340_4 4 0 0 1 ,0.145978022,0,0,0,0,0
sp|P01876|IGHA1_HUMAN_340_4 4 0 0 1 ,0.269393467,0.040925063,0.097991953,0,0,0
sp|P01876|IGHA1_HUMAN_340_4 4 0 0 1 ,0,0.367530663,0,0,0,0
sp|P01876|IGHA1_HUMAN_340_4 4 0 0 1 ,0,0,0.007346681,0,0,0
sp|P01876|IGHA1_HUMAN_340_4 4 0 0 1 ,0,0.097984483,0.055196658,0,0,0
sp|P01876|IGHA1_HUMAN_340_5 4 0 0 0 ,0.050951692,0,0,0,0,0
sp|P01876|IGHA1_HUMAN_340_5 4 0 0 0 ,0,0,0.046631839,0,0,0
sp|P01876|IGHA1_HUMAN_340_5 4 0 0 0 ,0,0.039277033,0.030109058,0.044905672,0,0
sp|P01876|IGHA1_HUMAN_340_3 5 0 0 1 ,0.112125182,3.398405631,0,3.386333337,0,2.88659548
sp|P01876|IGHA1_HUMAN_340_3 5 0 0 1 ,0,0,0,0,0.84250269,0
sp|P01876|IGHA1_HUMAN_340_3 5 0 0 1 ,3.954399715,1.453206311,2.520942255,2.121919257,3.298306716,0
sp|P01876|IGHA1_HUMAN_340_3 5 0 0 1 ,2.651287861,0,0,0.076090143,2.191027002,1.624497666
sp|P01876|IGHA1_HUMAN_340_4 5 0 0 0 ,0,0,0,0,0.52744963,0
sp|P01876|IGHA1_HUMAN_340_4 5 0 0 0 ,0.066209739,0.151250302,1.03171335,0.804861123,0.823979216,0.560877949
sp|P01876|IGHA1_HUMAN_340_4 5 0 0 0 ,1.522720531,2.124995881,0,1.010063831,0.161420118,0
sp|P01876|IGHA1_HUMAN_340_4 5 0 0 0 ,0,1.201097471,0,0.27873626,0,0
sp|P01876|IGHA1_HUMAN_340_8 2 0 0 0 ,0,0,0,0.03899007,0,0.057146743
sp|P01876|IGHA1_HUMAN_340_8 2 0 0 0 ,0,2.433996832,1.489188233,0.050644281,0.236666692,0.165450345
sp|P01876|IGHA1_HUMAN_340_8 2 0 0 0 ,0,0,0,0.541808906,0,0
sp|P01876|IGHA1_HUMAN_340_8 2 0 0 0 ,0,0,0,0,0.729399499,0
sp|P01876|IGHA1_HUMAN_340_8 2 0 0 0 ,0,0,0,0,0,0.61134928
sp|P01876|IGHA1_HUMAN_340_8 2 0 0 0 ,0,0.077964814,0,0,0,0
sp|P01876|IGHA1_HUMAN_340_8 2 0 0 0 ,0.089289819,0,0.243223929,0.347741294,0,0
sp|P01876|IGHA1_HUMAN_340_5 3 1 0 0 ,0,0,0,0.051261201,0,0
sp|P01876|IGHA1_HUMAN_340_4 4 1 0 0 ,0,0,0,0.102707619,0.098998767,0
sp|P01876|IGHA1_HUMAN_340_5 4 0 0 1 ,0.032743072,0,0,0,0,0
sp|P01876|IGHA1_HUMAN_340_4 5 0 0 1 ,0.812829232,4.338401386,2.630438688,2.795204567,2.696871974,2.046639753
sp|P01876|IGHA1_HUMAN_340_4 5 0 0 1 ,0,0,0,0,0.085182007,0
sp|P01876|IGHA1_HUMAN_340_4 5 0 0 1 ,2.497305072,0.904890752,1.091913665,2.593959791,0,0
sp|P01876|IGHA1_HUMAN_340_5 5 0 0 0 ,0,0.439863032,0,0.011752798,0,0
sp|P01876|IGHA1_HUMAN_340_5 5 0 0 0 ,0,0,0,0,0.199102774,0
sp|P01876|IGHA1_HUMAN_340_9 2 0 0 0 ,0,0,0,0,0,0.049830208
sp|P01876|IGHA1_HUMAN_340_9 2 0 0 0 ,0,0,0.050498323,0,0,0
sp|P01876|IGHA1_HUMAN_340_6 3 1 0 0 ,0,0,0,0.051691615,0.098721096,0
sp|P01876|IGHA1_HUMAN_340_5 4 1 0 0 ,0.546894169,0,0,0,0.273100289,0.245803839
sp|P01876|IGHA1_HUMAN_340_5 5 0 0 1 ,0,0,0,0,0.271115677,0
sp|P01876|IGHA1_HUMAN_340_5 5 0 0 1 ,0,0.270042386,0.572809736,0.335553118,0,0
sp|P01876|IGHA1_HUMAN_340_5 4 1 0 1 ,0.414026153,0.337909609,0.393622284,0.204435761,0,0.273376669
sp|P01876|IGHA1_HUMAN_340_4 5 1 0 1 ,0.638567467,1.282192518,0.052853298,0,0.407362065,0
sp|P01876|IGHA1_HUMAN_340_4 5 1 0 1 ,0.152763763,0,0.101226643,0.446722881,0.098704535,0.663223015
sp|P01876|IGHA1_HUMAN_340_5 5 1 0 0 ,0,0.700752248,0.652985031,0,0,0
sp|P01876|IGHA1_HUMAN_340_5 5 1 0 1 ,3.72269773,1.388479091,0,1.162888856,0,1.008677201
sp|P01876|IGHA1_HUMAN_340_6 5 1 0 0 ,0,0.023984316,0,0,0,0
sp|P01876|IGHA1_HUMAN_340_6 5 1 0 0 ,0,0,0.190495027,0,0,0
sp|P01876|IGHA1_HUMAN_340_6 4 2 0 0 ,0,0,0.002324424,0,0,0
sp|P01876|IGHA1_HUMAN_340_6 4 1 0 2 ,0,0,0.036219829,0,0,0
sp|P01876|IGHA1_HUMAN_340_5 5 2 0 1 ,1.262718549,0,0,0,0,0.192827357
sp|P01877|IGHA2_HUMAN_327_5 2 0 0 0 ,0,0,0,0.03994136,0,0
sp|P01877|IGHA2_HUMAN_327_5 2 0 0 0 ,0,0.096685071,0.059026564,0.116241192,0,0
sp|P01877|IGHA2_HUMAN_327_6 2 0 0 0 ,0,0.02971749,0,0,0,0.296521307
sp|P01877|IGHA2_HUMAN_327_6 2 0 0 0 ,0,0.025805507,0,0.040761948,0.326083261,0
sp|P01877|IGHA2_HUMAN_327_6 2 0 0 0 ,0.169787018,0.456496403,0.544768126,0.309511187,0,0
sp|P01877|IGHA2_HUMAN_327_7 2 0 0 0 ,0,0,0.056855356,0,0,0
sp|P01877|IGHA2_HUMAN_327_7 2 0 0 0 ,0,0.148500552,0,0,0,0
sp|P01877|IGHA2_HUMAN_327_7 2 0 0 0 ,0,0,0,0,0.147329426,0.087149643
sp|P01877|IGHA2_HUMAN_327_4 3 1 0 0 ,0,0,0.027097289,0,0,0
sp|P01877|IGHA2_HUMAN_327_8 2 0 0 0 ,0,0,0.21430914,0,0.151427157,0
sp|P01877|IGHA2_HUMAN_327_8 2 0 0 0 ,0.107730326,0,0,0,0,0.081884804
sp|P01877|IGHA2_HUMAN_327_8 2 0 0 0 ,0,0,0,0.065923006,0.042345072,0
sp|P01877|IGHA2_HUMAN_327_8 2 0 0 0 ,0.057484516,0,0,0,0,0
sp|P01877|IGHA2_HUMAN_327_9 2 0 0 0 ,0,0,0.03718824,0,0,0
sp|P01877|IGHA2_HUMAN_327_6 3 1 0 0 ,0,0,0.020090195,0,0,0
sp|P01877|IGHA2_HUMAN_327_5 4 1 0 0 ,0,0.056959107,0,0,0,0
sp|P02749|APOH_HUMAN_253_5 4 2 0 0 ,0,0,0,0.046113373,0.051752162,0
sp|P02765|FETUA_HUMAN_156_5 4 2 0 0 ,0,0,0.078374849,0,0.262262281,0.278294407
sp|P02765|FETUA_HUMAN_156_6 4 1 0 1 ,0,0,0,0,0,0.005988922
sp|P02788|TRFL_HUMAN_156_4 3 1 0 1 ,0,0.046763902,0,0,0,0
sp|P02788|TRFL_HUMAN_156_5 4 0 0 1 ,0,0,0,0,0,0.047497252
sp|P02788|TRFL_HUMAN_156_5 4 0 0 1 ,0,0.355983726,0,0,0,0
sp|P02788|TRFL_HUMAN_156_5 4 0 0 1 ,0,0,0.04500558,0.027149468,0.335439845,0.087719614
sp|P02788|TRFL_HUMAN_156_6 4 0 0 0 ,0.002851688,0,0,0,0,0
sp|P02788|TRFL_HUMAN_156_5 4 1 0 0 ,0,0.020643623,0,0,0,0
sp|P02788|TRFL_HUMAN_156_5 4 0 0 2 ,0,0,0,0,0,0.042945998
sp|P02788|TRFL_HUMAN_156_5 4 0 0 2 ,0.248222518,0,0.372564564,0.223540592,0.498966744,0.181835796
sp|P02788|TRFL_HUMAN_156_6 4 0 0 1 ,0,0,0,0,0,0.078049105
sp|P02788|TRFL_HUMAN_156_6 4 0 0 1 ,0.004047228,0,0.012020868,0,0.115933742,0
sp|P02788|TRFL_HUMAN_156_5 4 1 0 1 ,0,0,0.09821534,0,0,0
sp|P02788|TRFL_HUMAN_156_5 4 1 0 1 ,0,0.266780923,0.039914909,0.088576987,0.05781497,0.020741826
sp|P02788|TRFL_HUMAN_156_5 4 1 0 1 ,0,0,0,0,0,0.097979314
sp|P02788|TRFL_HUMAN_156_5 4 0 0 3 ,0,0.03339531,0,0.480772798,0.419064486,0.339690481
sp|P02788|TRFL_HUMAN_156_6 4 1 0 0 ,0,0.014235272,0.097354888,0,0,0
sp|P02788|TRFL_HUMAN_156_6 4 1 0 0 ,0,0,0,0,0.042621469,0
sp|P02788|TRFL_HUMAN_156_6 5 0 0 1 ,0.068415428,0,0,0,0,0
sp|P02788|TRFL_HUMAN_156_5 4 1 0 2 ,0,0,0,0,0.352237442,0
sp|P02788|TRFL_HUMAN_156_5 4 1 0 2 ,0.367833227,0.097449087,0.115384612,0.046777792,0.065240834,0.489288812
sp|P02788|TRFL_HUMAN_156_5 4 0 0 4 ,0,0,0,0.058878802,0,0
sp|P02788|TRFL_HUMAN_156_6 4 1 0 1 ,0,0,0.014186714,0,0,0
sp|P02788|TRFL_HUMAN_156_6 4 1 0 1 ,0.202008235,0.182535645,0.111490428,0.125948717,0.082955578,0
sp|P02788|TRFL_HUMAN_156_6 5 0 0 2 ,0,0,0.060348113,0,0,0
sp|P02788|TRFL_HUMAN_156_6 5 0 0 2 ,0.035854497,0.064292291,0,0,0.038281163,0
sp|P02788|TRFL_HUMAN_156_5 4 2 0 1 ,0.093890631,0.19763144,0.038262847,0.038709391,0.057827097,0.280430051
sp|P02788|TRFL_HUMAN_156_5 4 1 0 3 ,0,0,0,0.057124331,0.071840412,0.09618688
sp|P02788|TRFL_HUMAN_156_6 4 2 0 0 ,0,0,0.001661308,0,0.018796338,0
sp|P02788|TRFL_HUMAN_156_6 4 1 0 2 ,0,0,0,0.039685082,0.02516381,0.005885223
sp|P02788|TRFL_HUMAN_156_6 4 1 0 2 ,0,0,0.024903268,0,0,0
sp|P02788|TRFL_HUMAN_156_8 4 1 0 0 ,0,0,0,0.018074172,0,0
sp|P02788|TRFL_HUMAN_156_6 5 1 0 1 ,0,0,0.018611632,0,0,0
sp|P02788|TRFL_HUMAN_156_6 5 0 0 3 ,0,0,0,0,0.072332525,0.054722575
sp|P02788|TRFL_HUMAN_156_7 6 0 0 1 ,0,0,0,0.027586146,0,0
sp|P02788|TRFL_HUMAN_156_6 5 2 0 0 ,0,0,0,0,0,0.001593121
sp|P02788|TRFL_HUMAN_156_6 5 1 0 2 ,0,0.188426068,0.195698608,0,0,0.051847741
sp|P02788|TRFL_HUMAN_156_6 5 1 0 2 ,0.304829959,0,0,0,0,0
sp|P02788|TRFL_HUMAN_156_6 5 0 0 4 ,0,0,0.015527586,0,0.049946517,0.04569198
sp|P02788|TRFL_HUMAN_156_7 5 1 0 1 ,0.203087291,0,0,0,0,0
sp|P02788|TRFL_HUMAN_156_7 6 0 0 2 ,0,0,0.015693327,0.037657151,0.048215485,0
sp|P02788|TRFL_HUMAN_156_6 5 1 0 3 ,0,0.092465436,0.027336371,0.131195515,0.200202696,0.171983762
sp|P02788|TRFL_HUMAN_156_7 5 1 0 2 ,0,0,0.053972653,0,0,0
sp|P02788|TRFL_HUMAN_156_7 6 0 0 3 ,0,0,0,0,0.031002842,0
sp|P02788|TRFL_HUMAN_156_6 5 1 0 4 ,0,0,0,0,0.035588066,0.062646879
sp|P02788|TRFL_HUMAN_156_7 6 1 0 2 ,0,0,0.03527311,0,0,0.040799052
sp|P02788|TRFL_HUMAN_497_5 4 0 0 0 ,0,0.088273768,0.102064123,0.358280402,0.183779332,0.329666764
sp|P02788|TRFL_HUMAN_497_5 4 0 0 1 ,0,0.886185221,0,2.055540723,0.2045925,2.002297809
sp|P02788|TRFL_HUMAN_497_5 4 0 0 1 ,0,0,0,0.545261043,0,0.497280966
sp|P02788|TRFL_HUMAN_497_6 4 0 0 0 ,0,0,0,0,0,0.002313512
sp|P02788|TRFL_HUMAN_497_6 4 0 0 0 ,0,0,0,0.001726556,0.00067418,0
sp|P02788|TRFL_HUMAN_497_4 4 1 0 1 ,0,0,0,0,0.040747924,0.027793653
sp|P02788|TRFL_HUMAN_497_5 4 1 0 0 ,0.085105627,0.110663207,0.099850679,0.132163947,0.09049324,0.045391882
sp|P02788|TRFL_HUMAN_497_5 4 0 0 2 ,0,0,0,0.874632961,0,0
sp|P02788|TRFL_HUMAN_497_6 4 0 0 1 ,0,0,0,0,0,0.003078009
sp|P02788|TRFL_HUMAN_497_6 4 0 0 1 ,0,0,0,0,0,0.007561196
sp|P02788|TRFL_HUMAN_497_6 4 0 0 1 ,0,0,0,0,0.003733751,0
sp|P02788|TRFL_HUMAN_497_5 4 1 0 1 ,0.486736561,0.255788079,0.243023522,0.47031504,0.214705853,0.50528177
sp|P02788|TRFL_HUMAN_497_5 4 1 0 1 ,0,0,0.32704398,0,0.449797678,0.21677129
sp|P02788|TRFL_HUMAN_497_6 4 1 0 0 ,0,0,0.004534387,0.020139345,0.016398351,0.028885033
sp|P02788|TRFL_HUMAN_497_5 4 2 0 0 ,0,0.079313903,0.02069205,0.050394395,0.061220464,0.050351828
sp|P02788|TRFL_HUMAN_497_5 4 1 0 2 ,0,0,0.071722502,0.155763638,0.124759208,0.239795039
sp|P02788|TRFL_HUMAN_497_5 4 2 0 1 ,0,0.300783191,0,0.114454982,0.175250465,0.093428828
sp|P02788|TRFL_HUMAN_497_5 4 2 0 1 ,0,0,0.197729586,0.255452893,0,0.184657275
sp|P02788|TRFL_HUMAN_497_6 4 2 0 0 ,0,0.007453419,0,0,0,0
sp|P02788|TRFL_HUMAN_497_6 4 1 0 2 ,0,0.093977875,0,0,0,0.078725968
sp|P02788|TRFL_HUMAN_521_5 4 2 0 0 ,0,0,0,0.011894664,0,0
sp|P02788|TRFL_HUMAN_534_5 4 1 0 1 ,0,0,0,0,0,0.144410616
sp|P02790|HEMO_HUMAN_453_5 4 2 0 0 ,0,0,0,0.192030798,0.180225605,0
sp|P06858|LIPL_HUMAN_70_5 4 1 0 2 ,0,0,0,0.045667726,0,0
sp|P06858|LIPL_HUMAN_70_5 4 2 0 1 ,0.215196779,0.168988488,0.173963732,0,0,0
sp|P07602|SAP_HUMAN_101_5 4 1 0 1 ,0.340145194,0.230361378,0.198776437,0,0,0
sp|P07602|SAP_HUMAN_215_2 2 0 0 1 ,0,0,0,0.018402006,0.032867368,0.022904747
sp|P07602|SAP_HUMAN_215_3 2 0 0 1 ,0,0.005446096,0,0,0,0
sp|P07602|SAP_HUMAN_215_5 4 2 0 1 ,0,0,0.113000323,0,0,0
sp|P07602|SAP_HUMAN_332_2 2 0 0 0 ,0,0,0,0,0.009136759,0
sp|P07602|SAP_HUMAN_426_5 2 0 0 0 ,0,0,0.002921489,0,0.060400476,0
sp|P07602|SAP_HUMAN_426_5 2 0 0 0 ,0,0,0,0,0,0.010727112
sp|P08571|CD14_HUMAN_151_5 2 0 0 0 ,0,0,0.023853949,0,0,0
sp|P08571|CD14_HUMAN_151_6 2 0 0 0 ,0,0,0,0.028669484,0.018739994,0
sp|P08571|CD14_HUMAN_151_7 2 0 0 0 ,0,0,0,0,0,0.027886847
sp|P08571|CD14_HUMAN_151_5 3 1 0 0 ,0,0,0,0,0,0.019336649
sp|P08571|CD14_HUMAN_151_5 4 1 0 0 ,0,0,0,0,0,0.207470922
sp|P08571|CD14_HUMAN_151_8 6 0 0 0 ,0,0,0,0,0.008362464,0
sp|P0C0L5|CO4B_HUMAN/sp|P0C0L4|CO4A_HUMAN_1391_5 4 1 0 1 ,0.05447479,0,0,0,0,0
sp|P0C0L5|CO4B_HUMAN/sp|P0C0L4|CO4A_HUMAN_226_9 2 0 0 0 ,0,0,0.098111507,0,0,0.135911352
sp|P0C0L5|CO4B_HUMAN/sp|P0C0L4|CO4A_HUMAN_226_9 2 0 0 0 ,0,0.040507067,0.069387238,0,0,0
sp|P0C0L5|CO4B_HUMAN/sp|P0C0L4|CO4A_HUMAN_226_9 2 0 0 0 ,0,0,0,0.03020545,0,0
sp|P0C0L5|CO4B_HUMAN/sp|P0C0L4|CO4A_HUMAN_226_9 2 0 0 0 ,0,0,0,0.030074394,0,0
sp|P0C0L5|CO4B_HUMAN/sp|P0C0L4|CO4A_HUMAN_226_9 2 0 0 0 ,0,0,0,0,0.045201707,0
sp|P0C0L5|CO4B_HUMAN/sp|P0C0L4|CO4A_HUMAN_226_10 2 0 0 0 ,0,0,0,0.025223528,0,0
sp|P0DOX2|IGA2_HUMAN/sp|P01877|IGHA2_HUMAN_207_4 3 0 0 1 ,0,0.018467051,0,0,0,0
sp|P0DOX2|IGA2_HUMAN/sp|P01877|IGHA2_HUMAN_207_3 4 0 0 1 ,0,0,0,0,0,0.01003476
sp|P0DOX2|IGA2_HUMAN/sp|P01877|IGHA2_HUMAN_207_3 4 0 0 1 ,0.7314581,0.622156632,0.424562352,0,0,0
sp|P0DOX2|IGA2_HUMAN/sp|P01877|IGHA2_HUMAN_207_3 4 0 0 1 ,1.298133313,1.136799011,0.995653294,0.14069595,0.101200947,0.216439943
sp|P0DOX2|IGA2_HUMAN/sp|P01877|IGHA2_HUMAN_207_4 4 0 0 1 ,0,0.59212454,0.05629225,0,0,0
sp|P0DOX2|IGA2_HUMAN/sp|P01877|IGHA2_HUMAN_207_4 4 0 0 1 ,0,0.132516203,0.410625553,0.062982325,0,0
sp|P0DOX2|IGA2_HUMAN/sp|P01877|IGHA2_HUMAN_207_4 4 0 0 1 ,0,0.085429153,0,0,0,0
sp|P0DOX2|IGA2_HUMAN/sp|P01877|IGHA2_HUMAN_207_3 5 0 0 1 ,0.416691028,0,0.056487598,0.110844283,0.14752634,0.746140571
sp|P0DOX2|IGA2_HUMAN/sp|P01877|IGHA2_HUMAN_207_3 5 0 0 1 ,0.217585946,0,0,0,0,0
sp|P0DOX2|IGA2_HUMAN/sp|P01877|IGHA2_HUMAN_207_3 5 0 0 1 ,1.50673432,4.002807934,2.48557456,1.766933213,11.08959196,2.865024483
sp|P0DOX2|IGA2_HUMAN/sp|P01877|IGHA2_HUMAN_207_3 5 0 0 1 ,10.45310486,2.269327849,6.28006556,8.286305999,4.154846273,8.521320233
sp|P0DOX2|IGA2_HUMAN/sp|P01877|IGHA2_HUMAN_207_4 5 0 0 0 ,0.033946114,0,0.10241328,0.076682528,0.060696172,0
sp|P0DOX2|IGA2_HUMAN/sp|P01877|IGHA2_HUMAN_207_4 5 0 0 0 ,0,0.017168827,0.079970248,0,0.041687196,0
sp|P0DOX2|IGA2_HUMAN/sp|P01877|IGHA2_HUMAN_207_5 4 0 0 1 ,0,0.052419057,0,0,0,0
sp|P0DOX2|IGA2_HUMAN/sp|P01877|IGHA2_HUMAN_207_4 5 0 0 1 ,4.133129292,1.225245087,0.56594483,3.528619805,1.193572737,0.680555288
sp|P0DOX2|IGA2_HUMAN/sp|P01877|IGHA2_HUMAN_207_4 5 0 0 1 ,0,0,0,0.34900874,0,0.343995823
sp|P0DOX2|IGA2_HUMAN/sp|P01877|IGHA2_HUMAN_207_4 5 0 0 1 ,0,0,0,0.143676441,0,0
sp|P0DOX2|IGA2_HUMAN/sp|P01877|IGHA2_HUMAN_207_4 5 0 0 1 ,3.106969131,3.012070841,4.504003713,1.705391228,3.221571562,3.644153356
sp|P0DOX2|IGA2_HUMAN/sp|P01877|IGHA2_HUMAN_207_5 5 0 0 0 ,0,0.112135466,0.010479411,0.023828891,0,0.048143483
sp|P0DOX2|IGA2_HUMAN/sp|P01877|IGHA2_HUMAN_207_4 4 1 0 1 ,0.360366795,0.35848667,0.275356453,0.298382449,0.096756838,0.392205252
sp|P0DOX2|IGA2_HUMAN/sp|P01877|IGHA2_HUMAN_207_5 5 0 0 1 ,0,0,0.087753832,0.025593621,0,0
sp|P0DOX2|IGA2_HUMAN/sp|P01877|IGHA2_HUMAN_207_5 5 0 0 1 ,1.123723063,0.975046903,0.795674432,0.428037448,0.244414556,0.581719995
sp|P0DOX2|IGA2_HUMAN/sp|P01877|IGHA2_HUMAN_207_5 4 1 0 1 ,0.18285359,0.493467041,0.430865233,0.364029791,0.38447419,0.033133282
sp|P0DOX2|IGA2_HUMAN/sp|P01877|IGHA2_HUMAN_207_4 5 1 0 1 ,2.164468394,0.636428806,1.586651668,1.64178337,0.744963928,1.546584828
sp|P0DOX2|IGA2_HUMAN/sp|P01877|IGHA2_HUMAN_207_4 5 1 0 1 ,0.643537991,0.669433114,0.30130102,0.468411077,0.179966555,0.307826316
sp|P0DOX2|IGA2_HUMAN/sp|P01877|IGHA2_HUMAN_207_4 5 1 0 1 ,0,0,0,0.052990272,0,0
sp|P0DOX2|IGA2_HUMAN/sp|P01877|IGHA2_HUMAN_207_4 5 1 0 1 ,0,0,0.095205622,0,0,0
sp|P0DOX2|IGA2_HUMAN/sp|P01877|IGHA2_HUMAN_207_5 5 1 0 0 ,0,0.055125365,0,0,0.029318974,0.017686941
sp|P0DOX2|IGA2_HUMAN/sp|P01877|IGHA2_HUMAN_207_5 5 1 0 1 ,0.315680546,1.834033429,1.676318285,0.818648659,0.899718997,0.731958434
sp|P0DOX2|IGA2_HUMAN/sp|P01877|IGHA2_HUMAN_207_5 5 1 0 1 ,0,0,0,0,0,0.033542972
sp|P0DOX2|IGA2_HUMAN/sp|P01877|IGHA2_HUMAN_207_5 5 1 0 1 ,0,0,0,0.055880691,0,0
sp|P0DOX2|IGA2_HUMAN/sp|P01877|IGHA2_HUMAN_207_5 5 1 0 1 ,0,0.160510924,0,0,0,0.188330886
sp|P0DOX2|IGA2_HUMAN/sp|P01877|IGHA2_HUMAN_207_5 4 2 0 1 ,0.231723976,0,0,0,0.077023842,0.074951308
sp|P0DOX2|IGA2_HUMAN/sp|P01877|IGHA2_HUMAN_207_5 5 2 0 1 ,0,0,0,0,0.132429592,0
sp|P0DOX2|IGA2_HUMAN/sp|P01877|IGHA2_HUMAN_320_3 4 0 0 1 ,0,0.281705735,0,0,0,0
sp|P0DOX2|IGA2_HUMAN/sp|P01877|IGHA2_HUMAN_320_3 4 0 0 1 ,0,0,0.254705289,0,0,0
sp|P0DOX2|IGA2_HUMAN/sp|P01877|IGHA2_HUMAN_320_3 4 0 0 1 ,1.471279058,0.157957014,0.179805288,0,0,0.570389326
sp|P0DOX2|IGA2_HUMAN/sp|P01877|IGHA2_HUMAN_320_4 4 0 0 0 ,0.002648274,0,0,0,0,0
sp|P0DOX2|IGA2_HUMAN/sp|P01877|IGHA2_HUMAN_320_3 5 0 0 0 ,0,0,0.064056568,0,0.072149928,0
sp|P0DOX2|IGA2_HUMAN/sp|P01877|IGHA2_HUMAN_320_3 5 0 0 0 ,0.125236239,0.012731587,0.041918055,0.071716281,0,0.043634208
sp|P0DOX2|IGA2_HUMAN/sp|P01877|IGHA2_HUMAN_320_4 4 0 0 1 ,0,0,0,0,0.054428085,0.049125412
sp|P0DOX2|IGA2_HUMAN/sp|P01877|IGHA2_HUMAN_320_5 4 0 0 0 ,0,0.011893179,0,0,0,0
sp|P0DOX2|IGA2_HUMAN/sp|P01877|IGHA2_HUMAN_320_3 5 0 0 1 ,0,0,7.366249295,1.885737856,0,10.64002274
sp|P0DOX2|IGA2_HUMAN/sp|P01877|IGHA2_HUMAN_320_3 5 0 0 1 ,2.968156161,0,1.975281901,5.143902768,4.82353528,0
sp|P0DOX2|IGA2_HUMAN/sp|P01877|IGHA2_HUMAN_320_4 5 0 0 0 ,0.262857837,0,0.108371931,0.018266316,0.113268521,0.095504412
sp|P0DOX2|IGA2_HUMAN/sp|P01877|IGHA2_HUMAN_320_4 5 0 0 1 ,0,0,5.507424342,0,4.944338181,0.831400571
sp|P0DOX2|IGA2_HUMAN/sp|P01877|IGHA2_HUMAN_320_4 5 0 0 1 ,1.142424965,2.275586499,1.371967325,0,0,0
sp|P0DOX2|IGA2_HUMAN/sp|P01877|IGHA2_HUMAN_320_5 5 0 0 0 ,0,0,0,0.03633665,0,0.026822195
sp|P0DOX2|IGA2_HUMAN/sp|P01877|IGHA2_HUMAN_320_4 4 1 0 1 ,0.254996848,0.295804692,0.156226923,0.265560447,0,0.261905938
sp|P0DOX2|IGA2_HUMAN/sp|P01877|IGHA2_HUMAN_320_6 5 0 0 0 ,0,0,0.001836428,0.002624277,0.004805403,0.002310255
sp|P0DOX2|IGA2_HUMAN/sp|P01877|IGHA2_HUMAN_320_4 5 1 0 1 ,0,0.126910559,0,0,0,0
sp|P0DOX2|IGA2_HUMAN/sp|P01877|IGHA2_HUMAN_320_4 5 1 0 1 ,0,0,0.096972538,0,0,0
sp|P0DOX2|IGA2_HUMAN/sp|P01877|IGHA2_HUMAN_320_5 5 1 0 0 ,0.048280978,0,0,0,0,0
sp|P0DOX2|IGA2_HUMAN/sp|P01877|IGHA2_HUMAN_320_5 5 1 0 1 ,2.542888646,1.518000156,0,0,0,0
sp|P0DOX2|IGA2_HUMAN/sp|P01877|IGHA2_HUMAN_320_5 4 2 0 1 ,0.129518606,0,0.099600781,0,0,0
sp|P0DOX2|IGA2_HUMAN/sp|P01877|IGHA2_HUMAN/sp|P01876|IGHA1_HUMAN_246_3 3 0 0 0 ,0,0,0.023887202,0,0,0
sp|P0DOX2|IGA2_HUMAN/sp|P01877|IGHA2_HUMAN/sp|P01876|IGHA1_HUMAN_246_3 3 0 0 0 ,0.054936528,0,0,0,0,0
sp|P0DOX2|IGA2_HUMAN/sp|P01877|IGHA2_HUMAN/sp|P01876|IGHA1_HUMAN_246_5 2 0 0 0 ,0,0.029247678,0,0,0,0
sp|P0DOX2|IGA2_HUMAN/sp|P01877|IGHA2_HUMAN/sp|P01876|IGHA1_HUMAN_246_5 2 0 0 0 ,0.121902958,0,0.013729199,0.027691461,0,0
sp|P0DOX2|IGA2_HUMAN/sp|P01877|IGHA2_HUMAN/sp|P01876|IGHA1_HUMAN_246_4 3 0 0 0 ,0,0,0,0.055134644,0,0
sp|P0DOX2|IGA2_HUMAN/sp|P01877|IGHA2_HUMAN/sp|P01876|IGHA1_HUMAN_246_4 3 0 0 0 ,0.036478185,0,0,0,0.02636394,0
sp|P0DOX2|IGA2_HUMAN/sp|P01877|IGHA2_HUMAN/sp|P01876|IGHA1_HUMAN_246_3 4 0 0 0 ,0.020053414,0.029383063,0.016040398,0.044164422,0.052581146,0
sp|P0DOX2|IGA2_HUMAN/sp|P01877|IGHA2_HUMAN/sp|P01876|IGHA1_HUMAN_246_3 4 0 0 0 ,0,0,0,0,0,0.043031438
sp|P0DOX2|IGA2_HUMAN/sp|P01877|IGHA2_HUMAN/sp|P01876|IGHA1_HUMAN_246_6 2 0 0 0 ,0.060228646,0,0,0,0,0
sp|P0DOX2|IGA2_HUMAN/sp|P01877|IGHA2_HUMAN/sp|P01876|IGHA1_HUMAN_246_6 2 0 0 0 ,0,0,0,0.042914347,0,0
sp|P0DOX2|IGA2_HUMAN/sp|P01877|IGHA2_HUMAN/sp|P01876|IGHA1_HUMAN_246_6 2 0 0 0 ,0,0,0.022503865,0,0,0
sp|P0DOX2|IGA2_HUMAN/sp|P01877|IGHA2_HUMAN/sp|P01876|IGHA1_HUMAN_246_5 3 0 0 0 ,0.021313025,0,0,0,0.07016536,0
sp|P0DOX2|IGA2_HUMAN/sp|P01877|IGHA2_HUMAN/sp|P01876|IGHA1_HUMAN_246_4 4 0 0 0 ,0,0.023893878,0,0,0,0
sp|P0DOX2|IGA2_HUMAN/sp|P01877|IGHA2_HUMAN/sp|P01876|IGHA1_HUMAN_246_4 4 0 0 0 ,0,0,0.006174305,0.163132036,0,0.078755458
sp|P0DOX2|IGA2_HUMAN/sp|P01877|IGHA2_HUMAN/sp|P01876|IGHA1_HUMAN_246_3 5 0 0 0 ,0,0.10908895,0,0,0,0.041203516
sp|P0DOX2|IGA2_HUMAN/sp|P01877|IGHA2_HUMAN/sp|P01876|IGHA1_HUMAN_246_3 5 0 0 0 ,0,0.056295706,0,0,0,0
sp|P0DOX2|IGA2_HUMAN/sp|P01877|IGHA2_HUMAN/sp|P01876|IGHA1_HUMAN_246_3 5 0 0 0 ,4.346937324,1.188932236,0.052360047,0.063389287,0.070338167,0.013889768
sp|P0DOX2|IGA2_HUMAN/sp|P01877|IGHA2_HUMAN/sp|P01876|IGHA1_HUMAN_246_7 2 0 0 0 ,0,0.029772659,0,0.048235114,0,0
sp|P0DOX2|IGA2_HUMAN/sp|P01877|IGHA2_HUMAN/sp|P01876|IGHA1_HUMAN_246_7 2 0 0 0 ,0.039311263,0,0,0,0,0
sp|P0DOX2|IGA2_HUMAN/sp|P01877|IGHA2_HUMAN/sp|P01876|IGHA1_HUMAN_246_7 2 0 0 0 ,0,0,0.009990795,0,0,0
sp|P0DOX2|IGA2_HUMAN/sp|P01877|IGHA2_HUMAN/sp|P01876|IGHA1_HUMAN_246_7 2 0 0 0 ,0,0,0,0,0,0.023105051
sp|P0DOX2|IGA2_HUMAN/sp|P01877|IGHA2_HUMAN/sp|P01876|IGHA1_HUMAN_246_7 2 0 0 0 ,0,0,0,0,0.040962351,0
sp|P0DOX2|IGA2_HUMAN/sp|P01877|IGHA2_HUMAN/sp|P01876|IGHA1_HUMAN_246_4 3 1 0 0 ,0.09890659,0,0,0,0,0
sp|P0DOX2|IGA2_HUMAN/sp|P01877|IGHA2_HUMAN/sp|P01876|IGHA1_HUMAN_246_6 3 0 0 0 ,0,0.023112572,0,0,0,0.022869778
sp|P0DOX2|IGA2_HUMAN/sp|P01877|IGHA2_HUMAN/sp|P01876|IGHA1_HUMAN_246_6 3 0 0 0 ,0.059452307,0,0,0.045386391,0,0
sp|P0DOX2|IGA2_HUMAN/sp|P01877|IGHA2_HUMAN/sp|P01876|IGHA1_HUMAN_246_5 4 0 0 0 ,0.271666587,0,0,0.203293148,0.232853845,0.121509231
sp|P0DOX2|IGA2_HUMAN/sp|P01877|IGHA2_HUMAN/sp|P01876|IGHA1_HUMAN_246_5 4 0 0 0 ,0,0,0,0.051269001,0.04020696,0
sp|P0DOX2|IGA2_HUMAN/sp|P01877|IGHA2_HUMAN/sp|P01876|IGHA1_HUMAN_246_5 4 0 0 0 ,0,0,0.082780543,0,0,0
sp|P0DOX2|IGA2_HUMAN/sp|P01877|IGHA2_HUMAN/sp|P01876|IGHA1_HUMAN_246_3 5 0 0 1 ,0,0.022999778,0,0,0,0
sp|P0DOX2|IGA2_HUMAN/sp|P01877|IGHA2_HUMAN/sp|P01876|IGHA1_HUMAN_246_3 5 0 0 1 ,0,0,0.018925551,0,0,0
sp|P0DOX2|IGA2_HUMAN/sp|P01877|IGHA2_HUMAN/sp|P01876|IGHA1_HUMAN_246_4 5 0 0 0 ,0,0,0,0.020905951,0.028714122,0.057325372
sp|P0DOX2|IGA2_HUMAN/sp|P01877|IGHA2_HUMAN/sp|P01876|IGHA1_HUMAN_246_4 5 0 0 0 ,0,0,0,0.106413778,0.175637009,0.054944552
sp|P0DOX2|IGA2_HUMAN/sp|P01877|IGHA2_HUMAN/sp|P01876|IGHA1_HUMAN_246_4 5 0 0 0 ,0,0.026359542,0,0,0,0
sp|P0DOX2|IGA2_HUMAN/sp|P01877|IGHA2_HUMAN/sp|P01876|IGHA1_HUMAN_246_4 5 0 0 0 ,0.188218504,0.010838148,0,0,0,0
sp|P0DOX2|IGA2_HUMAN/sp|P01877|IGHA2_HUMAN/sp|P01876|IGHA1_HUMAN_246_8 2 0 0 0 ,0.082850349,0,0,0,0,0
sp|P0DOX2|IGA2_HUMAN/sp|P01877|IGHA2_HUMAN/sp|P01876|IGHA1_HUMAN_246_5 3 1 0 0 ,0.237801345,0.020028054,0.044263436,0.046352219,0,0
sp|P0DOX2|IGA2_HUMAN/sp|P01877|IGHA2_HUMAN/sp|P01876|IGHA1_HUMAN_246_4 4 1 0 0 ,0.062817658,0.019923194,0.041334194,0,0.046960497,0
sp|P0DOX2|IGA2_HUMAN/sp|P01877|IGHA2_HUMAN/sp|P01876|IGHA1_HUMAN_246_6 4 0 0 0 ,0.071940352,0,0,0,0,0
sp|P0DOX2|IGA2_HUMAN/sp|P01877|IGHA2_HUMAN/sp|P01876|IGHA1_HUMAN_246_5 5 0 0 0 ,0.126138204,0.082167418,0,0.035637321,0,0
sp|P0DOX2|IGA2_HUMAN/sp|P01877|IGHA2_HUMAN/sp|P01876|IGHA1_HUMAN_246_5 5 0 0 0 ,0.05459436,0,0,0,0,0
sp|P0DOX2|IGA2_HUMAN/sp|P01877|IGHA2_HUMAN/sp|P01876|IGHA1_HUMAN_246_9 2 0 0 0 ,0,0,0,0.036870818,0,0
sp|P0DOX2|IGA2_HUMAN/sp|P01877|IGHA2_HUMAN/sp|P01876|IGHA1_HUMAN_246_6 3 1 0 0 ,0.168164019,0.016711894,0.019137917,0,0.030629856,0
sp|P0DOX2|IGA2_HUMAN/sp|P01877|IGHA2_HUMAN/sp|P01876|IGHA1_HUMAN_246_5 4 1 0 0 ,0.017533676,0.018406816,0.313283989,0,0.061462146,0
sp|P0DOX2|IGA2_HUMAN/sp|P01877|IGHA2_HUMAN/sp|P01876|IGHA1_HUMAN_246_4 5 1 0 0 ,0.064664073,0.011284016,0.031448005,0,0.012859855,0.025371645
sp|P0DOX2|IGA2_HUMAN/sp|P01877|IGHA2_HUMAN/sp|P01876|IGHA1_HUMAN_246_4 5 1 0 0 ,0.148706132,0,0.011365444,0.19208444,0.103357767,0
sp|P0DOX2|IGA2_HUMAN/sp|P01877|IGHA2_HUMAN/sp|P01876|IGHA1_HUMAN_246_6 4 1 0 0 ,0,0.009530481,0,0,0,0
sp|P0DOX2|IGA2_HUMAN/sp|P01877|IGHA2_HUMAN/sp|P01876|IGHA1_HUMAN_246_6 4 1 0 0 ,0,0,0.021789521,0,0,0
sp|P0DOX2|IGA2_HUMAN/sp|P01877|IGHA2_HUMAN/sp|P01876|IGHA1_HUMAN_246_5 5 1 0 0 ,0.26413782,0.014320467,0.029237009,0,0,0
sp|P0DOX2|IGA2_HUMAN/sp|P01877|IGHA2_HUMAN/sp|P01876|IGHA1_HUMAN_246_5 5 1 0 0 ,0,0.037215016,0.26895015,0.035436861,0.023193439,0
sp|P0DOX2|IGA2_HUMAN/sp|P01877|IGHA2_HUMAN/sp|P01876|IGHA1_HUMAN_246_5 5 2 0 0 ,0,0.023415434,0,0,0,0
sp|P0DOX2|IGA2_HUMAN/sp|P01877|IGHA2_HUMAN/sp|P01876|IGHA1_HUMAN_246_10 6 1 0 0 ,0,0,0,0.00035367,0,0
sp|P10909|CLUS_HUMAN_86_5 4 1 0 1 ,0,0,0.149994291,0,0,0.174007565
sp|P10909|CLUS_HUMAN_103_5 4 1 0 1 ,0,0.250663792,0.671647012,0,0,0
sp|P10909|CLUS_HUMAN_103_5 4 2 0 1 ,0.283998228,0.176554612,0.343422598,0,0.146129284,0.109153928
sp|P10909|CLUS_HUMAN_291_5 3 1 0 0 ,0.05148715,0,0.03612671,0,0,0
sp|P10909|CLUS_HUMAN_291_5 4 1 0 0 ,0,0,0.569562989,0,0,0
sp|P10909|CLUS_HUMAN_374_5 4 1 0 2 ,0,0,0,0.225684485,0,0.208646228
sp|P10909|CLUS_HUMAN_374_7 5 0 0 3 ,0,0,0,0,0,0.053026035
sp|P10909|CLUS_HUMAN_374_7 5 1 0 2 ,0,0.013931321,0,0,0,0
sp|P18505|GBRB1_HUMAN_376_5 4 2 0 3 ,0,0,0,0,0,0.000394178
sp|P19652|A1AG2_HUMAN/sp|P02763|A1AG1_HUMAN_56_5 4 2 0 0 ,0,0,0,0.099233166,0.117134639,0.098357149
sp|P24821|TENA_HUMAN_327_5 4 1 0 1 ,0,0,0,0,0.076575982,0
sp|P24821|TENA_HUMAN_327_5 4 2 0 1 ,0,0,0.193526445,0,0,0
sp|P24821|TENA_HUMAN_1018_7 2 0 0 0 ,0.054889853,0,0,0,0,0
sp|P24821|TENA_HUMAN_1018_8 2 0 0 0 ,0,0.150985177,0,0,0,0
sp|P24821|TENA_HUMAN_1018_8 2 0 0 0 ,0.05353692,0,0,0,0,0
sp|P24821|TENA_HUMAN/sp|P24821|TENA_HUMAN_1119_5 4 1 0 1 ,0.515531223,0,0,0,0,0
sp|P25311|ZA2G_HUMAN_109_5 4 1 0 1 ,0,0.058301322,0.022439702,0.080745803,0,0.059695163
sp|P25311|ZA2G_HUMAN_109_5 4 1 0 2 ,0,0,0,0,0,0.100663277
sp|P25311|ZA2G_HUMAN_109_5 4 2 0 1 ,0,0.016269841,0,0.051610126,0,0
sp|P25311|ZA2G_HUMAN_112_5 4 1 0 1 ,0,0,0,0,0,0.044719528
sp|P47710|CASA1_HUMAN_69_5 4 0 0 1 ,0,0,0,0,0.053600636,0
sp|P47710|CASA1_HUMAN_69_5 4 1 0 1 ,0,0,0,0.099681566,0.097876842,0
sp|P47710|CASA1_HUMAN_69_6 4 1 0 0 ,0,0,0,0.002530597,0,0.00488381
sp|Q08380|LG3BP_HUMAN_69_6 4 1 0 1 ,0,0,0,0,0.002353575,0
sp|Q08380|LG3BP_HUMAN_125_5 4 1 0 1 ,0,0,0,0,0.056440512,0.085805886
sp|Q08380|LG3BP_HUMAN_551_5 2 0 0 0 ,0,0.03951317,0,0,0,0
sp|Q08380|LG3BP_HUMAN_551_5 4 1 0 0 ,0,0,0,0,0.107579133,0
sp|Q08380|LG3BP_HUMAN_551_6 4 1 0 0 ,0,0,0,0.001307428,0,0
sp|Q08431|MFGM_HUMAN_238_5 2 0 0 0 ,0,0,0,0.027182365,0.026613691,0.016354106
sp|Q08431|MFGM_HUMAN_238_5 2 0 0 0 ,0,0.025815308,0.015329228,0,0,0
sp|Q08431|MFGM_HUMAN_238_7 2 0 0 0 ,0,0,0,0.018280072,0,0
sp|Q08431|MFGM_HUMAN_238_7 2 0 0 0 ,0,0.018822812,0,0,0,0.021556244
sp|Q08431|MFGM_HUMAN_238_7 2 0 0 0 ,0,0,0,0,0.043978824,0
sp|Q08431|MFGM_HUMAN_238_6 3 1 0 0 ,0,0,0.018053036,0.020129987,0.019810196,0.017655233
sp|Q13410|BT1A1_HUMAN_55_5 4 1 0 1 ,0,0,0,0.123524437,0.142877905,0.036538679
sp|Q13410|BT1A1_HUMAN_55_5 4 0 0 3 ,0,0,0,0,0.09525809,0
sp|Q13410|BT1A1_HUMAN_55_5 4 2 0 0 ,0,0.048965227,0,0,0,0.01713349
sp|Q13410|BT1A1_HUMAN_55_5 4 1 0 2 ,0.292177484,0,0,0,0,0
sp|Q13410|BT1A1_HUMAN_55_5 4 1 0 2 ,0,0.274675481,0,0.146987824,0.69058058,0.231798667
sp|Q13410|BT1A1_HUMAN_55_5 4 2 0 1 ,0.299235365,0.156508927,0.188282768,0.29733508,0.229830282,0.697922113
sp|Q13410|BT1A1_HUMAN_55_5 4 1 0 3 ,0,0,0,0.08072227,0,0
sp|Q13410|BT1A1_HUMAN_55_6 5 1 0 3 ,0,0,0,0.048993273,0.087778684,0
sp|Q6WN34|CRDL2_HUMAN_114_5 4 1 0 1 ,0,0,0.023866852,0,0,0
sp|Q6ZMW3|EMAL6_HUMAN_1352_3 5 0 0 1 ,0,0,0,0,0,0.655718781
sp|Q9NZJ4|SACS_HUMAN_3757_6 4 1 0 0 ,0,0,0,0.020308243,0,0
