glycan,NG_Control_1,NG_Control_2,NG_Control_3,NG_Control_4,NG_SSSMuG_1,NG_SSSMuG_2,NG_SSSMuG_3,NG_SSSMuG_4,NG_SSSMuG_5,NG_SSSMuG_6
Man(a1-3)[Man(a1-6)]Man(a1-6)[Man(a1-3)][GlcNAc(b1-4)]Man(b1-4)GlcNAc(b1-4)GlcNAc,0.097493848,0.090425192,0.10115154,0.05570403,0.127251888,0.080078699,0.144585322,0.113894813,0.109258011,0.100255211
GlcNAc(b1-2)Man(a1-3)[Man(a1-3)[Man(a1-6)]Man(a1-6)]Man(b1-4)GlcNAc(b1-4)GlcNAc,1.309443232,0.745612132,0.539254324,2.893897384,0.529947557,0.211534199,0.384495194,0.367962014,0.373562495,0.399292007
{GlcNAc(b1-2/4)}Gal(b1-4)GlcNAc(b1-2)Man(a1-3/6)[Man(a1-3/6)]Man(b1-4)GlcNAc(b1-4)GlcNAc,0.028687845,0.151542615,0.09387326,0.170345845,0.196604952,0.187961944,0.161673497,0.156627519,0.116948887,0.224368361
GlcNAc(b1-2)Man(a1-3)[GlcNAc(b1-2)Man(a1-6)][GlcNAc(b1-4)]Man(b1-4)GlcNAc(b1-4)GlcNAc,0.572972464,0.22348451,0.451914973,0.382939128,0.52906317,0.183729653,0.515234367,0.158273032,0.424009091,0.363090177
{GlcNAc(b1-4/6)}GlcNAc(b1-2)Man(a1-3)[GlcNAc(b1-2)Man(a1-6)]Man(b1-4)GlcNAc(b1-4)GlcNAc,0.024765679,0.035485889,0.052767524,0.047254542,0.056643566,0.056881458,0.029560967,0.056276543,0.030386889,0.025707794
Gal(b1-4)GlcNAc(b1-2)Man(a1-3)[Man(a1-3)[Man(a1-6)]Man(a1-6)]Man(b1-4)GlcNAc(b1-4)GlcNAc,0.099286838,0.068776247,0.07212113,0.11610222,0.038242609,0.040796073,0.051039384,0.074782235,0.031853705,0.057794994
GlcNAc(b1-2)Man(a1-3)[Man(a1-3/6)Man(a1-6)][GlcNAc(b1-4)]Man(b1-4)GlcNAc(b1-4)[Fuc(a1-6)]GlcNAc,0.771994388,0.936265812,0.426523704,0.749605169,0.857769875,0.392370893,0.75127182,0.587979756,0.613882546,0.575010918
Gal(b1-4)GlcNAc(b1-2)Man(a1-3/6)[GlcNAc(b1-2)Man(a1-3/6)]Man(b1-4)GlcNAc(b1-4)[Fuc(a1-6)]GlcNAc,0.189048415,0.249830868,0.289394307,0.417154338,0.376920065,0.475891677,0.378191256,0.417479297,0.393503271,0.387138289
GlcNAc(b1-2)Man(a1-3)[Man(a1-3)[Man(a1-6)]Man(a1-6)][GlcNAc(b1-4)]Man(b1-4)GlcNAc(b1-4)GlcNAc,1.006203746,1.301081171,1.152283932,0.814593204,0.536765896,0.615905513,0.643992302,0.757113173,0.403889918,0.414332882
GalOS(b1-4)GlcNAc(b1-2)Man(a1-3)[GlcNAc(b1-2)Man(a1-6)]Man(b1-4)GlcNAc(b1-4)[Fuc(a1-6)]GlcNAc,0,0,0,0,0.089194716,0.074078489,0.078011234,0.112072091,0.048999601,0.086234349
GalOS(b1-4)GlcNAc(b1-2)Man(a1-6)[GlcNAc(b1-2)Man(a1-3)]Man(b1-4)GlcNAc(b1-4)[Fuc(a1-6)]GlcNAc,0,0,0,0,0.132601004,0.211185972,0.291039312,0.192828804,0.214531831,0.230834208
Neu5Ac(a2-3/6)Gal(b1-4)GlcNAc(b1-2)Man(a1-3)[Man(a1-3/6)Man(a1-6)]Man(b1-4)GlcNAc(b1-4)GlcNAc,0.331815268,0.078988014,0.295101139,0.509785759,0.140432109,0.143201447,0.122431483,0.167918269,0.287971767,0.081393608
{Fuc(a1-2/3)}Gal(b1-4)GlcNAc(b1-2)Man(a1-3)[Man(a1-3/6)Man(a1-6)]Man(b1-4)GlcNAc(b1-4)[Fuc(a1-6)]GlcNAc,0.267155555,0.159048263,0.197257908,0.237315859,0.182597402,0.335275142,0.240292611,0.223334083,0.354295661,0.225872449
{Man(a1-2)}Man(a1-3)[Man(a1-6)]Man(a1-6)[Man(a1-3)][GlcNAc(b1-4)]Man(b1-4)GlcNAc(b1-4)[Fuc(a1-6)]GlcNAc,0.127302312,0.191470622,0.23091995,0.111512375,0.081777276,0.145424739,0.087557197,0.113768235,0.175542261,0.073786729
Gal(b1-4)GlcNAc(b1-2)Man(a1-3)[Man(a1-3)[Man(a1-6)]Man(a1-6)]Man(b1-4)GlcNAc(b1-4)[Fuc(a1-6)]GlcNAc,0.8898835,0.549086685,0.817565796,1.194820151,0.796633053,0.624932615,0.443279417,0.715975349,0.659829584,0.39630112
{Fuc(a1-2/3)}{GlcNAc(b1-2/4)}Gal(b1-4)GlcNAc(b1-2)Man(a1-3/6)[Man(a1-3/6)]Man(b1-4)GlcNAc(b1-4)[Fuc(a1-6)]GlcNAc,0.096709415,0.077558367,0.038128258,0.052053017,0.072605326,0.05286346,0.051804862,0.095743539,0.084817676,0.06047469
{Fuc(a1-2/3)}Gal(b1-4)GlcNAc(b1-2)Man(a1-6)[GlcNAc(b1-2)Man(a1-3)]Man(b1-4)GlcNAc(b1-4)[Fuc(a1-6)]GlcNAc,1.954807679,2.11327402,2.608353314,1.955795618,1.423420995,2.577224246,1.657440403,1.942616659,2.025039351,1.412632053
{Fuc(a1-2/3)}Gal(b1-4)GlcNAc(b1-2)Man(a1-3)[GlcNAc(b1-2)Man(a1-6)]Man(b1-4)GlcNAc(b1-4)[Fuc(a1-6)]GlcNAc,0.125061074,0.033698829,0.181295319,0.039222313,0.074202928,0.126808015,0.144562808,0.065061051,0.141210825,0.112132315
{Fuc(a1-2/3/6)}Gal(b1-4)GlcNAc(b1-2)Man(a1-3)[Man(a1-3/6)Man(a1-6)][GlcNAc(b1-4)]Man(b1-4)GlcNAc(b1-4)GlcNAc,0.053453523,0.233032512,0.166325222,0.101080909,0.144968158,0.270598769,0.083887404,0.248143355,0.066660865,0.106254272
GlcNAc(b1-2)Man(a1-3)[Man(a1-3)[Man(a1-6)]Man(a1-6)][GlcNAc(b1-4)]Man(b1-4)GlcNAc(b1-4)[Fuc(a1-6)]GlcNAc,0.743754791,0.922275692,1.10993758,0.471919536,1.267255355,0.920376004,0.349823535,0.774479663,0.688036069,0.425725912
Gal(b1-4)GlcNAc(b1-2)Man(a1-3)[Man(a1-3/6)Man(a1-6)][GlcNAc(b1-4)]Man(b1-4)GlcNAc(b1-4)[Fuc(a1-6)]GlcNAc,0.218632755,0.234564277,0.32586841,0.406514242,0.530061672,0.58187307,0.490108671,0.246649736,0.271698032,0.269404544
Man(a1-3/6)Man(b1-4)GlcNAc(b1-4)[Fuc(a1-6)]GlcNAc,1.582650129,1.763214664,2.564766347,2.073358244,1.240524042,1.144874943,1.52730911,0.995408766,1.035116579,1.172081785
{Hex(?1-?)}GlcNAc(b1-2)Man(a1-3)[Man(a1-3)[Man(a1-6)]Man(a1-6)][GlcNAc(b1-4)]Man(b1-4)GlcNAc(b1-4)GlcNAc,0.100519519,0.191368504,0.118437453,0.199032377,0.15884733,0.101320515,0.051984975,0.060352352,0.094034834,0.058538393
Gal(b1-4)GlcNAc(b1-2)Man(a1-6)[GlcNAc(b1-2)Man(a1-3)][GlcNAc(b1-4)]Man(b1-4)GlcNAc(b1-4)[Fuc(a1-6)]GlcNAc,0.09345962,0.126013199,0.055166048,0.155846107,0.226288976,0.166921028,0.125560938,0.177968556,0.166543144,0.253481963
{Fuc(a1-2/3/6)}{GlcNAc(b1-4/6)}Gal(b1-4)GlcNAc(b1-2)Man(a1-3/6)[GlcNAc(b1-2)Man(a1-3/6)]Man(b1-4)GlcNAc(b1-4)GlcNAc,0.30884258,0.295528523,0.264830114,0.381583038,0.312687888,0.272487228,0.414911695,0.249788868,0.344047767,0.391840723
Gal(b1-4)GlcNAc(b1-2)Man(a1-3)[GlcNAc(b1-2)Man(a1-6)][GlcNAc(b1-4)]Man(b1-4)GlcNAc(b1-4)[Fuc(a1-6)]GlcNAc,0.102536633,0.08353225,0.10876065,0.058729155,0.051522679,0.078123274,0.108832988,0.068377393,0.105095423,0.074772165
{Fuc(a1-2/3/6)}{GlcNAc(b1-4/6)}Gal(b1-4)GlcNAc(b1-2)Man(a1-3/6)[GlcNAc(b1-2)Man(a1-3/6)]Man(b1-4)GlcNAc(b1-4)GlcNAc,0.182885011,0.130710611,0.091474737,0.219999624,0.036787649,0.107508232,0.031947458,0.089667799,0.059247495,0.074547417
{Fuc(a1-2/3)}GalOS(b1-4)GlcNAc(b1-2)Man(a1-6)[GlcNAc(b1-2)Man(a1-3)]Man(b1-4)GlcNAc(b1-4)[Fuc(a1-6)]GlcNAc,0.402078076,0.31881135,0.7318806,0.522616462,0.386562737,0.355753539,0.566769061,0.448845306,0.324344853,0.312314258
GalOS(b1-4)GlcNAc(b1-2)Man(a1-3/6)[Gal(b1-4)GlcNAc(b1-2)Man(a1-3/6)]Man(b1-4)GlcNAc(b1-4)[Fuc(a1-6)]GlcNAc,0.104217561,0.074188484,0.282364151,0.356338889,0.069024985,0.091007654,0.070176339,0.066301515,0.120734859,0.124130439
Neu5Ac(a2-6)Gal(b1-4)GlcNAc(b1-2)Man(a1-3)[Man(a1-3/6)Man(a1-6)]Man(b1-4)GlcNAc(b1-4)[Fuc(a1-6)]GlcNAc,0.145904586,0.052284245,0.099166554,0.129037238,0.23414861,0.09139606,0.18977105,0.189385884,0.13159723,0.189618754
Neu5Ac(a2-3)Gal(b1-4)GlcNAc(b1-2)Man(a1-3)[Man(a1-3/6)Man(a1-6)]Man(b1-4)GlcNAc(b1-4)[Fuc(a1-6)]GlcNAc,0.180083464,0.158231322,0.215867145,0.169719957,0.240139619,0.209833246,0.224240083,0.314368923,0.19229172,0.248883258
Neu5Ac(a2-3)Gal(b1-4)GlcNAc(b1-2)Man(a1-3)[Man(a1-3/6)Man(a1-6)]Man(b1-4)GlcNAc(b1-4)[Fuc(a1-6)]GlcNAc,0.325203616,0.346485238,0.712857825,0.405262466,0.530946059,0.655589939,0.383211892,0.659572227,0.741911845,0.519480699
Neu5Ac(a2-6)Gal(b1-4)GlcNAc(b1-2)Man(a1-3)[Man(a1-3)[Man(a1-6)]Man(a1-6)]Man(b1-4)GlcNAc(b1-4)GlcNAc,0.129319426,0.234360041,0.245641924,0.205917145,0.11732393,0.178733942,0.203909883,0.308571654,0.181746499,0.133137675
Neu5Ac(a2-3)Gal(b1-4)GlcNAc(b1-2)Man(a1-3)[Man(a1-3)[Man(a1-6)]Man(a1-6)]Man(b1-4)GlcNAc(b1-4)GlcNAc,0.287887006,0.290575816,0.502449389,0.313987136,0.472547983,0.806505942,0.565508273,0.690482556,0.711921393,0.677237002
{Fuc(a1-?)}{Hex(?1-?)}GlcNAc(b1-2)Man(a1-3)[Man(a1-3)[Man(a1-6)]Man(a1-6)]Man(b1-4)GlcNAc(b1-4)[Fuc(a1-6)]GlcNAc,0.357477442,0.271377695,0.252175833,0.206960292,0.371385514,0.370941571,0.344487701,0.361987537,0.375068955,0.367325826
Neu5Ac(a2-6)Gal(b1-4)GlcNAc(b1-2)Man(a1-6)[GlcNAc(b1-2)Man(a1-3)]Man(b1-4)GlcNAc(b1-4)[Fuc(a1-6)]GlcNAc,0.092451063,0.045187067,0.176002025,0.062797427,0.038813181,0.051283047,0.075804855,0.043821276,0.033657493,0.071228051
Neu5Ac(a2-6)Gal(b1-4)GlcNAc(b1-2)Man(a1-3)[GlcNAc(b1-2)Man(a1-6)]Man(b1-4)GlcNAc(b1-4)[Fuc(a1-6)]GlcNAc,0.207426566,0.110593431,0.190806706,0.189539743,0.110234569,0.208038541,0.174326402,0.135564953,0.222381282,0.123715518
Neu5Ac(a2-3)Gal(b1-4)GlcNAc(b1-2)Man(a1-6)[GlcNAc(b1-2)Man(a1-3)]Man(b1-4)GlcNAc(b1-4)[Fuc(a1-6)]GlcNAc,0.278473807,0.273828519,0.288153691,0.140720481,0.257855889,0.179550935,0.308870451,0.222296144,0.259031873,0.245460163
Neu5Ac(a2-3)Gal(b1-4)GlcNAc(b1-2)Man(a1-3)[GlcNAc(b1-2)Man(a1-6)]Man(b1-4)GlcNAc(b1-4)[Fuc(a1-6)]GlcNAc,0.094468177,0.090731545,0.367883931,0.313152619,0.133200105,0.158416266,0.128375196,0.135970002,0.205512891,0.115417104
Neu5Ac(a2-3/6)Gal(b1-4)GlcNAc(b1-2)Man(a1-3/6)[GlcNAc(b1-2)Man(a1-3/6)]Man(b1-4)GlcNAc(b1-4)[Fuc(a1-6)]GlcNAc,0.305480723,0.435480783,0.277980641,0.276016599,0.784793677,0.641754633,0.435917318,0.538133371,0.689681283,0.654641113
Neu5Ac(a2-3/6)Gal(b1-4)GlcNAc(b1-2)Man(a1-3/6)[Gal(b1-4)GlcNAc(b1-2)Man(a1-3/6)]Man(b1-4)GlcNAc(b1-4)GlcNAc,0.075865902,0.02757177,0.092715352,0.195485679,0.035846205,0.082355565,0.045005615,0.069238122,0.049792475,0.054994279
Neu5Ac(a2-3/6)Gal(b1-4)GlcNAc(b1-2)Man(a1-3)[Gal(b1-4)GlcNAc(b1-2)Man(a1-6)]Man(b1-4)GlcNAc(b1-4)GlcNAc,0.075417655,0.041664007,0.032504133,0.090545128,0.04708648,0.149282017,0.054596607,0.138476245,0.052765752,0.063966939
{Fuc(a1-2/3)}Gal(b1-4)GlcNAc(b1-2)Man(a1-3)[Gal(b1-4)GlcNAc(b1-2)Man(a1-6)]Man(b1-4)GlcNAc(b1-4)[Fuc(a1-6)]GlcNAc,1.649663142,1.394876246,0.395260186,0.89481118,1.441080207,0.517156516,0.946333675,0.945840852,0.951349461,0.715150379
Neu5Gc(a2-3/6)Gal(b1-4)GlcNAc(b1-2)Man(a1-6)[GlcNAc(b1-2)Man(a1-3)]Man(b1-4)GlcNAc(b1-4)GlcNAc,0.132905406,0.144904967,0.12505407,0.139051446,0.115940292,0.104334013,0.202986806,0.189866881,0.171161633,0.121260571
Man(a1-2)Man(a1-6)[Man(a1-3)]Man(a1-6)[GlcNAc(b1-2)Man(a1-3)][GlcNAc(b1-4)]Man(b1-4)GlcNAc(b1-4)[Fuc(a1-6)]GlcNAc,0.375743531,0.193461916,0.201972248,0.192356239,0.247828081,0.085261917,0.373508331,0.076858113,0.232926503,0.15936412
Gal(b1-4)GlcNAc(b1-2)Man(a1-3)[Man(a1-3)[Man(a1-6)]Man(a1-6)][GlcNAc(b1-4)]Man(b1-4)GlcNAc(b1-4)[Fuc(a1-6)]GlcNAc,0.199021924,0.136071789,0.139279798,0.168155237,0.180771571,0.187519964,0.14080296,0.121666697,0.163094142,0.154039305
{Fuc(a1-2/3)}Gal(b1-4)GlcNAc(b1-2)Man(a1-3)[GlcNAc(b1-2)Man(a1-6)][GlcNAc(b1-4)]Man(b1-4)GlcNAc(b1-4)[Fuc(a1-6)]GlcNAc,2.053534208,1.587163809,2.097633153,1.109282127,1.458511191,1.661977886,1.918986291,1.173908949,1.506024156,2.301080972
{Fuc(a1-2/3)}Gal(b1-4)GlcNAc(b1-2)Man(a1-6)[GlcNAc(b1-2)Man(a1-3)][GlcNAc(b1-4)]Man(b1-4)GlcNAc(b1-4)[Fuc(a1-6)]GlcNAc,0.150835309,0.287614404,0.181129903,0.107965676,0.137707626,0.172117639,0.266769151,0.14045086,0.257723632,0.278377204
Neu5Ac(a2-3/6)Gal(b1-4)GlcNAc(b1-2)Man(a1-3)[GlcNAcOS(b1-2)Man(a1-6)]Man(b1-4)GlcNAc(b1-4)[Fuc(a1-6)]GlcNAc,0.186919239,0.124328257,0.610548377,0.174309802,0.213764914,0.237396712,0.160480252,0.120350287,0.262243012,0.196067313
Neu5Ac(a2-3/6)Gal(b1-4)GlcNAc(b1-2)Man(a1-3/6)[GlcNAcOS(b1-2)Man(a1-3/6)]Man(b1-4)GlcNAc(b1-4)[Fuc(a1-6)]GlcNAc,0,0,0,0,0.027344678,0.037380774,0.053403361,0.030960959,0.033776424,0.073095194
Neu5Ac(a2-3/6)Gal(b1-4)GlcNAc(b1-2)Man(a1-3/6)[GlcNAcOS(b1-2)Man(a1-3/6)]Man(b1-4)GlcNAc(b1-4)[Fuc(a1-6)]GlcNAc,0,0,0,0,0.112545387,0.033068123,0.070176339,0.025948474,0.051061073,0.059074333
GalNAcOS(b1-4)GlcNAc(b1-2)Man(a1-3)[GalNAcOS(b1-4)GlcNAc(b1-2)Man(a1-6)]Man(b1-4)GlcNAc(b1-4)[Fuc(a1-6)]GlcNAc,0,0,0,0,0.102574636,0.184841299,0.092960572,0.168044847,0.089951534,0.222708678
{Fuc(a1-2/3/6)}{HexNAc(b1-?)}{HexNAc(b1-?)}Gal(b1-4)GlcNAc(b1-2)Man(a1-3/6)[GlcNAc(b1-2)Man(a1-3/6)]Man(b1-4)GlcNAc(b1-4)GlcNAc,0.038773415,0.086697898,0.007030156,0.037448964,0.04119532,0.048470449,0.019474666,0.055871494,0.012725625,0.029684117
{Fuc(a1-2/3/6)}{HexNAc(b1-?)}{HexNAc(b1-?)}Gal(b1-4)GlcNAc(b1-2)Man(a1-3/6)[GlcNAc(b1-2)Man(a1-3/6)]Man(b1-4)GlcNAc(b1-4)GlcNAc,0.06152198,0.032881888,0.041850105,0.131958049,0.093359893,0.051992894,0.049238259,0.030277439,0.045986681,0.057777706
{Fuc(a1-3/6)}Neu5Ac(a2-3)Gal(b1-4)GlcNAc(b1-2)Man(a1-3)[Man(a1-3)[Man(a1-6)]Man(a1-6)]Man(b1-4)GlcNAc(b1-4)GlcNAc,0,0,0,0,0.031238834,0.041720212,0.00781238,0.038783475,0.032289786,0.03630556
Neu5Ac(a2-6)Gal(b1-4)GlcNAc(b1-2)Man(a1-3)[Man(a1-3)[Man(a1-6)]Man(a1-6)]Man(b1-4)GlcNAc(b1-4)[Fuc(a1-6)]GlcNAc,0.096261167,0.088893427,0.124475116,0.039952516,0.08550026,0.140924582,0.194386433,0.120654074,0.161310176,0.144219515
{Hex(?1-?)}{Hex(?1-?)}Neu5Ac(a2-3/6)Gal(b1-4)GlcNAc(b1-2)Man(a1-3)[Man(a1-6)]Man(b1-4)GlcNAc(b1-4)[Fuc(a1-6)]GlcNAc,0.08281374,0.103955783,0.155655926,0,0.180186734,0.169599694,0.060225123,0.192702226,0.198753642,0.157911898
Neu5Ac(a2-3)Gal(b1-4)GlcNAc(b1-2)Man(a1-3)[Man(a1-3)[Man(a1-6)]Man(a1-6)]Man(b1-4)GlcNAc(b1-4)[Fuc(a1-6)]GlcNAc,0.210564299,0.200150624,0.278807719,0.206125774,0.26319074,0.341730726,0.241778539,0.329127909,0.354811029,0.355137531
Glc(a1-3)Man(a1-2)Man(a1-2)Man(a1-3)[Man(a1-2)Man(a1-3)[Man(a1-2)Man(a1-6)]Man(a1-6)]Man(b1-4)GlcNAc(b1-4)GlcNAc,0.60233268,0.626798228,0.287161198,0.434261942,0.731644867,0.559385675,0.485876027,0.565676726,0.598362042,0.295077761
{Fuc(a1-2/3)}{HexNAcOS(b1-4/6)}Gal(b1-4)GlcNAc(b1-2)Man(a1-3/6)[GlcNAc(b1-2)Man(a1-3/6)]Man(b1-4)GlcNAc(b1-4)[Fuc(a1-6)]GlcNAc,0,0.058462363,0,0,0.078439428,0.039429953,0.059031877,0.097566261,0.036511839,0.041768682
{Fuc(a1-2/3)}{HexNAcOS(b1-4/6)}Gal(b1-4)GlcNAc(b1-2)Man(a1-3/6)[GlcNAc(b1-2)Man(a1-3/6)]Man(b1-4)GlcNAc(b1-4)[Fuc(a1-6)]GlcNAc,0,0,0,0,0.098095644,0.119897059,0.10601873,0,0.206404874,0
{Fuc(a1-2/3/6)}{Fuc(a1-2/3/6)}{HexNAcOS(b1-4/6)}Gal(b1-4)GlcNAc(b1-2)Man(a1-3/6)[GlcNAc(b1-2)Man(a1-3/6)]Man(b1-4)GlcNAc(b1-4)GlcNAc,0,0,0,0,0.024334909,0.043434558,0.036607869,0.010024971,0.052428781,0.056947864
{Fuc(a1-2/3/6)}Neu5Ac(a2-3/6)Gal(b1-4)GlcNAc(b1-2)Man(a1-3/6)[Gal(b1-4)GlcNAc(b1-2)Man(a1-3/6)]Man(b1-4)GlcNAc(b1-4)GlcNAc,0,0,0.12687364,0,0.078125613,0.18947539,0.22527573,0.126071609,0.144976976,0.107153267
{Fuc(a1-2/3/6)}Neu5Ac(a2-3/6)Gal(b1-4)GlcNAc(b1-2)Man(a1-3/6)[Gal(b1-4)GlcNAc(b1-2)Man(a1-3/6)]Man(b1-4)GlcNAc(b1-4)GlcNAc,0,0.02798024,0.039368874,0,0.027344678,0.032505603,0.066776715,0.048251503,0.040258168,0.076449136
{Fuc(a1-2/3/6)}Neu5Ac(a2-3/6)Gal(b1-4)GlcNAc(b1-2)Man(a1-3/6)[Gal(b1-4)GlcNAc(b1-2)Man(a1-3/6)]Man(b1-4)GlcNAc(b1-4)GlcNAc,0,0,0,0,0.106910986,0.149429344,0.120832984,0.075491072,0.10140856,0.156840019
Neu5Ac(a2-3)Gal(b1-4)GlcNAc(b1-2)Man(a1-3)[Gal(b1-4)GlcNAc(b1-2)Man(a1-6)]Man(b1-4)GlcNAc(b1-4)[Fuc(a1-6)]GlcNAc,0,0,0,0,0.065316265,0.166331722,0.084022489,0.066250884,0.082538163,0.065021529
{Fuc(a1-2/3)}{Fuc(a1-2/3)}Gal(b1-4)GlcNAc(b1-2)Man(a1-3)[Gal(b1-4)GlcNAc(b1-2)Man(a1-6)]Man(b1-4)GlcNAc(b1-4)[Fuc(a1-6)]GlcNAc,0,0.078630602,0.117362252,0,0.095813354,0.081806438,0.090101286,0.06999759,0.079267559,0
{Fuc(a1-2/3)}Gal(b1-4)GlcNAc(b1-2)Man(a1-3)[Man(a1-3)[Man(a1-6)]Man(a1-6)][GlcNAc(b1-4)]Man(b1-4)GlcNAc(b1-4)[Fuc(a1-6)]GlcNAc,0.386165287,0.21955298,0.506336652,0.250146562,0.412067319,0.403085555,0.293313233,0.306926141,0.477647004,0.365890892
Man(a1-3)[Man(a1-6)]Man(b1-4)GlcNAc(b1-4)[Fuc(a1-6)]GlcNAc,2.270710159,1.421528957,2.682542138,2.093699603,1.517223082,2.086747236,2.976156705,1.901478835,2.195130605,1.972498365
{Fuc(a1-3/6)}{HexNAc(b1-4/6)}Neu5Ac(a2-3/6)Gal(b1-4)GlcNAc(b1-2)Man(a1-3/6)[GlcNAc(b1-2)Man(a1-3/6)]Man(b1-4)GlcNAc(b1-4)GlcNAc,0.171790884,0.055245657,0.110497512,0.079905032,0.072148868,0.12429007,0.134701648,0.055820863,0.105947763,0.070726689
Neu5Ac(a2-6)Gal(b1-4)GlcNAc(b1-2)Man(a1-6)[GlcNAc(b1-2)Man(a1-3)][GlcNAc(b1-4)]Man(b1-4)GlcNAc(b1-4)[Fuc(a1-6)]GlcNAc,0,0,0,0,0.03049709,0.0519795,0.02575609,0.093363874,0.022953697,0.028110876
Neu5Ac(a2-6)Gal(b1-4)GlcNAc(b1-2)Man(a1-3)[GlcNAc(b1-2)Man(a1-6)][GlcNAc(b1-4)]Man(b1-4)GlcNAc(b1-4)[Fuc(a1-6)]GlcNAc,0.206754194,0.045595537,0.239686968,0.128098406,0.074459686,0.123178424,0.171039348,0.159209708,0.109258011,0.103418981
Neu5Ac(a2-3)Gal(b1-4)GlcNAc(b1-2)Man(a1-6)[GlcNAc(b1-2)Man(a1-3)][GlcNAc(b1-4)]Man(b1-4)GlcNAc(b1-4)[Fuc(a1-6)]GlcNAc,0.603789485,0.632261523,0.323469887,0.31878561,0.501789814,0.621959296,0.645523258,0.791694261,0.676182606,0.575373973
{HexNAc(b1-4/6)}Neu5Ac(a2-3/6)Gal(b1-4)GlcNAc(b1-2)Man(a1-3/6)[GlcNAc(b1-2)Man(a1-3/6)]Man(b1-4)GlcNAc(b1-4)[Fuc(a1-6)]GlcNAc,0.091218382,0.111563549,0,0,0.127194831,0.147942685,0.179707263,0.173766169,0.160259619,0.178536914
{HexNAc(b1-4/6)}Neu5Ac(a2-3/6)Gal(b1-4)GlcNAc(b1-2)Man(a1-3/6)[GlcNAc(b1-2)Man(a1-3/6)]Man(b1-4)GlcNAc(b1-4)[Fuc(a1-6)]GlcNAc,0,0.040285419,0.038541797,0,0.133257162,0.194779147,0.208255097,0.206372641,0.113797213,0.139862848
{HexNAc(b1-4/6)}Neu5Ac(a2-3/6)Gal(b1-4)GlcNAc(b1-2)Man(a1-3/6)[GlcNAc(b1-2)Man(a1-3/6)]Man(b1-4)GlcNAc(b1-4)[Fuc(a1-6)]GlcNAc,0.25382019,0.200405918,0.162189836,0.193920959,0.238484959,0.275567693,0.169148167,0.162475419,0.285553502,0.213165503
{HexNAc(b1-4/6)}Neu5Ac(a2-3/6)Gal(b1-4)GlcNAc(b1-2)Man(a1-3/6)[GlcNAc(b1-2)Man(a1-3/6)]Man(b1-4)GlcNAc(b1-4)[Fuc(a1-6)]GlcNAc,0,0,0,0,0.033963316,0.066578226,0.027624757,0.075668281,0.020575075,0.047906051
{Fuc(a1-2/3/6)}{Fuc(a1-2/3/6)}Gal(b1-4)GlcNAc(b1-2)Man(a1-3)[Gal(b1-4)GlcNAc(b1-2)Man(a1-6)][GlcNAc(b1-4)]Man(b1-4)GlcNAc(b1-4)GlcNAc,0.029696402,0.050344009,0,0,0.0415234,0.054149219,0.042146329,0.024176383,0.050050159,0.037654052
Man(a1-2/3/6)Man(a1-3/6)[Man(a1-3/6)]Man(b1-4)GlcNAc(b1-4)GlcNAc,0.396474981,0.312888526,0.280875412,0.497267999,0.275201287,0.314354766,0.500397598,0.189284622,0.292689367,0.237300056
{Fuc(a1-2/3)}{Fuc(a1-2/3)}GalOS(b1-4)GlcNAc(b1-2)Man(a1-3/6)[Gal(b1-4)GlcNAc(b1-2)Man(a1-3/6)]Man(b1-4)GlcNAc(b1-4)[Fuc(a1-6)]GlcNAc,0.047402181,0.074392719,0.052767524,0.041308607,0.095000289,0.070931057,0.166378937,0.073718981,0.135403025,0.135022107
{Neu5Ac(a2-3/6/8)}Neu5Ac(a2-3/6)Gal(b1-4)GlcNAc(b1-2)Man(a1-3)[Man(a1-3/6)Man(a1-6)]Man(b1-4)GlcNAc(b1-4)[Fuc(a1-6)]GlcNAc,0.381682811,0.473774907,0.823272629,0.227301651,0.394351049,0.469904861,0.321906095,0.47071797,0.42979707,0.478334398
{Fuc(a1-2/3)}{HexNAc(b1-4/6)}Gal(b1-4)GlcNAc(b1-2)Man(a1-3/6)[GlcNAc(b1-2)Man(a1-3/6)][GlcNAc(b1-4)]Man(b1-4)GlcNAc(b1-4)[Fuc(a1-6)]GlcNAc,0.391768382,0.406887837,0.271446732,0.310753381,0.283617229,0.334002776,0.209223202,0.231308492,0.358339318,0.256870481
{Neu5Ac(a2-3/6/8)}Neu5Ac(a2-3/6)Gal(b1-4)GlcNAc(b1-2)Man(a1-3/6)[GlcNAc(b1-2)Man(a1-3/6)][GlcNAc(b1-4)]Man(b1-4)GlcNAc(b1-4)[Fuc(a1-6)]GlcNAc,0.610177013,0.671883177,0.827325307,0.26329021,0.775949807,0.662393749,0.514333804,0.623953201,0.547697405,0.730364138
Neu5Ac(a2-6)Gal(b1-4)GlcNAc(b1-2)Man(a1-3)[Neu5Ac(a2-6)Gal(b1-4)GlcNAc(b1-2)Man(a1-6)]Man(b1-4)GlcNAc(b1-4)GlcNAc,0,0,0,0,0.091462741,0.115316541,0.1250206,0.192600964,0.112033069,0.061926912
Neu5Ac(a2-3)Gal(b1-4)GlcNAc(b1-2)Man(a1-3/6)[Neu5Ac(a2-6)Gal(b1-4)GlcNAc(b1-2)Man(a1-3/6)]Man(b1-4)GlcNAc(b1-4)GlcNAc,0,0,0,0,0.12712351,0.08475297,0.080577837,0.142450792,0.055302948,0.067320881
Neu5Ac(a2-3)Gal(b1-4)GlcNAc(b1-2)Man(a1-3)[Neu5Ac(a2-3)Gal(b1-4)GlcNAc(b1-2)Man(a1-6)]Man(b1-4)GlcNAc(b1-4)GlcNAc,0,0,0,0,0.056015936,0.042001472,0.070131311,0.027467409,0.071576683,0.059506542
{Fuc(a1-2/3)}Neu5Ac(a2-3/6)Gal(b1-4)GlcNAc(b1-2)Man(a1-3/6)[Gal(b1-4)GlcNAc(b1-2)Man(a1-3/6)]Man(b1-4)GlcNAc(b1-4)[Fuc(a1-6)]GlcNAc,0.085727349,0.088740251,0.177077225,0.116310849,0.190200278,0.156206367,0.191437091,0.134501698,0.189417553,0.271167957
{Fuc(a1-2/3)}Neu5Ac(a2-3/6)Gal(b1-4)GlcNAc(b1-2)Man(a1-3)[Gal(b1-4)GlcNAc(b1-2)Man(a1-6)]Man(b1-4)GlcNAc(b1-4)[Fuc(a1-6)]GlcNAc,0.157783147,0.175489207,0.214295698,0.198928063,0.293388279,0.391044954,0.203909883,0.339228827,0.252451021,0.198937181
{Fuc(a1-2/3)}Neu5Ac(a2-3/6)Gal(b1-4)GlcNAc(b1-2)Man(a1-3)[Gal(b1-4)GlcNAc(b1-2)Man(a1-6)]Man(b1-4)GlcNAc(b1-4)[Fuc(a1-6)]GlcNAc,0.142318605,0.162571323,0.221243147,0.19976258,0.108323152,0.270130002,0.208120013,0.275053821,0.220617137,0.22142934
{Fuc(a1-2/3)}Neu5Ac(a2-3/6)Gal(b1-4)GlcNAc(b1-2)Man(a1-3/6)[Gal(b1-4)GlcNAc(b1-2)Man(a1-3/6)]Man(b1-4)GlcNAc(b1-4)[Fuc(a1-6)]GlcNAc,0.260768027,0.135408024,0.234228258,0.349036863,0.115041641,0.065573727,0.128420224,0.11637574,0.072984034,0.175079241
Neu5Ac(a2-3/6)Gal(b1-4)GlcNAc(b1-2)Man(a1-3/6)[Neu5Gc(a2-3/6)Gal(b1-4)GlcNAc(b1-2)Man(a1-3/6)]Man(b1-4)GlcNAc(b1-4)GlcNAc,0.13133654,0.044114831,0.092219106,0.247747325,0.056201372,0.06578802,0.070986845,0.037239224,0.047612072,0.026537636
Neu5Gc(a2-6)Gal(b1-4)GlcNAc(b1-2)Man(a1-3)[Neu5Gc(a2-6)Gal(b1-4)GlcNAc(b1-2)Man(a1-6)]Man(b1-4)GlcNAc(b1-4)GlcNAc,2.009045636,1.480093438,2.345260062,1.456441326,1.18710421,1.393227397,1.91394314,2.00332343,1.880657031,2.237096745
Neu5Gc(a2-3)Gal(b1-4)GlcNAc(b1-2)Man(a1-3/6)[Neu5Gc(a2-6)Gal(b1-4)GlcNAc(b1-2)Man(a1-3/6)]Man(b1-4)GlcNAc(b1-4)GlcNAc,0.678983016,1.013007238,1.078508648,0.332033573,1.026987357,0.875535147,0.680555143,0.906981431,0.443018241,0.830411888
Neu5Gc(a2-3)Gal(b1-4)GlcNAc(b1-2)Man(a1-3)[Neu5Gc(a2-3)Gal(b1-4)GlcNAc(b1-2)Man(a1-6)]Man(b1-4)GlcNAc(b1-4)GlcNAc,0.174816555,0.208575331,0.058060818,0.132583937,0.073475449,0.033911903,0.021838643,0.100452238,0.044083784,0.086338079
{Fuc(a1-2/3)}{Fuc(a1-2/3)}Gal(b1-4)GlcNAc(b1-2)Man(a1-3)[Gal(b1-4)GlcNAc(b1-2)Man(a1-6)][GlcNAc(b1-4)]Man(b1-4)GlcNAc(b1-4)[Fuc(a1-6)]GlcNAc,0.135594892,0.454372551,0.164753775,0.389406637,0.3904141,0.342534325,0.252135009,0.340165503,0.164957396,0.521520726
{Fuc(a1-2/3/6)}{Fuc(a1-2/3/6)}{Fuc(a1-2/3/6)}{GlcNAc(b1-4/6)}Gal(b1-4)GlcNAc(b1-2)Man(a1-3)[Gal(b1-4)GlcNAc(b1-2)Man(a1-6)]Man(b1-4)GlcNAc(b1-4)GlcNAc,0.089985701,0.051212009,0.0739407,0,0.078696185,0.038398667,0.05245777,0,0.12117094,0.104162381
{Fuc(a1-2/3)}Neu5Ac(a2-3/6)Gal(b1-4)GlcNAc(b1-2)Man(a1-3/6)[GalOS(b1-4)GlcNAc(b1-2)Man(a1-3/6)]Man(b1-4)GlcNAc(b1-4)[Fuc(a1-6)]GlcNAc,0.194203262,0.188253916,0.309740405,0.156680624,0.276442282,0.248807827,0.230949274,0.13351439,0.23052806,0.278757548
{GlcNAc(b1-4/6)}Neu5Ac(a2-3/6)Gal(b1-4)GlcNAc(b1-2)Man(a1-3)[GlcNAc(b1-2)Man(a1-6)][GlcNAc(b1-4)]Man(b1-4)GlcNAc(b1-4)[Fuc(a1-6)]GlcNAc,0.415749627,0.184067091,0.514607424,0.195277049,0.401768489,0.461587605,0.678078596,0.616206632,0.594199454,0.508727338
Neu5Ac(a2-3/6)Gal(b1-4)GlcNAc(b1-2)[GlcNAc(b1-6)]Man(a1-6)[GlcNAc(b1-2)[GlcNAc(b1-4)]Man(a1-3)]Man(b1-4)GlcNAc(b1-4)[Fuc(a1-6)]GlcNAc,0.341564653,0.432468312,0.850814299,0.760245265,0.686541126,0.645531551,0.457733446,0.876577414,0.595904133,0.592748777
Neu5Ac(a2-8)Neu5Ac(a2-3/6)Gal(b1-4)GlcNAc(b1-2)Man(a1-3)[Man(a1-3)[Man(a1-6)]Man(a1-6)]Man(b1-4)GlcNAc(b1-4)[Fuc(a1-6)]GlcNAc,0.350417543,0.210107096,0.230671827,0.154385701,0.257256788,0.357856291,0.238604056,0.296192334,0.228010686,0.364525111
{Fuc(a1-3/6)}Neu5Ac(a2-3/6)Gal(b1-4)GlcNAc(b1-2)Man(a1-3)[Neu5Ac(a2-3/6)Gal(b1-4)GlcNAc(b1-2)Man(a1-6)]Man(b1-4)GlcNAc(b1-4)GlcNAc,0.184678001,0.124379316,0,0,0.122230852,0.206243835,0.104285147,0.245687743,0.19003203,0.270130655
{Fuc(a1-3/6)}Neu5Ac(a2-3/6)Gal(b1-4)GlcNAc(b1-2)Man(a1-3)[Neu5Ac(a2-3/6)Gal(b1-4)GlcNAc(b1-2)Man(a1-6)]Man(b1-4)GlcNAc(b1-4)GlcNAc,0,0,0,0,0.116781887,0.055033179,0.076908044,0.028733188,0.041625875,0.055875986
{Fuc(a1-3/6)}Neu5Ac(a2-3/6)Gal(b1-4)GlcNAc(b1-2)Man(a1-3)[Neu5Ac(a2-3/6)Gal(b1-4)GlcNAc(b1-2)Man(a1-6)]Man(b1-4)GlcNAc(b1-4)GlcNAc,0,0.263514635,0.194693969,0,0.403637113,0.206458128,0.318416415,0.349101904,0.169754282,0.384510458
{Fuc(a1-3/6)}Neu5Ac(a2-3/6)Gal(b1-4)GlcNAc(b1-2)Man(a1-3)[Neu5Ac(a2-3/6)Gal(b1-4)GlcNAc(b1-2)Man(a1-6)]Man(b1-4)GlcNAc(b1-4)GlcNAc,0,0,0,0,0.154182901,0.046729316,0.073913674,0.159159077,0.062974002,0.028767834
{Fuc(a1-3/6)}Neu5Ac(a2-3/6)Gal(b1-4)GlcNAc(b1-2)Man(a1-3)[Neu5Ac(a2-3/6)Gal(b1-4)GlcNAc(b1-2)Man(a1-6)]Man(b1-4)GlcNAc(b1-4)GlcNAc,0,0.358024534,0.436944876,0,0.432779094,0.194524674,0.291264453,0.428845994,0.288269095,0.409976215
Neu5Ac(a2-3/6)Gal(b1-4)GlcNAc(b1-2)Man(a1-3)[Neu5Ac(a2-3/6)Gal(b1-4)GlcNAc(b1-2)Man(a1-6)]Man(b1-4)GlcNAc(b1-4)[Fuc(a1-6)]GlcNAc,0,0,0,0,0.136038702,0.092266626,0.173020586,0.063364907,0.045491135,0.132186815
{Fuc(a1-3/6)}Neu5Ac(a2-3/6)Gal(b1-4)GlcNAc(b1-2)Man(a1-3)[Neu5Ac(a2-3/6)Gal(b1-4)GlcNAc(b1-2)Man(a1-6)]Man(b1-4)GlcNAc(b1-4)GlcNAc,0,0.460805964,0.635277985,0,0.546636797,0.379138287,0.455887293,0.390695409,0.39467276,0.617453846
{Fuc(a1-3/6)}Neu5Ac(a2-3/6)Gal(b1-4)GlcNAc(b1-2)Man(a1-3)[Neu5Ac(a2-3/6)Gal(b1-4)GlcNAc(b1-2)Man(a1-6)]Man(b1-4)GlcNAc(b1-4)GlcNAc,0,0.253813457,0,0,0.215990146,0.173202498,0.255669717,0.143919095,0.221588408,0.217280133
Neu5Ac(a2-3/6)Gal(b1-4)GlcNAc(b1-2)Man(a1-3/6)[Neu5Gc(a2-3/6)Gal(b1-4)GlcNAc(b1-2)Man(a1-3/6)]Man(b1-4)GlcNAc(b1-4)[Fuc(a1-6)]GlcNAc,0,0,0,0,0.091505533,0.120258679,0.098566575,0.07452908,0.150170299,0.11863274
Neu5Ac(a2-3/6)Gal(b1-4)GlcNAc(b1-2)Man(a1-3/6)[Neu5Gc(a2-3/6)Gal(b1-4)GlcNAc(b1-2)Man(a1-3/6)]Man(b1-4)GlcNAc(b1-4)[Fuc(a1-6)]GlcNAc,0,0,0,0,0.324627113,0.193814828,0.125696022,0.132324558,0.117801226,0.079820367
{Fuc(a1-3/6)}Neu5Gc(a2-3/6)Gal(b1-4)GlcNAc(b1-2)Man(a1-3)[Neu5Gc(a2-3/6)Gal(b1-4)GlcNAc(b1-2)Man(a1-6)]Man(b1-4)GlcNAc(b1-4)GlcNAc,0.26031978,0.277862167,0.218265669,0.196737455,0.228542737,0.369776352,0.217620948,0.315179022,0.371282983,0.269490986
{Fuc(a1-3/6)}Neu5Gc(a2-3/6)Gal(b1-4)GlcNAc(b1-2)Man(a1-3)[Neu5Gc(a2-3/6)Gal(b1-4)GlcNAc(b1-2)Man(a1-6)]Man(b1-4)GlcNAc(b1-4)GlcNAc,0.237010906,0.165634853,0.206107634,0.157410827,0.330518272,0.096887324,0.157080628,0.132906816,0.074609425,0.191330301
{Fuc(a1-3/6)}{GlcNAc(b1-4/6)}{Neu5Ac(a2-3/6/8)}Neu5Ac(a2-3/6)Gal(b1-4)GlcNAc(b1-2)Man(a1-3/6)[GlcNAc(b1-2)Man(a1-3/6)]Man(b1-4)GlcNAc(b1-4)GlcNAc,0.131560664,0.078120014,0.113061451,0.147813878,0.094187223,0.130437607,0.179707263,0.180449483,0.171677001,0.188806201
{Fuc(a1-3/6)}{GlcNAc(b1-4/6)}{Neu5Ac(a2-3/6/8)}Neu5Ac(a2-3/6)Gal(b1-4)GlcNAc(b1-2)Man(a1-3/6)[GlcNAc(b1-2)Man(a1-3/6)]Man(b1-4)GlcNAc(b1-4)GlcNAc,0.154645414,0.092978134,0.157806327,0.107444103,0.144269207,0.202145477,0.192742906,0.24032084,0.288209629,0.234896973
{Fuc(a1-2/3/6)}{Fuc(a1-2/3/6)}{GlcNAc(b1-4/6)}Neu5Ac(a2-3/6)Gal(b1-4)GlcNAc(b1-2)Man(a1-3/6)[Gal(b1-4)GlcNAc(b1-2)Man(a1-3/6)]Man(b1-4)GlcNAc(b1-4)GlcNAc,0,0,0,0,0.056386808,0.042577385,0.035594736,0.044808584,0.052428781,0.056273618
{Fuc(a1-2/3/6)}{Fuc(a1-2/3/6)}{GlcNAc(b1-4/6)}Neu5Ac(a2-3/6)Gal(b1-4)GlcNAc(b1-2)Man(a1-3/6)[Gal(b1-4)GlcNAc(b1-2)Man(a1-3/6)]Man(b1-4)GlcNAc(b1-4)GlcNAc,0,0,0,0,0.042393522,0.042577385,0.102911789,0.135539637,0.103470032,0.058763142
{Fuc(a1-2/3/6)}{Fuc(a1-2/3/6)}{GlcNAc(b1-4/6)}Neu5Ac(a2-3/6)Gal(b1-4)GlcNAc(b1-2)Man(a1-3/6)[Gal(b1-4)GlcNAc(b1-2)Man(a1-3/6)]Man(b1-4)GlcNAc(b1-4)GlcNAc,0,0,0,0,0.062891332,0.03321545,0.033748583,0.022935919,0.038593133,0.046522982
{Fuc(a1-2/3)}{GlcNAc(b1-4/6)}Neu5Ac(a2-3/6)Gal(b1-4)GlcNAc(b1-2)Man(a1-3/6)[Gal(b1-4)GlcNAc(b1-2)Man(a1-3/6)]Man(b1-4)GlcNAc(b1-4)[Fuc(a1-6)]GlcNAc,0,0,0,0,0.070979195,0.033925296,0.06751968,0.051491898,0.076333926,0.03651302
{Fuc(a1-2/3)}Neu5Ac(a2-3/6)Gal(b1-4)GlcNAc(b1-2)[GlcNAc(b1-6)]Man(a1-6)[Gal(b1-4)GlcNAc(b1-2)Man(a1-3)]Man(b1-4)GlcNAc(b1-4)[Fuc(a1-6)]GlcNAc,0,0,0,0,0.088923694,0.095400665,0.146634102,0.075086022,0.055124552,0.071193474
{Fuc(a1-2/3/6)}{Fuc(a1-2/3/6)}{GlcNAc(b1-4/6)}Neu5Ac(a2-3/6)Gal(b1-4)GlcNAc(b1-2)Man(a1-3/6)[Gal(b1-4)GlcNAc(b1-2)Man(a1-3/6)]Man(b1-4)GlcNAc(b1-4)GlcNAc,0,0,0,0,0.031566913,0.041023759,0.027692299,0.015315928,0.035580212,0.046747731
{Fuc(a1-2/3)}{GlcNAc(b1-4/6)}Neu5Ac(a2-3/6)Gal(b1-4)GlcNAc(b1-2)Man(a1-3/6)[Gal(b1-4)GlcNAc(b1-2)Man(a1-3/6)]Man(b1-4)GlcNAc(b1-4)[Fuc(a1-6)]GlcNAc,0,0,0,0,0.068682641,0.094851538,0.051151955,0.064250952,0.052983792,0.099563676
{Fuc(a1-2/3/6)}{Fuc(a1-2/3/6)}{GlcNAc(b1-4/6)}Neu5Ac(a2-3/6)Gal(b1-4)GlcNAc(b1-2)Man(a1-3/6)[Gal(b1-4)GlcNAc(b1-2)Man(a1-3/6)]Man(b1-4)GlcNAc(b1-4)GlcNAc,0,0,0,0,0.077483719,0.040421059,0.046491543,0.034353248,0.071477574,0.03430011
Man(a1-3/6)Man(a1-6)[Man(a1-3)]Man(b1-4)GlcNAc(b1-4)[Fuc(a1-6)]GlcNAc,0.245639672,0.179114385,0.284679967,0.10379309,0.322544524,0.282103636,0.3795421,0.38530319,0.249775072,0.294368938
Neu5Ac(a2-3/6)GalOS(b1-4)GlcNAc(b1-2)Man(a1-3/6)[Neu5Ac(a2-3/6)Gal(b1-4)GlcNAc(b1-2)Man(a1-3/6)]Man(b1-4)GlcNAc(b1-4)[Fuc(a1-6)]GlcNAc,0,0,0,0,0.094415452,0.049622275,0.072540316,0,0,0
Neu5Ac(a2-3/6)GalOS(b1-4)GlcNAc(b1-2)Man(a1-3/6)[Neu5Ac(a2-3/6)Gal(b1-4)GlcNAc(b1-2)Man(a1-3/6)]Man(b1-4)GlcNAc(b1-4)[Fuc(a1-6)]GlcNAc,0,0,0,0,0.120290906,0.059479763,0.083257011,0,0.103529498,0.113117752
Neu5Ac(a2-3/6)GalOS(b1-4)GlcNAc(b1-2)Man(a1-3/6)[Neu5Ac(a2-3/6)Gal(b1-4)GlcNAc(b1-2)Man(a1-3/6)]Man(b1-4)GlcNAc(b1-4)[Fuc(a1-6)]GlcNAc,0.561542151,0.379724538,0,0,0.340674459,0.224365006,0.303849815,0.199790589,0.301648841,0.168803566
Neu5Ac(a2-3/6)GalOS(b1-4)GlcNAc(b1-2)Man(a1-3/6)[Neu5Ac(a2-3/6)Gal(b1-4)GlcNAc(b1-2)Man(a1-3/6)]Man(b1-4)GlcNAc(b1-4)[Fuc(a1-6)]GlcNAc,0,0,0,0,0.089779552,0.084619037,0.076727932,0.040682144,0.053518982,0
Man(a1-3)[Man(a1-6)]Man(a1-6)[Man(a1-3)]Man(b1-4)GlcNAc(b1-4)GlcNAc,14.02477016,15.04642524,19.97308691,19.01854506,9.026938858,12.27570698,11.79444299,13.35746415,18.55338588,11.38200053
{Fuc(a1-2/3)}{Fuc(a1-2/3)}Gal(b1-4)GlcNAc(b1-2)[GlcNAc(b1-4/6)]Man(a1-3/6)[Gal(b1-4)GlcNAc(b1-2)Man(a1-3/6)][GlcNAc(b1-4)]Man(b1-4)GlcNAc(b1-4)[Fuc(a1-6)]GlcNAc,0.062418475,0.089965663,0.110993758,0.056121289,0.093531065,0.085020837,0.100615354,0.052985517,0.093182494,0.093460885
Neu5Ac(a2-3/6)Gal(b1-4)[Fuc(a1-3)]GlcNAc(b1-2)Man(a1-3/6)[Neu5Ac(a2-3/6)Gal(b1-4)GlcNAc(b1-2)Man(a1-3/6)]Man(b1-4)GlcNAc(b1-4)[Fuc(a1-6)]GlcNAc,0.779390473,0.648651409,0.854370731,0.895019809,0.76135742,0.731985474,0.601170551,0.72600032,0.435446296,0.728030209
GlcNAc(b1-2)Man(a1-3)[Man(a1-6)]Man(b1-4)GlcNAc(b1-4)[Fuc(a1-6)]GlcNAc,0.256845861,0.143832731,0.344229524,0.301052118,0.216689097,0.281045563,0.39627005,0.192347808,0.281826995,0.333976576
{Fuc(a1-3/6)}{Fuc(a1-3/6)}Neu5Ac(a2-3/6)Gal(b1-4)GlcNAc(b1-2)Man(a1-3/6)[Neu5Gc(a2-3/6)Gal(b1-4)GlcNAc(b1-2)Man(a1-3/6)]Man(b1-4)GlcNAc(b1-4)GlcNAc,0,0,0,0,0.06911057,0.042497025,0.062994353,0.091237365,0.070605413,0.107879378
{Neu5Gc(a2-3/6/8)}Neu5Gc(a2-3/6)Gal(b1-4)GlcNAc(b1-2)Man(a1-3)[Neu5Gc(a2-3/6)Gal(b1-4)GlcNAc(b1-2)Man(a1-6)]Man(b1-4)GlcNAc(b1-4)GlcNAc,0.167644593,0.302012994,0.19684437,0,0.166036541,0.173831985,0.1046904,0.05916252,0.127692327,0.059904174
{Neu5Gc(a2-3/6/8)}Neu5Gc(a2-3/6)Gal(b1-4)GlcNAc(b1-2)Man(a1-3)[Neu5Gc(a2-3/6)Gal(b1-4)GlcNAc(b1-2)Man(a1-6)]Man(b1-4)GlcNAc(b1-4)GlcNAc,0.265250503,0.495474911,0.335462506,0.548277869,0.333199962,0.161536911,0.179549665,0.311331053,0.282282898,0.473372638
{Neu5Gc(a2-3/6/8)}Neu5Gc(a2-3/6)Gal(b1-4)GlcNAc(b1-2)Man(a1-3)[Neu5Gc(a2-3/6)Gal(b1-4)GlcNAc(b1-2)Man(a1-6)]Man(b1-4)GlcNAc(b1-4)GlcNAc,0.093907867,0.073371542,0.10694108,0.141242054,0.099621925,0.072578436,0.061530938,0.096503006,0.056868874,0.074754877
{Fuc(a1-3/6)}{GlcNAc(b1-4/6)}Neu5Ac(a2-3/6)Gal(b1-4)GlcNAc(b1-2)Man(a1-3)[Neu5Ac(a2-3/6)Gal(b1-4)GlcNAc(b1-2)Man(a1-6)]Man(b1-4)GlcNAc(b1-4)GlcNAc,0,0,0,0,0.025889718,0.028286706,0,0.036555703,0.00977217,0.039400177
{Fuc(a1-3/6)}{GlcNAc(b1-4/6)}Neu5Ac(a2-3/6)Gal(b1-4)GlcNAc(b1-2)Man(a1-3)[Neu5Ac(a2-3/6)Gal(b1-4)GlcNAc(b1-2)Man(a1-6)]Man(b1-4)GlcNAc(b1-4)GlcNAc,0.303687733,0.067142365,0,0,0.045003891,0.115423688,0.068983094,0.075567018,0.117028174,0.05962756
{GlcNAc(b1-4/6)}Neu5Ac(a2-3/6)Gal(b1-4)GlcNAc(b1-2)Man(a1-3)[Neu5Ac(a2-3/6)Gal(b1-4)GlcNAc(b1-2)Man(a1-6)]Man(b1-4)GlcNAc(b1-4)[Fuc(a1-6)]GlcNAc,0,0,0,0,0.09013616,0.116736234,0.068172587,0.097540945,0.054153281,0.144755454
{Fuc(a1-3/6)}{GlcNAc(b1-4/6)}Neu5Ac(a2-3/6)Gal(b1-4)GlcNAc(b1-2)Man(a1-3)[Neu5Ac(a2-3/6)Gal(b1-4)GlcNAc(b1-2)Man(a1-6)]Man(b1-4)GlcNAc(b1-4)GlcNAc,0,0,0,0,0.049468619,0.030001051,0.02526078,0.019872733,0.006382634,0.050585747
{Fuc(a1-3/6)}{GlcNAc(b1-4/6)}Neu5Ac(a2-3/6)Gal(b1-4)GlcNAc(b1-2)Man(a1-3)[Neu5Ac(a2-3/6)Gal(b1-4)GlcNAc(b1-2)Man(a1-6)]Man(b1-4)GlcNAc(b1-4)GlcNAc,0.179074907,0.154146615,0.184934458,0,0.07632831,0.125120456,0.056577844,0.07498476,0.083093175,0.104456283
{HexNAc(b1-4/6)}Neu5Ac(a2-8)Neu5Ac(a2-3/6)Gal(b1-4)GlcNAc(b1-2)Man(a1-3)[GlcNAc(b1-2)Man(a1-6)][GlcNAc(b1-4)]Man(b1-4)GlcNAc(b1-4)[Fuc(a1-6)]GlcNAc,0.407232923,0.128770376,0.4393434,0.098368727,0.186791108,0.240035198,0.264315118,0.253408997,0.230805566,0.319177738
{Fuc(a1-2/3)}{GlcNAc(b1-4/6)}{GlcNAc(b1-4/6)}Neu5Ac(a2-3/6)Gal(b1-4)GlcNAc(b1-2)Man(a1-3/6)[Gal(b1-4)GlcNAc(b1-2)Man(a1-3/6)]Man(b1-4)GlcNAc(b1-4)[Fuc(a1-6)]GlcNAc,0.329798154,0.185496739,0.498562126,0.448553051,0.423307593,0.489365364,0.599121771,0.447579526,0.634834237,0.562459567
{Fuc(a1-2/3)}{GlcNAc(b1-4/6)}{GlcNAc(b1-4/6)}Neu5Ac(a2-3/6)Gal(b1-4)GlcNAc(b1-2)Man(a1-3/6)[Gal(b1-4)GlcNAc(b1-2)Man(a1-3/6)]Man(b1-4)GlcNAc(b1-4)[Fuc(a1-6)]GlcNAc,0.103769314,0.13515273,0.144821215,0.153968443,0.145995189,0.144554173,0.152082506,0.23297932,0.148624195,0.174111093
GlcNAc(b1-2)Man(a1-6)[Man(a1-3)][GlcNAc(b1-4)]Man(b1-4)GlcNAc(b1-4)GlcNAc,0.413284265,0.382532773,0.22835601,0.441251025,0.251151665,0.173912345,0.438326322,0.185816387,0.16876319,0.68928699
Neu5Ac(a2-8)Neu5Ac(a2-3/6)Gal(b1-4)GlcNAc(b1-2)Man(a1-3)[Neu5Ac(a2-3/6)Gal(b1-4)GlcNAc(b1-2)Man(a1-6)]Man(b1-4)GlcNAc(b1-4)[Fuc(a1-6)]GlcNAc,0.071383426,0.051671539,0.142918937,0.215931353,0.420697225,0.238307459,0.428667789,0.411201032,0.286485129,0.256109794
Neu5Ac(a2-8)Neu5Ac(a2-3/6)Gal(b1-4)GlcNAc(b1-2)Man(a1-3/6)[Neu5Ac(a2-3/6)Gal(b1-4)GlcNAc(b1-2)Man(a1-3/6)]Man(b1-4)GlcNAc(b1-4)[Fuc(a1-6)]GlcNAc,0.637183929,0.478421261,0.295762801,0.289055931,0.494429431,0.224552512,0.396855416,0.183158251,0.397883899,0.287401729
{Fuc(a1-3/6)}{Fuc(a1-3/6)}Neu5Ac(a2-3/6)Gal(b1-4)GlcNAc(b1-2)Man(a1-3)[Neu5Ac(a2-3/6)Gal(b1-4)GlcNAc(b1-2)Man(a1-6)][GlcNAc(b1-4)]Man(b1-4)GlcNAc(b1-4)GlcNAc,0,0,0,0,0.035803412,0.015482685,0.012450278,0.021872665,0.016531419,0.016769711
{Fuc(a1-3/6)}{Fuc(a1-3/6)}{GlcNAc(b1-4/6)}Neu5Ac(a2-3/6)Gal(b1-4)GlcNAc(b1-2)Man(a1-3)[Neu5Ac(a2-3/6)Gal(b1-4)GlcNAc(b1-2)Man(a1-6)]Man(b1-4)GlcNAc(b1-4)GlcNAc,0,0,0,0,0.040781656,0.068533652,0.091744813,0.05245389,0.079208093,0.139586234
{Fuc(a1-3/6)}{Fuc(a1-3/6)}{GlcNAc(b1-4/6)}Neu5Ac(a2-3/6)Gal(b1-4)GlcNAc(b1-2)Man(a1-3)[Neu5Ac(a2-3/6)Gal(b1-4)GlcNAc(b1-2)Man(a1-6)]Man(b1-4)GlcNAc(b1-4)GlcNAc,0,0,0,0,0.017259812,0.058488657,0.035099427,0.040226463,0.107771372,0.022958945
{Fuc(a1-3/6)}{Fuc(a1-3/6)}{GlcNAc(b1-4/6)}Neu5Ac(a2-3/6)Gal(b1-4)GlcNAc(b1-2)Man(a1-3)[Neu5Ac(a2-3/6)Gal(b1-4)GlcNAc(b1-2)Man(a1-6)]Man(b1-4)GlcNAc(b1-4)GlcNAc,0,0,0,0,0.044975362,0.128508968,0.02598123,0.124805829,0.121864704,0.063828632
{Gal(b1-4)GlcNAc(b1-3/4/6)}{Fuc(a1-2/3)}{Fuc(a1-2/3)}{Neu5Ac(a2-3/6)}Gal(b1-4)GlcNAc(b1-2)Man(a1-3)[Gal(b1-4)GlcNAc(b1-2)Man(a1-6)]Man(b1-4)GlcNAc(b1-4)[Fuc(a1-6)]GlcNAc,0.286654325,0.08659578,0.261687221,0.125699169,0.2140502,0.26734419,0.410386368,0.305407206,0.353106351,0.335532528
{Gal(b1-4)GlcNAc(b1-3/4/6)}{Fuc(a1-2/3)}{Fuc(a1-2/3)}{Neu5Ac(a2-3/6)}Gal(b1-4)GlcNAc(b1-2)Man(a1-3)[Gal(b1-4)GlcNAc(b1-2)Man(a1-6)]Man(b1-4)GlcNAc(b1-4)[Fuc(a1-6)]GlcNAc,0,0.116975785,0.183363012,0,0.08013688,0.166371902,0.098048751,0.150298623,0.164362741,0.132809196
{Gal(b1-4)GlcNAc(b1-3/4/6)}{Fuc(a1-2/3)}{Fuc(a1-2/3)}{Neu5Ac(a2-3/6)}Gal(b1-4)GlcNAc(b1-2)Man(a1-3)[Gal(b1-4)GlcNAc(b1-2)Man(a1-6)]Man(b1-4)GlcNAc(b1-4)[Fuc(a1-6)]GlcNAc,0.090658072,0.053816009,0.023819823,0,0.066343295,0.04533641,0.037598488,0.088427335,0.08228048,0.042200891
{Gal(b1-4)GlcNAc(b1-3/4/6)}{Fuc(a1-2/3)}{Fuc(a1-2/3)}{Neu5Ac(a2-3/6)}Gal(b1-4)GlcNAc(b1-2)Man(a1-3)[Gal(b1-4)GlcNAc(b1-2)Man(a1-6)]Man(b1-4)GlcNAc(b1-4)[Fuc(a1-6)]GlcNAc,0.116096122,0.130302141,0.174926824,0,0.234234196,0.172278359,0.121373322,0.261028987,0.240280408,0.222656813
{GlcNAc(b1-4/6)}{GlcNAc(b1-4/6)}Neu5Ac(a2-3/6)Gal(b1-4)GlcNAc(b1-2)Man(a1-3)[Neu5Ac(a2-3/6)Gal(b1-4)GlcNAc(b1-2)Man(a1-6)]Man(b1-4)GlcNAc(b1-4)[Fuc(a1-6)]GlcNAc,0,0,0,0,0.028314651,0.104267047,0.02947091,0.039542942,0.053142367,0.096866692
{GlcNAc(b1-4/6)}{GlcNAc(b1-4/6)}Neu5Ac(a2-3/6)Gal(b1-4)GlcNAc(b1-2)Man(a1-3)[Neu5Ac(a2-3/6)Gal(b1-4)GlcNAc(b1-2)Man(a1-6)]Man(b1-4)GlcNAc(b1-4)[Fuc(a1-6)]GlcNAc,0,0,0,0,0.075957438,0.04630073,0.037103178,0.035821551,0.040198702,0.044413802
{GlcNAc(b1-4/6)}{GlcNAc(b1-4/6)}Neu5Ac(a2-3/6)Gal(b1-4)GlcNAc(b1-2)Man(a1-3)[Neu5Ac(a2-3/6)Gal(b1-4)GlcNAc(b1-2)Man(a1-6)]Man(b1-4)GlcNAc(b1-4)[Fuc(a1-6)]GlcNAc,0,0,0,0,0.072648119,0.152911609,0.054821747,0,0.02233922,0.120361576
{GlcNAc(b1-4/6)}{GlcNAc(b1-4/6)}Neu5Ac(a2-3/6)Gal(b1-4)GlcNAc(b1-2)Man(a1-3)[Neu5Ac(a2-3/6)Gal(b1-4)GlcNAc(b1-2)Man(a1-6)]Man(b1-4)GlcNAc(b1-4)[Fuc(a1-6)]GlcNAc,0,0,0,0,0.105256326,0.027670613,0.078281402,0,0.06380652,0.033366539
{GlcNAc(b1-4/6)}{GlcNAc(b1-4/6)}Neu5Ac(a2-3/6)Gal(b1-4)GlcNAc(b1-2)Man(a1-3)[Neu5Ac(a2-3/6)Gal(b1-4)GlcNAc(b1-2)Man(a1-6)]Man(b1-4)GlcNAc(b1-4)[Fuc(a1-6)]GlcNAc,0,0,0,0,0,0.07259183,0.071774838,0.068731811,0.125690321,0.090124231
{GlcNAc(b1-4/6)}{GlcNAc(b1-4/6)}Neu5Ac(a2-3/6)Gal(b1-4)GlcNAc(b1-2)Man(a1-3)[Neu5Ac(a2-3/6)Gal(b1-4)GlcNAc(b1-2)Man(a1-6)]Man(b1-4)GlcNAc(b1-4)[Fuc(a1-6)]GlcNAc,0,0,0,0,0.115184284,0.062881668,0.08663412,0.061187767,0.066759975,0.131201379
Man(a1-2)Man(a1-3)[Man(a1-3)[Man(a1-6)]Man(a1-6)]Man(b1-4)GlcNAc(b1-4)GlcNAc,10.48182132,10.21569804,4.815574194,10.31734607,5.921256743,6.232638063,9.670938936,7.151728447,5.285713068,5.94520834
{Fuc(a1-3)}{GlcNAc(b1-4/6)}{GlcNAc(b1-4/6)}{GlcNAc(b1-4/6)}Neu5Ac(a2-3/6)Gal(b1-4)GlcNAc(b1-2)Man(a1-3/6)[Gal(b1-4)GlcNAc(b1-2)Man(a1-3/6)]Man(b1-4)GlcNAc(b1-4)[Fuc(a1-6)]GlcNAc,0.09525261,0.076332955,0.173851624,0.146875046,0.172013286,0.103517021,0.20228887,0.15255171,0.238357689,0.229139949
Fuc(a1-3)[Gal(b1-4)]GlcNAc(b1-2)Man(a1-3/6)[Man(a1-3/6)]Man(b1-4)GlcNAc(b1-4)GlcNAc,0.416197874,0.338826413,0.188160059,0.324314288,0.3535266,0.426564056,0.142131289,0.186069543,0.164164522,0.282941331
{Fuc(a1-3/6)}{Fuc(a1-3/6)}Neu5Ac(a2-3/6)Gal(b1-4)GlcNAc(b1-2/4/6)[Gal(b1-4)GlcNAc(b1-2/4/6)]Man(a1-3/6)[Neu5Ac(a2-3/6)Gal(b1-4)GlcNAc(b1-2)Man(a1-3/6)]Man(b1-4)GlcNAc(b1-4)GlcNAc,0.221770488,0.194432034,0.345387432,0.341839151,0.475614809,0.23485198,0.374206267,0.305280628,0.434058767,0.592990814
{Fuc(a1-2/3)}Neu5Ac(a2-3/6)Gal(b1-4)GlcNAc(b1-2/4/6)[Gal(b1-4)GlcNAc(b1-2/4/6)]Man(a1-3/6)[Neu5Ac(a2-3/6)Gal(b1-4)GlcNAc(b1-2)Man(a1-3/6)]Man(b1-4)GlcNAc(b1-4)[Fuc(a1-6)]GlcNAc,0.507752442,0.158435557,0.142009152,0.194859791,0.226274712,0.182001914,0.274468961,0.171715607,0.21280733,0.293245195
{Fuc(a1-2/3/6)}{Fuc(a1-2/3/6)}Neu5Ac(a2-3/6)Gal(b1-4)GlcNAc(b1-2/4/6)[Gal(b1-4)GlcNAc(b1-2/4/6)]Man(a1-3/6)[Neu5Ac(a2-3/6)Gal(b1-4)GlcNAc(b1-2)Man(a1-3/6)]Man(b1-4)GlcNAc(b1-4)GlcNAc,0.495313572,0.595448105,0.683248461,0.368752334,0.564994961,0.337873448,0.31479165,0.479325269,0.34965735,0.399793369
{Fuc(a1-2/3/6)}{Fuc(a1-2/3/6)}{GlcNAc(b1-4/6)}Neu5Ac(a2-8)Neu5Ac(a2-3/6)Gal(b1-4)GlcNAc(b1-2)Man(a1-3/6)[Gal(b1-4)GlcNAc(b1-2)Man(a1-3/6)][GlcNAc(b1-4)]Man(b1-4)GlcNAc(b1-4)GlcNAc,0.213141722,0.25146475,0.27839418,0.185993044,0.232622329,0.239017305,0.284938001,0.379657814,0.296653736,0.336535253
GlcNAc(b1-2)Man(a1-3)[GlcNAc(b1-2)Man(a1-6)]Man(b1-4)GlcNAc(b1-4)[Fuc(a1-6)]GlcNAc,6.511020167,5.544887096,6.214409835,5.879278727,5.762494999,6.582311032,6.708831007,6.039285736,5.212530816,5.928369476
Neu5Gc(a2-3/6)Gal(b1-4)GlcNAc(b1-2)[Neu5Gc(a2-3/6)Gal(b1-4)GlcNAc(b1-4/6)]Man(a1-3/6)[Neu5Gc(a2-3/6)Gal(b1-4)GlcNAc(b1-2)Man(a1-3/6)]Man(b1-4)GlcNAc(b1-4)GlcNAc,0,0,0,0,0.053120282,0.046957003,0.027647271,0.038429057,0.115065811,0.053006118
Neu5Gc(a2-3/6)Gal(b1-4)GlcNAc(b1-2)[Neu5Gc(a2-3/6)Gal(b1-4)GlcNAc(b1-4/6)]Man(a1-3/6)[Neu5Gc(a2-3/6)Gal(b1-4)GlcNAc(b1-2)Man(a1-3/6)]Man(b1-4)GlcNAc(b1-4)GlcNAc,0.491615529,0.127187552,0.468539225,0.290933595,0.295499397,0.153634848,0.243106869,0.205106862,0.30636644,0.124528071
{Fuc(a1-2/3/6)}{Fuc(a1-2/3/6)}{Fuc(a1-2/3/6)}{GlcNAc(b1-4/6)}{Neu5Ac(a2-3/6)}Gal(b1-4)GlcNAc(b1-2)[Gal(b1-4)GlcNAc(b1-4/6)]Man(a1-3/6)[Gal(b1-4)GlcNAc(b1-2)Man(a1-3/6)]Man(b1-4)GlcNAc(b1-4)GlcNAc,0.381458687,0.064640482,0.227777056,0.043499215,0.07550098,0.121678371,0.166266367,0.128881639,0.138633985,0.218836085
{Fuc(a1-2/3)}{Fuc(a1-2/3)}{GlcNAc(b1-4/6)}{Neu5Ac(a2-3/6)}Gal(b1-4)GlcNAc(b1-2)[Gal(b1-4)GlcNAc(b1-4/6)]Man(a1-3/6)[Gal(b1-4)GlcNAc(b1-2)Man(a1-3/6)]Man(b1-4)GlcNAc(b1-4)[Fuc(a1-6)]GlcNAc,0.187927796,0.270509695,0.411305483,0.118292828,0.2047784,0.189502177,0.214851718,0.349405691,0.209695301,0.289718369
{Fuc(a1-3/6)}{Neu5Ac(a2-3/6/8)}{Neu5Ac(a2-3/6/8)}Neu5Ac(a2-8)Neu5Ac(a2-3/6)Gal(b1-4)GlcNAc(b1-2)Man(a1-3)[Neu5Ac(a2-8)Neu5Ac(a2-3/6)Gal(b1-4)GlcNAc(b1-2)Man(a1-6)]Man(b1-4)GlcNAc(b1-4)GlcNAc,0,0,0,0,0.345224773,0.240021804,0.32780478,0.085845146,0.077087156,0.096918557
Man6P(a1-3/6)[Man(a1-3/6)]Man(a1-6)[Man(a1-3)]Man(b1-4)GlcNAc(b1-4)GlcNAc,1.037356953,1.236440689,1.82552476,0.804474682,0.924926236,0.971953705,0.760862811,1.027002615,1.137020685,0.596846119
Man6P(a1-3/6)[Man(a1-3/6)]Man(a1-6)[Man(a1-3)]Man(b1-4)GlcNAc(b1-4)GlcNAc,0.229054511,0.67091306,0.30957499,0.253380317,0.16894646,0.26798707,0.244975536,0.377227518,0.298873782,0.261555628
{Neu5Ac(a2-3/6)Gal(b1-4)}{Neu5Ac(a2-3/6)Gal(b1-4)}{Fuc(a1-3/6)}{HexNAc(b1-4)}{HexNAc(b1-4)}GlcNAc(b1-2)Man(a1-3)[GlcNAc(b1-2)[GlcNAc(b1-6)]Man(a1-6)]Man(b1-4)GlcNAc(b1-4)GlcNAc,0,0.215927803,0.3664779,0,0.515868686,0.185885979,0.176622836,0.407783428,0.266425422,0.443532925
{Fuc(a1-3/6)}Neu5Ac(a2-3/6)Gal(b1-4)GlcNAc(b1-2)[Neu5Ac(a2-3/6)Gal(b1-4)GlcNAc(b1-4/6)]Man(a1-3/6)[Neu5Ac(a2-3/6)Gal(b1-4)GlcNAc(b1-2)Man(a1-3/6)]Man(b1-4)GlcNAc(b1-4)GlcNAc,0,0,0,0,0.257698982,0.190212023,0.068510298,0.075288547,0.080516335,0.074772165
Neu5Ac(a2-3/6)Gal(b1-4)GlcNAc(b1-2)[Neu5Ac(a2-3/6)Gal(b1-4)GlcNAc(b1-4/6)]Man(a1-3/6)[Neu5Ac(a2-3/6)Gal(b1-4)GlcNAc(b1-2)Man(a1-3/6)]Man(b1-4)GlcNAc(b1-4)[Fuc(a1-6)]GlcNAc,0,0,0,0,0.23507579,0.14421934,0.198956788,0.162677943,0.138059152,0.306764694
{Fuc(a1-3/6)}Neu5Ac(a2-3/6)Gal(b1-4)GlcNAc(b1-2)[Neu5Ac(a2-3/6)Gal(b1-4)GlcNAc(b1-4/6)]Man(a1-3/6)[Neu5Ac(a2-3/6)Gal(b1-4)GlcNAc(b1-2)Man(a1-3/6)]Man(b1-4)GlcNAc(b1-4)GlcNAc,0,0,0,0,0.389372806,0.237611006,0.333590894,0.383075418,0.279111403,0.274020536
{Fuc(a1-3/6)}{HexNAc(b1-4/6)}{HexNAc(b1-4/6)}{Neu5Ac(a2-3/6/8)}Neu5Ac(a2-3/6)Gal(b1-4)GlcNAc(b1-2)Man(a1-3)[Neu5Ac(a2-3/6)Gal(b1-4)GlcNAc(b1-2)Man(a1-6)]Man(b1-4)GlcNAc(b1-4)GlcNAc,0,0,0,0,0.119862977,0.023371355,0.054056269,0.0331381,0.046006503,0.131063072
{Gal(b1-4)GlcNAc(b1-4/6)}{Fuc(a1-2/3/6)}{Fuc(a1-2/3/6)}{HexNAc(b1-4/6)}Neu5Ac(a2-3/6)Gal(b1-4)GlcNAc(b1-2)Man(a1-3)[Neu5Ac(a2-3/6)Gal(b1-4)GlcNAc(b1-2)Man(a1-6)]Man(b1-4)GlcNAc(b1-4)GlcNAc,0,0,0,0,0.076599332,0.031273417,0.029808621,0.054150034,0.087037722,0.045987043
{Gal(b1-4)GlcNAc(b1-4/6)}{Fuc(a1-2/3/6)}{Fuc(a1-2/3/6)}{HexNAc(b1-4/6)}Neu5Ac(a2-3/6)Gal(b1-4)GlcNAc(b1-2)Man(a1-3)[Neu5Ac(a2-3/6)Gal(b1-4)GlcNAc(b1-2)Man(a1-6)]Man(b1-4)GlcNAc(b1-4)GlcNAc,0,0,0,0,0.118208317,0.085221737,0.091294532,0.12571719,0.077027691,0.108743797
{Gal(b1-4)GlcNAc(b1-4/6)}{Fuc(a1-2/3/6)}{Fuc(a1-2/3/6)}{HexNAc(b1-4/6)}Neu5Ac(a2-3/6)Gal(b1-4)GlcNAc(b1-2)Man(a1-3)[Neu5Ac(a2-3/6)Gal(b1-4)GlcNAc(b1-2)Man(a1-6)]Man(b1-4)GlcNAc(b1-4)GlcNAc,0,0,0,0,0.105413233,0.063899561,0.043947454,0.087921023,0.097701875,0.084246188
{Gal(b1-4)GlcNAc(b1-4/6)}{Fuc(a1-2/3/6)}{Fuc(a1-2/3/6)}{HexNAc(b1-4/6)}Neu5Ac(a2-3/6)Gal(b1-4)GlcNAc(b1-2)Man(a1-3)[Neu5Ac(a2-3/6)Gal(b1-4)GlcNAc(b1-2)Man(a1-6)]Man(b1-4)GlcNAc(b1-4)GlcNAc,0,0,0,0,0.079808801,0.060189609,0.09987239,0.048302134,0.091319241,0.216277408
{Gal(b1-4)GlcNAc(b1-4/6)}{Fuc(a1-2/3/6)}{Fuc(a1-2/3/6)}{HexNAc(b1-4/6)}Neu5Ac(a2-3/6)Gal(b1-4)GlcNAc(b1-2)Man(a1-3)[Neu5Ac(a2-3/6)Gal(b1-4)GlcNAc(b1-2)Man(a1-6)]Man(b1-4)GlcNAc(b1-4)GlcNAc,0,0,0,0,0.111675264,0.107106432,0.151632225,0.107186183,0.168148713,0.127432516
{Man(a1-2)}Man(a1-2)Man(a1-3)[Man(a1-3)[Man(a1-6)]Man(a1-6)]Man(b1-4)GlcNAc(b1-4)GlcNAc,6.281293284,6.57469269,4.135303211,5.215002952,6.04492829,6.178154011,4.500876698,6.086473985,5.357587079,7.078754367
{Fuc(a1-2/3)}Gal(b1-4)GlcNAc(b1-2)Man(a1-6)[Man(a1-3)]Man(b1-4)GlcNAc(b1-4)[Fuc(a1-6)]GlcNAc,0.609952889,0.291086404,0.398072249,0.385651309,0.321018243,0.370379051,0.377898573,0.396948358,0.602742669,0.560834461
{Gal(b1-4)GlcNAc(b1-3/4/6)}{Fuc(a1-2/3)}{Fuc(a1-2/3)}{GlcNAc(b1-4/6)}{HexNAc(b1-4/6)}Neu5Ac(a2-3/6)Gal(b1-4)GlcNAc(b1-2)Man(a1-3/6)[Gal(b1-4)GlcNAc(b1-2)Man(a1-3/6)]Man(b1-4)GlcNAc(b1-4)[Fuc(a1-6)]GlcNAc,0.11239808,0.088689192,0.234476382,0.070725342,0.17769048,0.158402873,0.204900501,0.142653316,0.185056747,0.190725209
Man(a1-3)[Man(a1-6)]Man(a1-6)[Man(a1-3)][GlcNAc(b1-4)]Man(b1-4)GlcNAc(b1-4)[Fuc(a1-6)]GlcNAc,0.028687845,0.039213183,0.068233868,0.092318477,0.074459686,0.093257732,0.039039388,0.065542047,0.06553102,0.05646379
GlcNAc(b1-2)Man(a1-3)[Man(a1-3)[Man(a1-6)]Man(a1-6)]Man(b1-4)GlcNAc(b1-4)[Fuc(a1-6)]GlcNAc,0.906020413,0.854367445,0.757685408,0.748353393,0.489294281,0.528353337,1.013155418,0.513956988,0.441491959,0.821560247
{Hex(?1-?)}GlcNAc(b1-2)Man(a1-3)[Man(a1-3/6)Man(a1-6)]Man(b1-4)GlcNAc(b1-4)[Fuc(a1-6)]GlcNAc,0.168541089,0.094305664,0.170129777,0.147918192,0.079794537,0.183180527,0.107144433,0.172930755,0.162876102,0.019847039
{Fuc(a1-3/6)}{Fuc(a1-3/6)}Neu5Ac(a2-3/6)Gal(b1-4)GlcNAc(b1-2)[Neu5Ac(a2-3/6)Gal(b1-4)GlcNAc(b1-4/6)]Man(a1-3/6)[Neu5Ac(a2-3/6)Gal(b1-4)GlcNAc(b1-2)Man(a1-3/6)]Man(b1-4)GlcNAc(b1-4)GlcNAc,0,0,0,0,0.014150193,0.029130485,0.039444641,0,0.030565285,0.042028008
{Fuc(a1-3/6)}{Fuc(a1-3/6)}Neu5Ac(a2-3/6)Gal(b1-4)GlcNAc(b1-2)[Neu5Ac(a2-3/6)Gal(b1-4)GlcNAc(b1-4/6)]Man(a1-3/6)[Neu5Ac(a2-3/6)Gal(b1-4)GlcNAc(b1-2)Man(a1-3/6)]Man(b1-4)GlcNAc(b1-4)GlcNAc,0,0,0,0,0.112901995,0.134643111,0.071347071,0.055112027,0.177128009,0.096711097
{Fuc(a1-3/6)}{Fuc(a1-3/6)}Neu5Ac(a2-3/6)Gal(b1-4)GlcNAc(b1-2)[Neu5Ac(a2-3/6)Gal(b1-4)GlcNAc(b1-4/6)]Man(a1-3/6)[Neu5Ac(a2-3/6)Gal(b1-4)GlcNAc(b1-2)Man(a1-3/6)]Man(b1-4)GlcNAc(b1-4)GlcNAc,0,0,0,0,0.063290733,0.021161456,0.082401476,0,0.049158176,0.028923429
{Fuc(a1-3/6)}{Fuc(a1-3/6)}{GlcNAc(b1-4/6)}Neu5Ac(a2-3/6)Gal(b1-4)GlcNAc(b1-2)[Neu5Ac(a2-3/6)Gal(b1-4)GlcNAc(b1-4/6)]Man(a1-3/6)[Neu5Ac(a2-3/6)Gal(b1-4)GlcNAc(b1-2)Man(a1-3/6)]Man(b1-4)GlcNAc(b1-4)GlcNAc,0,0,0,0,0.06304824,0.045483737,0.070604106,0.09774347,0.091339063,0.031257358
{Fuc(a1-3/6)}{Fuc(a1-3/6)}{GlcNAc(b1-4/6)}Neu5Ac(a2-3/6)Gal(b1-4)GlcNAc(b1-2)[Neu5Ac(a2-3/6)Gal(b1-4)GlcNAc(b1-4/6)]Man(a1-3/6)[Neu5Ac(a2-3/6)Gal(b1-4)GlcNAc(b1-2)Man(a1-3/6)]Man(b1-4)GlcNAc(b1-4)GlcNAc,0,0,0,0,0.293844737,0.225865058,0.549230604,0.242928345,0.272728768,0.319834696
{Fuc(a1-2/3/6)}{Fuc(a1-2/3/6)}{Fuc(a1-2/3/6)}{Fuc(a1-2/3/6)}Neu5Ac(a2-3/6)Gal(b1-4)GlcNAc(b1-2/4/6)[Gal(b1-4)GlcNAc(b1-2/4/6)]Man(a1-3/6)[Gal(b1-4)GlcNAc(b1-2)[Gal(b1-4)GlcNAc(b1-4/6)]Man(a1-3/6)]Man(b1-4)GlcNAc(b1-4)GlcNAc,0.369243941,0.335303353,0.608232561,0.285300604,0.613408021,0.335984989,0.350026161,0.674483106,0.426169672,0.752683413
{Fuc(a1-3/6)}{GlcNAc(b1-4/6)}{GlcNAc(b1-4/6)}{HexNAc(b1-4/6)}Neu5Ac(a2-8)Neu5Ac(a2-3/6)Gal(b1-4)GlcNAc(b1-2)Man(a1-3/6)[Neu5Ac(a2-3/6)Gal(b1-4)GlcNAc(b1-2)Man(a1-3/6)]Man(b1-4)GlcNAc(b1-4)GlcNAc,0.180419649,0.053050127,0,0,0.146537232,0.07223021,0.124525291,0.050808377,0.100476933,0.182616967
{Man(a1-2)}Man(a1-2)Man(a1-3)[Man(a1-3)[Man6P(a1-6)]Man(a1-6)]Man(b1-4)GlcNAc(b1-4)GlcNAc,1.302383332,1.079536896,1.466325139,1.102293045,0.637386322,0.812385613,0.533065506,1.092342137,1.117813317,0.65529807
{Gal(b1-4)GlcNAc(b1-4/6)}{Fuc(a1-3/6)}{Fuc(a1-3/6)}{GlcNAc(b1-4/6)}{HexNAc(b1-4/6)}Neu5Ac(a2-3/6)Gal(b1-4)GlcNAc(b1-2)Man(a1-3)[Neu5Ac(a2-3/6)Gal(b1-4)GlcNAc(b1-2)Man(a1-6)]Man(b1-4)GlcNAc(b1-4)GlcNAc,0,0,0,0,0.023935508,0.01356744,0,0,0.037463287,0.020676881
{Gal(b1-4)GlcNAc(b1-4/6)}{Fuc(a1-3/6)}{Fuc(a1-3/6)}{GlcNAc(b1-4/6)}{HexNAc(b1-4/6)}Neu5Ac(a2-3/6)Gal(b1-4)GlcNAc(b1-2)Man(a1-3)[Neu5Ac(a2-3/6)Gal(b1-4)GlcNAc(b1-2)Man(a1-6)]Man(b1-4)GlcNAc(b1-4)GlcNAc,0,0,0,0,0.103530345,0.088864721,0.051287039,0,0.065114762,0.093685633
{Gal(b1-4)GlcNAc(b1-4/6)}{Fuc(a1-3/6)}{Fuc(a1-3/6)}{GlcNAc(b1-4/6)}{HexNAc(b1-4/6)}Neu5Ac(a2-3/6)Gal(b1-4)GlcNAc(b1-2)Man(a1-3)[Neu5Ac(a2-3/6)Gal(b1-4)GlcNAc(b1-2)Man(a1-6)]Man(b1-4)GlcNAc(b1-4)GlcNAc,0.269060608,0.246512044,0.194445846,0,0.351871941,0.187332458,0.271226935,0.312647463,0.196236268,0.396975367
GlcNAc(b1-2)Man(a1-3)[GlcNAc(b1-2)Man(a1-6)][GlcNAc(b1-4)]Man(b1-4)GlcNAc(b1-4)[Fuc(a1-6)]GlcNAc,3.799010269,6.467060671,4.251590263,5.419251062,6.276209774,5.554493762,2.47217937,4.405291362,3.723771487,2.877284787
{GlcNAc(b1-4/6)}GlcNAc(b1-2)Man(a1-3)[GlcNAc(b1-2)Man(a1-6)]Man(b1-4)GlcNAc(b1-4)[Fuc(a1-6)]GlcNAc,0.163162118,0.136582377,0.143497891,0.152090779,0.08858135,0.178693762,0.23081419,0.155133899,0.17574048,0.172174796
{Gal(b1-4)GlcNAc(b1-4/6)}{Fuc(a1-3/6)}{Fuc(a1-3/6)}{GlcNAc(b1-4/6)}{Neu5Ac(a2-3/6/8)}Neu5Ac(a2-3/6)Gal(b1-4)GlcNAc(b1-2)Man(a1-3)[Neu5Ac(a2-3/6)Gal(b1-4)GlcNAc(b1-2)Man(a1-6)]Man(b1-4)GlcNAc(b1-4)GlcNAc,0,0,0,0,0.0372869,0.045162297,0.018821758,0.015391875,0.010644331,0.069326331
{Gal(b1-4)GlcNAc(b1-4/6)}{Fuc(a1-3/6)}{Fuc(a1-3/6)}{GlcNAc(b1-4/6)}{Neu5Ac(a2-3/6/8)}Neu5Ac(a2-3/6)Gal(b1-4)GlcNAc(b1-2)Man(a1-3)[Neu5Ac(a2-3/6)Gal(b1-4)GlcNAc(b1-2)Man(a1-6)]Man(b1-4)GlcNAc(b1-4)GlcNAc,0,0,0,0,0.067869576,0.038907614,0.046986853,0.085971724,0.036888454,0.081825817
{Gal(b1-4)GlcNAc(b1-3/4/6)}{Gal(b1-4)GlcNAc(b1-3/4/6)}{Fuc(a1-3/6)}{Fuc(a1-3/6)}{Fuc(a1-3/6)}Neu5Ac(a2-3/6)Gal(b1-4)GlcNAc(b1-2)Man(a1-3)[Neu5Ac(a2-3/6)Gal(b1-4)GlcNAc(b1-2)Man(a1-6)]Man(b1-4)GlcNAc(b1-4)GlcNAc,0,0,0,0,0.070508473,0.014504973,0.027377102,0.068478655,0.048008509,0.084038727
{Gal(b1-4)GlcNAc(b1-3/4/6)}{Gal(b1-4)GlcNAc(b1-3/4/6)}{Fuc(a1-3/6)}{Fuc(a1-3/6)}{Fuc(a1-3/6)}Neu5Ac(a2-3/6)Gal(b1-4)GlcNAc(b1-2)Man(a1-3)[Neu5Ac(a2-3/6)Gal(b1-4)GlcNAc(b1-2)Man(a1-6)]Man(b1-4)GlcNAc(b1-4)GlcNAc,0.415637565,0.138471554,0.288401814,0,0.488367101,0.230659869,0.424975482,0.530488064,0.416417324,0.628950607
{Gal(b1-4)GlcNAc(b1-3/4/6)}{Gal(b1-4)GlcNAc(b1-3/4/6)}{Fuc(a1-3/6)}{Fuc(a1-3/6)}{Fuc(a1-3/6)}Neu5Ac(a2-3/6)Gal(b1-4)GlcNAc(b1-2)Man(a1-3)[Neu5Ac(a2-3/6)Gal(b1-4)GlcNAc(b1-2)Man(a1-6)]Man(b1-4)GlcNAc(b1-4)GlcNAc,0.07866745,0,0,0,0.256586366,0.172666765,0.200172548,0.301559237,0.24384834,0.320958439
{Gal(b1-4)GlcNAc(b1-3/4/6)}{Gal(b1-4)GlcNAc(b1-3/4/6)}{Fuc(a1-3/6)}{Fuc(a1-3/6)}{Fuc(a1-3/6)}Neu5Ac(a2-3/6)Gal(b1-4)GlcNAc(b1-2)Man(a1-3)[Neu5Ac(a2-3/6)Gal(b1-4)GlcNAc(b1-2)Man(a1-6)]Man(b1-4)GlcNAc(b1-4)GlcNAc,0.428860868,0.13862473,0.386079629,0,0.479366322,0.324533695,0.497921051,0.503932017,0.628431781,0.51387927
{Gal(b1-4)GlcNAc(b1-3/4/6)}{Gal(b1-4)GlcNAc(b1-3/4/6)}{Fuc(a1-3/6)}{Fuc(a1-3/6)}{Fuc(a1-3/6)}Neu5Ac(a2-3/6)Gal(b1-4)GlcNAc(b1-2)Man(a1-3)[Neu5Ac(a2-3/6)Gal(b1-4)GlcNAc(b1-2)Man(a1-6)]Man(b1-4)GlcNAc(b1-4)GlcNAc,0,0,0,0,0.133585241,0.046086437,0.149831099,0.054656346,0.13502641,0.100082327
{Gal(b1-4)GlcNAc(b1-4/6)}{Fuc(a1-3/6)}{GlcNAc(b1-4/6)}{GlcNAc(b1-4/6)}{Neu5Ac(a2-3/6/8)}Neu5Ac(a2-3/6)Gal(b1-4)GlcNAc(b1-2)Man(a1-3)[Neu5Ac(a2-3/6)Gal(b1-4)GlcNAc(b1-2)Man(a1-6)]Man(b1-4)GlcNAc(b1-4)GlcNAc,0,0,0,0,0.221253676,0.166479048,0.064908048,0.217891232,0.146126643,0.161144821
Man(a1-2)Man(a1-3)[Man(a1-2)Man(a1-6)]Man(a1-6)[Man(a1-2)Man(a1-3)]Man(b1-4)GlcNAc(b1-4)GlcNAc,7.164116885,7.788514316,4.551405742,5.336946793,7.69619307,7.381356891,4.114760491,6.785006896,5.842766384,8.40800465
{Gal(b1-4)GlcNAc(b1-3/4/6)}{Gal(b1-4)GlcNAc(b1-3/4/6)}{Fuc(a1-3/6)}{Fuc(a1-3/6)}{Neu5Ac(a2-3/6/8)}Neu5Ac(a2-3/6)Gal(b1-4)GlcNAc(b1-2)Man(a1-3)[Neu5Ac(a2-3/6)Gal(b1-4)GlcNAc(b1-2)Man(a1-6)]Man(b1-4)GlcNAc(b1-4)GlcNAc,0,0,0,0,0.49548499,0.427461409,0.348405149,0.5506899,0.561790737,0.499927562
{Gal(b1-4)GlcNAc(b1-3/4/6)}{Gal(b1-4)GlcNAc(b1-3/4/6)}{Fuc(a1-3/6)}{Fuc(a1-3/6)}{Neu5Ac(a2-3/6/8)}Neu5Ac(a2-3/6)Gal(b1-4)GlcNAc(b1-2)Man(a1-3)[Neu5Ac(a2-3/6)Gal(b1-4)GlcNAc(b1-2)Man(a1-6)]Man(b1-4)GlcNAc(b1-4)GlcNAc,0.5017011,0.65079588,0.73767014,0.645499135,0.31666763,0.218498729,0.631474482,0.369987261,0.561790737,0.394001768
{Gal(b1-4)GlcNAc(b1-3/4/6)}{Gal(b1-4)GlcNAc(b1-3/4/6)}{Fuc(a1-3/6)}{Fuc(a1-3/6)}{Neu5Ac(a2-3/6/8)}Neu5Ac(a2-3/6)Gal(b1-4)GlcNAc(b1-2)Man(a1-3)[Neu5Ac(a2-3/6)Gal(b1-4)GlcNAc(b1-2)Man(a1-6)]Man(b1-4)GlcNAc(b1-4)GlcNAc,0,0,0,0,0.218614779,0.140763862,0.186123772,0.29517971,0.148544908,0.25910068
{Gal(b1-4)GlcNAc(b1-3/4/6)}{Gal(b1-4)GlcNAc(b1-3/4/6)}{Fuc(a1-3/6)}{Fuc(a1-3/6)}{Fuc(a1-3/6)}{GlcNAc(b1-4/6)}Neu5Ac(a2-3/6)Gal(b1-4)GlcNAc(b1-2)Man(a1-3)[Neu5Ac(a2-3/6)Gal(b1-4)GlcNAc(b1-2)Man(a1-6)]Man(b1-4)GlcNAc(b1-4)GlcNAc,0,0,0,0,0.105570141,0.056653771,0.012270165,0.056960064,0.046184899,0.075809467
Man(a1-2)Man(a1-2)Man(a1-3)[Man(a1-2)Man(a1-3)[Man(a1-2)Man(a1-6)]Man(a1-6)]Man(b1-4)GlcNAc(b1-4)GlcNAc,4.394955422,5.182114091,3.775193805,7.559266376,6.231348526,5.936725908,8.445385833,4.573310894,3.941811784,4.890791147
