dataset,group,samples,paired
glycomics_human_gastric_O_PMC5762837,healthy,"healthy_1A,healthy_2A,healthy_3A,healthy_4A,healthy_5A,healthy_6A",TRUE
glycomics_human_gastric_O_PMC5762837,cancer,"cancer_1B,cancer_2B,cancer_3B,cancer_4B,cancer_5B,cancer_6B",TRUE
glycomics_human_serum_bacteremia_N_PMID33535571,EC,"SC_160320_EC_2_NG,SC_300620_EC_5_NG,SC_300620_EC_32_NG,SC_300620_EC_34_NG,SC_300620_EC_37_NG,SC_160320_EC_39_NG,SC_160320_EC_42_NG,SC_160320_EC_43_NG,SC_160320_EC_45_NG,SC_160320_EC_55_NG,SC_160320_EC_64_NG",FALSE
glycomics_human_serum_bacteremia_N_PMID33535571,PA,"SC_300620_PA_51_NG,SC_300620_PA_56_NG,SC_300620_PA_63_NG,SC_300620_PA_71_NG,SC_300620_PA_83_NG",FALSE
glycomics_human_serum_bacteremia_N_PMID33535571,SA,"SC_300620_SA_9_NG,SC_300620_SA_11_NG,SC_300620_SA_15_NG,SC_300620_SA_23_NG,SC_300620_SA_27_NG,SC_300620_SA_38_NG,SC_300620_SA_44_NG,SC_300620_SA_49_NG,SC_300620_SA_60_NG,SC_300620_SA_62_NG,SC_300620_SA_81_NG",FALSE
glycomics_human_serum_bacteremia_N_PMID33535571,SV,"SC_160320_SV_8_NG,SC_160320_SV_47_NG,SC_160320_SV_57_NG,SC_160320_SV_69_NG,SC_160320_SV_75_NG",FALSE
glycomics_human_serum_bacteremia_N_PMID33535571,HV,"SC_180320_HV_9F_NG,SC_300620_HV_11F_NG,SC_300620_HV_14F_NG,SC_300620_HV_18F_NG,SC_300620_HV_21F_NG,SC_300620_HV_22F_NG,SC_180320_HV_24F_NG,SC_180320_HV_26F_NG,SC_180320_HV_30F_NG,SC_300620_HV_35F_NG,SC_300620_HV_41F_NG,SC_180320_HV_49F_NG,SC_300620_HV_52F_NG,SC_180320_HV_59F_NG,SC_180320_HV_64F_NG,SC_300620_HV_79F_NG,SC_180320_HV_87F_NG,SC_180320_HV_89F_NG,SC_300620_HV_90F_NG,SC_180320_HV_1M_NG,SC_300620_HV_2M_NG,SC_180320_HV_6M_NG,SC_300620_HV_8M_NG,SC_180320_HV_10M_NG,SC_300620_HV_12M_NG,SC_180320_HV_28M_NG,SC_180320_HV_34M_NG,SC_300620_HV_39M_NG,SC_180320_HV_44M_NG,SC_180320_HV_45M_NG,SC_180320_HV_46M_NG,SC_300620_HV_57M_NG,SC_180320_HV_70M_NG,SC_300620_HV_72M_NG,SC_180320_HV_73M_NG,SC_300620_HV_77M_NG,SC_180320_HV_88M_NG,SC_300620_HV_92M_NG,SC_300620_ HV_100M_NG",FALSE
glycomics_HIV_gagtransfection_N_PMID35112714,nontransfected,"nontransfected_1,nontransfected_2,nontransfected_3,nontransfected_4",FALSE
glycomics_HIV_gagtransfection_N_PMID35112714,mocktransfected,"mocktransfected_1,mocktransfected_2,mocktransfected_3,mocktransfected_4",FALSE
glycomics_HIV_gagtransfection_N_PMID35112714,gagtransfected,"gagtransfected_1,gagtransfected_2,gagtransfected_3,gagtransfected_4",FALSE
glycomics_HIV_gagtransfection_O_PMID35112714,nontransfected,"nontransfected_1,nontransfected_2,nontransfected_3,nontransfected_4",FALSE
glycomics_HIV_gagtransfection_O_PMID35112714,mocktransfected,"mocktransfected_1,mocktransfected_2,mocktransfected_3,mocktransfected_4",FALSE
glycomics_HIV_gagtransfection_O_PMID35112714,gagtransfected,"gagtransfected_1,gagtransfected_2,gagtransfected_3,gagtransfected_4",FALSE
glycomics_cell_lines_gRNA_GPST000463,HEK293O,"HEK293O1,HEK293O2,HEK293O3",FALSE
glycomics_cell_lines_gRNA_GPST000463,K562O,"K562O1,K562O2,K562O3",FALSE
glycomics_human_brain_GSL_PMID38343116,Control,"GSL_Control_1,GSL_Control_2,GSL_Control_3,GSL_Control_4",FALSE
glycomics_human_brain_GSL_PMID38343116,SSSMuG,"GSL_SSSMuG_1,GSL_SSSMuG_2,GSL_SSSMuG_3,GSL_SSSMuG_4,GSL_SSSMuG_5,GSL_SSSMuG_6",FALSE
glycomics_human_brain_N_PMID38343116,Control,"NG_Control_1,NG_Control_2,NG_Control_3,NG_Control_4",FALSE
glycomics_human_brain_N_PMID38343116,SSSMuG,"NG_SSSMuG_1,NG_SSSMuG_2,NG_SSSMuG_3,NG_SSSMuG_4,NG_SSSMuG_5,NG_SSSMuG_6",FALSE
glycomics_human_brain_O_PMID38343116,Control,"OG_Control_1,OG_Control_2,OG_Control_3,OG_Control_4",FALSE
glycomics_human_brain_O_PMID38343116,SSSMuG,"OG_SSSMuG_1,OG_SSSMuG_2,OG_SSSMuG_3",FALSE
glycomics_human_colorectal_N_PMID26085185,cancer,"Avg_RA_T1,Avg_RA_T2,Avg_RA_T3,Avg_RA_T4,Avg_RA_T5",TRUE
glycomics_human_colorectal_N_PMID26085185,healthy,"Avg_RA_N1,Avg_RA_N2,Avg_RA_N3,Avg_RA_N4,Avg_RA_N5",TRUE
glycomics_human_colorectal_N_PMID39947398,stage1,"stage1_A21,stage1_A22,stage1_A23,stage1_A24,stage1_A25,stage1_A26,stage1_A27",FALSE
glycomics_human_colorectal_N_PMID39947398,stage2,"stage2_B21,stage2_B22,stage2_B23,stage2_B24,stage2_B25,stage2_B26,stage2_B27",FALSE
glycomics_human_colorectal_N_PMID39947398,stage3,"stage3_C21,stage3_C22,stage3_C23,stage3_C24,stage3_C25,stage3_C26,stage3_C27",FALSE
glycomics_human_colorectal_N_PMID39947398,stage4,"stage4_D21,stage4_D22,stage4_D23,stage4_D24,stage4_D25,stage4_D27,stage4_D28",FALSE
glycomics_human_colorectal_N_PMID39947398,healthy,"healthy_E21,healthy_E22,healthy_E23,healthy_E24,healthy_E25,healthy_E26,healthy_E27,healthy_E28",FALSE
glycomics_human_pbmc_cancer_N_PMID39947398,stage1,"stage1_A21,stage1_A22,stage1_A23,stage1_A24,stage1_A25,stage1_A26,stage1_A27",FALSE
glycomics_human_pbmc_cancer_N_PMID39947398,stage2,"stage2_B21,stage2_B22,stage2_B23,stage2_B24,stage2_B25,stage2_B26,stage2_B27",FALSE
glycomics_human_pbmc_cancer_N_PMID39947398,stage3,"stage3_C21,stage3_C22,stage3_C23,stage3_C24,stage3_C25,stage3_C26,stage3_C27",FALSE
glycomics_human_pbmc_cancer_N_PMID39947398,stage4,"stage4_D21,stage4_D22,stage4_D23,stage4_D24,stage4_D25,stage4_D28",FALSE
glycomics_human_pbmc_cancer_N_PMID39947398,healthy,"healthy_E21,healthy_E22,healthy_E23,healthy_E24,healthy_E25,healthy_E26,healthy_E27,healthy_E28",FALSE
glycomics_human_colorectal_O_PMC9254241,healthy,"C1,C2,C3,C4,C5,C6,C7,C8,C9,C10,C11,C12",TRUE
glycomics_human_colorectal_O_PMC9254241,cancer,"T1,T2,T3,T4,T5,T6,T7,T8,T9,T10,T11,T12",TRUE
glycomics_human_colorectal_O_PMC9254241,ST,"ST4,ST7,ST6,ST11,ST12",TRUE
glycomics_human_colorectal_O_PMID19152289,healthy,"C1,C2,C3",TRUE
glycomics_human_colorectal_O_PMID19152289,cancer,"T1,T2,T3",TRUE
glycomics_human_gastric_O_PMID28461410,cancer,"P1TS,P1TI,P3TS,P2TS,P4TS,P4TI,P6TA-FS,P6TA-FG,P6TA-AS,P6TA-AG,P5TA-AS,P5TA-AG,P7TA-AS,P7TA-AG",FALSE
glycomics_human_gastric_O_PMID28461410,healthy,"P8H,P9H,P10H",FALSE
glycomics_human_liver_O_PMC5383776,healthy,"control_1,control_2,control_3",TRUE
glycomics_human_liver_O_PMC5383776,cancer,"tumor_1,tumor_2,tumor_3",TRUE
glycomics_human_macrophages_N_2024_11_28_625934,Pro,"Pro_1,Pro_2,Pro_3,Pro_4",FALSE
glycomics_human_macrophages_N_2024_11_28_625934,Anti,"Anti_1,Anti_2,Anti_3,Anti_4",FALSE
glycomics_human_macrophages_O_2024_11_28_625934,Pro,"Pro_1,Pro_2,Pro_3,Pro_4",FALSE
glycomics_human_macrophages_O_2024_11_28_625934,Anti,"Anti_1,Anti_2,Anti_3,Anti_4",FALSE
glycomics_human_neutrophils_N_PMID37639587,Az,"Az_1,Az_2,Az_3,Az_4",FALSE
glycomics_human_neutrophils_N_PMID37639587,Sp,"Sp_1,Sp_2,Sp_3,Sp_4",FALSE
glycomics_human_neutrophils_N_PMID37639587,Ge,"Ge_1,Ge_2,Ge_3,Ge_4",FALSE
glycomics_human_neutrophils_N_PMID37639587,Se,"Se_1,Se_2,Se_3,Se_4",FALSE
glycomics_human_ovarian_O_PMC4468167,mucinous,"M-High-IB,M-B,M-Low-IA,M-Low-IIIC,M-LMP-IA,M-High-IA,M-B2,M-Low-IA2,M-LMP-IA2,M-LMP-IA3,M-High-IIB",FALSE
glycomics_human_ovarian_O_PMC4468167,serous,"S-B,S-Low-IA,S-High-IA,S-LMP-IA,S-Low-IIIC,S-High-IIIC,S-High-IV,S-B2",FALSE
glycomics_human_platelets_N_PMID36952551,day0,"DonorA_day0,DonorB_day0,DonorC_day0",TRUE
glycomics_human_platelets_N_PMID36952551,day7,"DonorA_day7,DonorB_day7,DonorC_day7",TRUE
glycomics_human_platelets_O_PMID36952551,day0,"DonorA_day0,DonorB_day0,DonorC_day0",TRUE
glycomics_human_platelets_O_PMID36952551,day7,"DonorA_day7,DonorB_day7,DonorC_day7",TRUE
glycomics_human_prostate_N_PMC8010466,healthy,"control_1,control_2,control_3,control_4,control_5",FALSE
glycomics_human_prostate_N_PMC8010466,stage1,"stage1_1,stage1_2,stage1_3,stage1_4,stage1_5,stage1_6,stage1_7,stage1_8,stage1_9,stage1_10",FALSE
glycomics_human_prostate_N_PMC8010466,stage2,"stage2_1,stage2_2,stage2_3,stage2_4,stage2_5,stage2_6,stage2_7,stage2_8,stage2_9,stage2_10",FALSE
glycomics_human_prostate_N_PMC8010466,stage3,"stage3_1,stage3_2,stage3_3,stage3_4,stage3_5,stage3_6,stage3_7,stage3_8,stage3_9,stage3_10",FALSE
glycomics_human_prostate_N_PMC8010466,stage4,"stage4_1,stage4_2,stage4_3,stage4_4,stage4_5,stage4_6,stage4_7,stage4_8,stage4_9,stage4_10",FALSE
glycomics_human_prostate_N_PMC8010466,stage5,"stage5_1,stage5_2,stage5_3,stage5_4,stage5_5,stage5_6,stage5_7,stage5_8,stage5_9,stage5_10",FALSE
glycomics_human_prostate_O_PMC8010466,healthy,"control_1,control_2,control_3,control_4,control_5",FALSE
glycomics_human_prostate_O_PMC8010466,stage1,"stage1_1,stage1_2,stage1_3,stage1_4,stage1_5,stage1_6,stage1_7,stage1_8,stage1_9,stage1_10",FALSE
glycomics_human_prostate_O_PMC8010466,stage2,"stage2_1,stage2_2,stage2_3,stage2_4,stage2_5,stage2_6,stage2_7,stage2_8,stage2_9,stage2_10",FALSE
glycomics_human_prostate_O_PMC8010466,stage3,"stage3_1,stage3_2,stage3_3,stage3_4,stage3_5,stage3_6,stage3_7,stage3_8,stage3_9,stage3_10",FALSE
glycomics_human_prostate_O_PMC8010466,stage4,"stage4_1,stage4_2,stage4_3,stage4_4,stage4_5,stage4_6,stage4_7,stage4_8,stage4_9,stage4_10",FALSE
glycomics_human_prostate_O_PMC8010466,stage5,"stage5_1,stage5_2,stage5_3,stage5_4,stage5_5,stage5_6,stage5_7,stage5_8,stage5_9,stage5_10",FALSE
glycomics_human_retina_GSL_PMC5173345,retina,"36_1_38_1_retina,34_1_retina,40_1_42_2_42_1_retina,C1d_retina,C2d_retina,Clt34c_retina,Cgt42c_retina",FALSE
glycomics_human_retina_GSL_PMC5173345,brain,"36_1_38_1_brain,34_1_brain,40_1_42_2_42_1_brain,C1d_brain,C2d_brain,Clt34c_brain,Cgt42c_brain",FALSE
glycomics_human_retina_GSL_PMC5173345,choroid,"36_1_38_1_choroid,34_1_choroid,40_1_42_2_42_1_choroid,C1d_choroid,C2d_choroid,Clt34c_choroid,Cgt42c_choroid",FALSE
glycomics_human_retina_GSL_PMC5173345,ciliary,"36_1_38_1_ciliary,34_1_ciliary,40_1_42_2_42_1_ciliary,C1d_ciliary,C2d_ciliary,Clt34c_ciliary,Cgt42c_ciliary",FALSE
glycomics_human_retina_GSL_PMC5173345,opticnerve,"36_1_38_1_opticnerve,34_1_opticnerve,40_1_42_2_42_1_opticnerve,C1d_opticnerve,C2d_opticnerve,Clt34c_opticnerve,Cgt42c_opticnerve",FALSE
glycomics_human_retina_GSL_PMC5173345,plasma,"36_1_38_1_plasma,34_1_plasma,40_1_42_2_42_1_plasma,C1d_plasma,C2d_plasma,Clt34c_plasma,Cgt42c_plasma",FALSE
glycomics_human_serum_N_PMID39877544,fungal,"fungal_1,fungal_2,fungal_3",FALSE
glycomics_human_serum_N_PMID39877544,viral,"viral_1,viral_2,viral_3,viral_4,viral_5,viral_6,viral_7,viral_8,viral_9",FALSE
glycomics_human_serum_N_PMID39877544,bacterial,"bacterial_coagulase_negative_staphylococcus_1,bacterial_coagulase_negative_staphylococcus_2,bacterial_coagulase_negative_staphylococcus_3,bacterial_enterococcus_casseliflavus_1,bacterial_enterococcus_casseliflavus_2,bacterial_escherichia_coli_1,bacterial_escherichia_coli_2,bacterial_escherichia_coli_3,bacterial_escherichia_coli_4,bacterial_escherichia_coli_5,bacterial_escherichia_coli_6,bacterial_escherichia_coli_7,bacterial_escherichia_coli_8,bacterial_haemophilus_influenzae_1,bacterial_klebsiella_pneumoniae_1,bacterial_microaerophillic_streptococcus_1,bacterial_pseudomonas_aeruginosa_1,bacterial_pseudomonas_aeruginosa_2,bacterial_pseudomonas_aeruginosa_3,bacterial_serratia_marcescens_1,bacterial_staphylococcus_aureus_1,bacterial_staphylococcus_aureus_2,bacterial_staphylococcus_aureus_3,bacterial_staphylococcus_aureus_4,bacterial_staphylococcus_aureus_5,bacterial_staphylococcus_aureus_6,bacterial_staphylococcus_aureus_7,bacterial_streptococcus_agalactiae_1,bacterial_streptococcus_australis_1,bacterial_streptococcus_dysgalactiae_1,bacterial_streptococcus_pneumoniae_1,bacterial_streptococcus_pneumoniae_2,bacterial_streptococcus_pyogenes_1,bacterial_streptococcus_pyogenes_2,bacterial_streptococcus_pyogenes_3,bacterial_mixed_1,bacterial_mixed_2",FALSE
glycomics_human_skin_O_PMC5871710,healthy,"control_1,control_2,control_3,control_4,control_5,control_6,control_7,control_8,control_9",TRUE
glycomics_human_skin_O_PMC5871710,cancer,"tumor_1,tumor_2,tumor_3,tumor_4,tumor_5,tumor_6,tumor_7,tumor_8,tumor_9",TRUE
glycomics_human_skin_O_PMC5871710_BCC,healthy,"control_1,control_2,control_3,control_4,control_5,control_6,control_7,control_8,control_9,control_10,control_11,control_12,control_13,control_14,control_15,control_16,control_17,control_18,control_19,control_20",TRUE
glycomics_human_skin_O_PMC5871710_BCC,cancer,"tumor_1,tumor_2,tumor_3,tumor_4,tumor_5,tumor_6,tumor_7,tumor_8,tumor_9,tumor_10,tumor_11,tumor_12,tumor_13,tumor_14,tumor_15,tumor_16,tumor_17,tumor_18,tumor_19,tumor_20",TRUE
glycomics_human_skin_O_PMC5871710_SCC,healthy,"control_1,control_2,control_3,control_4,control_5,control_6,control_7,control_8,control_9,control_10",TRUE
glycomics_human_skin_O_PMC5871710_SCC,cancer,"tumor_1,tumor_2,tumor_3,tumor_4,tumor_5,tumor_6,tumor_7,tumor_8,tumor_9,tumor_10",TRUE
glycomics_human_leukemia_N_PMID34646384,cancer,"BM0,BM37,BM41",FALSE
glycomics_human_leukemia_N_PMID34646384,healthy,"R7B1,R7B3,R7B6,R7B11",FALSE
glycomics_human_leukemia_O_PMID34646384,cancer,"BM0_1,BM0_2,BM0_3,BM0_4,BM37_1,BM37_2,BM37_3,BM37_4",FALSE
glycomics_human_leukemia_O_PMID34646384,healthy,"R7B1_1,R7B1_2,R7B1_3,R7B1_4,R7B3_1,R7B3_2,R7B3_3,R7B3_4,R7B6_1,R7B6_2,R7B6_3,R7B6_4",FALSE
glycomics_mouse_brain_GSL_PMID39375371,CC,"CC_1,CC_2,CC_3,CC_4",FALSE
glycomics_mouse_brain_GSL_PMID39375371,PFC,"PFC_1,PFC_2,PFC_3,PFC_4",FALSE
glycomics_mouse_brain_GSL_PMID39375371,ST,"ST_1,ST_2,ST_3,ST_4",FALSE
glycomics_mouse_brain_GSL_PMID39375371,Hip,"Hip_1,Hip_2,Hip_3,Hip_4",FALSE
glycomics_mouse_brain_GSL_PMID39375371,OB,"OB_1,OB_2,OB_3,OB_4",FALSE
glycomics_mouse_brain_GSL_PMID39375371,DC,"DC_1,DC_2,DC_3,DC_4",FALSE
glycomics_mouse_brain_GSL_PMID39375371,MB,"MB_1,MB_2,MB_3,MB_4",FALSE
glycomics_mouse_brain_GSL_PMID39375371,P-M,"P-M_1,P-M_2,P-M_3,P-M_4",FALSE
glycomics_mouse_brain_GSL_PMID39375371,CB,"CB_1,CB_2,CB_3,CB_4",FALSE
glycomics_mouse_gastric_O_PMID40667878,healthy,"H7-01 Control,H7-02 Non inf control,H7-03 Non inf control,H7-04 Non inf control,H10-01 Non inf control,H10-02 Non inf control,H10-03 Non inf control,H10-04 Non inf control",FALSE
glycomics_mouse_gastric_O_PMID40667878,infected,"H7-06 Infected vehicle,H7-08 Infected vehicle,H7-09 Infected vehicle,H7-10 Infected vehicle,H10-07 Infected control,H10-08 Infected control,H10-09 Infected control,H10-10 Infected control",FALSE
glycomics_mouse_gastric_O_PMID40667878,RaMH,"H7-35 RaMH,H7-36 RaMH,H7-37 RaMH,H7-38 RaMH",FALSE
glycomics_mouse_gastric_O_PMID40667878,IL4,"H10-15 IL4,H10-17 IL4,H10-18 IL4,H10-19 IL4",FALSE
glycomics_mouse_taysachs_N_PMID41460292,NG,"NG-124 Li,NG125 Li",FALSE
glycomics_mouse_taysachs_N_PMID41460292,Hexa,"Adult NG Hexa (or HA) Li,Adult NG Hexa (or HA) Stv,Fibroblast Hexa (or HA) Non,Fibroblast Hexa (or HA) Li,Fibroblast Hexa (or HA) MLSA-1,Fibroblast Hexa (or HA) Stv",FALSE
glycomics_mouse_taysachs_N_PMID41460292,HexaNeu3,"Adult NG HexaNeu3 (or HAN3) Li,Adult NG HexaNeu3 (or HAN3) Stv,Fibroblast HexaNeu3 (or HAN3) Non,Fibroblast HexaNeu3 (or HAN3) Li,Fibroblast HexaNeu3 (or HAN3) MLSA-1,Fibroblast HexaNeu3 (or HAN3) St",FALSE
glycomics_mouse_taysachs_O_PMID41460292,NG,"NG-124 Li,NG125 Li",FALSE
glycomics_mouse_taysachs_O_PMID41460292,Hexa,"Adult NG Hexa (or HA) Li,Adult NG Hexa (or HA) Stv,Fibroblast Hexa (or HA) Non,Fibroblast Hexa (or HA) Li,Fibroblast Hexa (or HA) MLSA-1,Fibroblast Hexa (or HA) Stv",FALSE
glycomics_mouse_taysachs_O_PMID41460292,HexaNeu3,"Adult NG HexaNeu3 (or HAN3) Li,Adult NG HexaNeu3 (or HAN3) Stv,Fibroblast HexaNeu3 (or HAN3) Non,Fibroblast HexaNeu3 (or HAN3) Li,Fibroblast HexaNeu3 (or HAN3) MLSA-1,Fibroblast HexaNeu3 (or HAN3) St",FALSE
glycomics_human_serum_ovarian_N_PMID41366864,cancer,"10ca_eoc_a_0_N10_1,10ca_eoc_b_0_N11_1,10ca_eoc_c_0_N12_1,12_eoc_b_0_H1_1,12_eoc_b_0_H2_1,12_eoc_c_0_H3_1,14_eoc_a_0_I1_1,14_eoc_b_0_I2_1,14_eoc_c_0_I3_1,15_eoc_a_0_J1_1,15_eoc_b_0_J2_1,15_eoc_c_0_J3_1,16_eoc_a_0_K1_1,16_eoc_b_0_K2_1,16_eoc_c_0_K3_1,17_eoc_a_0_L1_1,17_eoc_b_0_L2_1,17_eoc_c_0_L3_1,18_eoc_a_0_M1_1,18_eoc_b_0_M2_1,18_eoc_c_0_M3_1,1_eoc_nbf_0_O10_1,1_eoc_nbf_b_0_O11_1,1_eoc_nbf_c_0_O12_1,20_eoc_a_0_N1_1,20_eoc_b_0_N2_1,20_eoc_c_0_N3_1,21_eoc_a_0_O1_1,21_eoc_b_0_O2_1,21_eoc_c_0_O3_1,22_eoc_a_0_P1_1,22_eoc_b_0_P2_1,22_eoc_c_0_P3_1,25_eoc_a_0_P10_1,25_eoc_b_0_P11_1,25_eoc_c_0_P12_1,26_eoc_a_0_B4_1,26_eoc_a_0_B5_1,26_eoc_c_0_B6_1,27_eoc_a_0_C4_1,27_eoc_a_0_C5_1,27_eoc_c_0_C6_1,28_eoc_a_0_D4_1,28_eoc_b_0_D5_1,28_eoc_c_0_D6_1,2_eoc_a_0_C1_1,2_eoc_c_0_C3_1,2ca_eoc_a_0_J10_1,2ca_eoc_b_0_J11_1,2ca_eoc_b_0_J11_2,2ca_eoc_c_0_J12_1,30_eoc_a_0_E4_1,30_eoc_b_0_E5_1,30_eoc_c_0_E6_1,31_eoc_a_0_F4_1,31_eoc_b_0_F5_1,31_eoc_c_0_F6_1,32_eoc_a_0_G4_1,32_eoc_b_0_G5_1,32_eoc_c_0_G6_1,34_eoc_a_0_H4_1,34_eoc_b_0_H5_1,34_eoc_c_0_H6_1,41_eoc_a_0_I4_1,41_eoc_b_0_I5_1,41_eoc_c_0_I6_1,45_eoc_a_0_J4_1,45_eoc_a_0_J4_2,45_eoc_b_0_J5_1,45_eoc_c_0_J6_1,46_eoc_a_0_K4_1,46_eoc_b_0_K5_1,46_eoc_c_0_K6_1,47_eoc_a_0_L4_1,47_eoc_b_0_L5_1,47_eoc_c_0_L6_1,49_eoc_a_0_M4_1,49_eoc_b_0_M5_1,49_eoc_c_0_M6_1,4_eoc_a_0_D1_1,4_eoc_b_0_D2_1,4_eoc_c_0_D3_1,4ca_eoc_a_0_K10_1,4ca_eoc_b_0_K11_1,4ca_eoc_c_0_K12_1,50_eoc_a_0_N4_1,50_eoc_b_0_N5_1,50_eoc_c_0_N6_1,51_eoc_a_0_O4_1,51_eoc_b_0_O5_1,51_eoc_c_0_O6_1,52_eoc_a_0_P4_1,52_eoc_b_0_P5_1,52_eoc_c_0_P6_1,53_eoc_a_0_B7_1,53_eoc_b_0_B8_1,53_eoc_c_0_B9_1,54_eoc_a_0_C7_1,54_eoc_b_0_C8_1,54_eoc_c_0_C9_1,55_eoc_a_0_D7_1,55_eoc_b_0_D8_1,55_eoc_c_0_D9_1,58_eoc_a_0_E7_1,58_eoc_b_0_E8_1,58_eoc_c_0_E9_1,59_eoc_a_0_F9_1,59_eoc_b_0_F8_1,5ca_eoc_a_0_L10_1,5ca_eoc_b_0_L11_1,5ca_eoc_c_0_L12_1,60_eoc_a_0_G8_1,60_eoc_b_0_G9_1,60_eoc_c_0_G7_1,68_eoc_a_0_H7_1,68_eoc_b_0_H8_1,68_eoc_c_0_H9_1,69_eoc_a_0_I7_1,69_eoc_b_0_I8_1,69_eoc_c_0_I9_1,6ca_eoc_a_0_M10_1,6ca_eoc_b_0_M11_1,6ca_eoc_c_0_M12_1,70_eoc_a_0_J7_1,70_eoc_b_0_J8_1,70_eoc_c_0_J9_1,71_eoc_a_0_B10_1,71_eoc_b_0_B11_1,71_eoc_c_0_B12_1,72_eoc_a_0_C12_1,72_eoc_b_0_C11_1,72_eoc_c_0_C10_1,73_eoc_a_0_D10_1,73_eoc_b_0_D11_1,73_eoc_c_0_D12_1,77_eoc_a_0_E10_1,77_eoc_a_0_E12_1,77_eoc_b_0_E12_1,77_eoc_c_0_E11_1,79_eoc_a_0_F10_1,79_eoc_b_0_F11_1,79_eoc_c_0_F12_1,7_eoc_a_0_E1_1,7_eoc_b_0_E2_1,7_eoc_c_0_E3_1,84_eoc_a_0_G12_1,84_eoc_b_0_G11_1,84_eoc_c_0_G10_1,87_eoc_a_0_H10_1,87_eoc_b_0_H12_1,87_eoc_c_0_H11_1,89_eoc_a_0_I10_1,89_eoc_b_0_I11_1,89_eoc_c_0_I12_1,8_eoc_a_0_F1_1,8_eoc_b_0_F2_1,8_eoc_c_0_F3_1,9_eoc_a_0_G1_1,9_eoc_b_0_G2_1,9_eoc_b_0_G2_2,9_eoc_c_0_G3_1",FALSE
glycomics_human_serum_ovarian_N_PMID41366864,healthy,"11_bod_a_0_J3_1,11_bod_b_0_J4_1,11_bod_b_0_J4_2,11_bod_c_0_J5_1,12_bod_a_0_K3_1,12_bod_b_0_K4_1,12_bod_b_0_K4_2,12_bod_c_0_K5_1,13_bod_a_0_L3_1,13_bod_b_0_L4_1,13_bod_c_0_L5_1,14_bod_a_0_M3_1,14_bod_b_0_M4_1,14_bod_c_0_M5_1,15_bod_a_0_N3_1,15_bod_b_0_N4_1,15_bod_c_0_N5_1,16_bod_a_0_O3_1,16_bod_b_0_O4_1,16_bod_c_0_O5_1,17_bod_a_0_P3_1,17_bod_b_0_P4_1,17_bod_c_0_P5_1,19_bod_a_0_B6_1,19_bod_b_0_B7_1,19_bod_c_0_B8_1,1cb_bod_a_0_J9_1,1cb_bod_b_0_J10_1,1cb_bod_c_0_J11_1,20_bod_a_0_C6_1,20_bod_b_0_C7_1,20_bod_c_0_C8_1,21_bod_a_0_D6_1,21_bod_b_0_D7_1,21_bod_c_0_D8_1,22_bod_a_0_E6_1,22_bod_b_0_E8_1,22_bod_c_0_E7_1,24_bod_a_0_F6_1,24_bod_b_0_F7_1,24_bod_b_0_F8_1,24_bod_cc_0_F7_1,25_bod_a_0_G4_1,25_bod_aa_0_G6_1,25_bod_b_0_G5_1,25_bod_bb_0_G7_1,25_bod_cc_0_G8_1,26_bod_a_0_H6_1,26_bod_b_0_H7_1,26_bod_c_0_H8_1,27_bod_a_0_I6_1,27_bod_b_0_I7_1,27_bod_c_0_I8_1,28_bod_a_0_J6_1,28_bod_b_0_J7_1,28_bod_c_0_J8_1,2_bod_a_0_B3_1,2_bod_b_0_B4_1,2_bod_c_0_B5_1,30_bod_a_0_K6_1,30_bod_b_0_K7_1,30_bod_c_0_K8_1,31_bod_a_0_L6_1,31_bod_b_0_L7_1,31_bod_c_0_L8_1,32_bod_a_0_M6_1,32_bod_b_0_M7_1,32_bod_c_0_M8_1,33_bod_a_0_N6_1,33_bod_b_0_N7_1,33_bod_c_0_N8_1,34_bod_a_0_O6_1,34_bod_b_0_O7_1,34_bod_c_0_O8_1,36_bod_a_0_P6_1,36_bod_b_0_P7_1,36_bod_c_0_P8_1,39_bod_a_0_B9_1,39_bod_b_0_B10_1,39_bod_c_0_B11_1,3_bod_a_0_C3_1,3_bod_b_0_C4_1,3_bod_c_0_C5_1,40_bod_a_0_C9_1,40_bod_b_0_C10_1,40_bod_c_0_C11_1,41_bod_a_0_D9_1,41_bod_b_0_D10_1,41_bod_c_0_D11_1,42_bod_a_0_E9_1,42_bod_b_0_E10_1,42_bod_c_0_E11_1,43_bod_a_0_F9_1,43_bod_b_0_F10_1,43_bod_c_0_F11_1,44_bod_a_0_G9_1,44_bod_b_0_G10_1,44_bod_c_0_G11_1,45_bod_a_0_H9_1,45_bod_b_0_H10_1,45_bod_c_0_H11_1,46_bod_a_0_I9_1,46_bod_b_0_I10_1,46_bod_c_0_I11_1,4_bod_a_0_D3_1,4_bod_b_0_D4_1,4_bod_c_0_D5_1,5_bod_a_0_E3_1,5_bod_b_0_E4_1,5_bod_c_0_E5_1,6_bod_a_0_F3_1,6_bod_b_0_F4_1,6_bod_c_0_F5_1,6_bod_c_0_F5_2,7_bod_a_0_G3_1,7_bod_b_0_G4_1,7_bod_c_0_G5_1,8_bod_a_0_H3_1,8_bod_b_0_H4_1,8_bod_b_0_H4_2,8_bod_c_0_H5_1,9_bod_a_0_I3_1,9_bod_b_0_I4_1,9_bod_c1_0_I5_1,9_bod_c_0_I4_1",FALSE
glycomics_mouse_platelet_N_101161ATVBAHA126324757,WT,"WT_1,WT_2,WT_3",FALSE
glycomics_mouse_platelet_N_101161ATVBAHA126324757,FUT8_KO,"FUT8_KO_1,FUT8_KO_2,FUT8_KO_3",FALSE
glycomics_human_serum_parkinson_GSL_PMID40379659,healthy,"HC1,HC2,HC3,HC4,HC5,HC6,HC7,HC8,HC9,HC10,HC11,HC12,HC13,HC14,HC15,HC16,HC17,HC18,HC19,HC20,HC21,HC22,HC23,HC24,HC25,HC26,HC27,HC28,HC29,HC30",FALSE
glycomics_human_serum_parkinson_GSL_PMID40379659,Parkinsons,"PD1,PD2,PD3,PD4,PD5,PD6,PD7,PD8,PD9,PD10,PD11,PD12,PD13,PD14,PD15,PD16,PD17,PD18,PD19,PD20,PD21,PD22,PD23,PD24,PD25,PD26,PD27,PD28",FALSE
glycomics_mouse_brain_tango2ko_GSL_10_1002pgr2_70042,WT,"WT1,WT2,WT3,WT4",FALSE
glycomics_mouse_brain_tango2ko_GSL_10_1002pgr2_70042,TANGO2_KO,"KO1,KO2,KO3,KO4",FALSE
glycomics_mouse_brain_tango2ko_N_10_1002pgr2_70042,WT,"WT1,WT2,WT3,WT4",FALSE
glycomics_mouse_brain_tango2ko_N_10_1002pgr2_70042,TANGO2_KO,"KO1,KO2,KO3,KO4",FALSE
glycomics_mouse_brain_tango2ko_O_10_1002pgr2_70042,WT,"WT1,WT2,WT3,WT4",FALSE
glycomics_mouse_brain_tango2ko_O_10_1002pgr2_70042,TANGO2_KO,"KO1,KO2,KO3,KO4",FALSE
glycomics_fish_gill_infection_O_PMID41435595,healthy,"healthy1,healthy2,healthy3,healthy4,healthy5",FALSE
glycomics_fish_gill_infection_O_PMID41435595,infected,"infected1,infected2,infected3,infected4,infected5",FALSE
glycomics_fish_intestine_infection_O_10_2139ssrn_7005880,healthy,"healthy1,healthy2,healthy3,healthy4,healthy5",FALSE
glycomics_fish_intestine_infection_O_10_2139ssrn_7005880,infected,"infected1,infected2,infected3,infected4,infected5",FALSE
glycomics_human_colorectal_butyrate_O_PMID36669592,control,"5d_1,5d_2,5d_3,7d_1,7d_2,7d_3,14d_1,14d_2,14d_3,21d_1,21d_2,21d_3,24d_1,24d_2,24d_3",FALSE
glycomics_human_colorectal_butyrate_O_PMID36669592,butyrate,"5d_bu_1,5d_bu_2,5d_bu_3,7d_bu_1,7d_bu_2,7d_bu_3,14d_bu_1,14d_bu_2,14d_bu_3,21d_bu_1,21d_bu_2,21d_bu_3,24d_bu_1,24d_bu_2,24d_bu_3",FALSE
glycomics_human_celllines_N_PMID38022636,MDA-MB-231,"MDA-MB-231_1,MDA-MB-231_2,MDA-MB-231_3",FALSE
glycomics_human_celllines_N_PMID38022636,THP-1,"THP-1_1,THP-1_2,THP-1_3",FALSE
glycomics_human_serum_gangliosidosis_GSL_PMID39190143,healthy,"control_1,control_2,control_3,control_4,control_5,control_6,control_7,control_8,control_9,control_10,control_11,control_12,control_13,control_14,control_15,control_16,control_17,control_18,control_19,control_20,control_21,control_22,control_23,control_24,control_25,control_26,control_27,control_28,control_29,control_30,control_31,control_32,control_33,control_34,control_35,control_36",FALSE
glycomics_human_serum_gangliosidosis_GSL_PMID39190143,gangliosidosis,"gangliosidosis_1,gangliosidosis_2,gangliosidosis_3",FALSE
