glycan,WT1,WT2,WT3,WT4,KO1,KO2,KO3,KO4
Man(a1-3/6)Man(b1-4)GlcNAc(b1-4)[Fuc(a1-6)]GlcNAc,1.6163,1.5195,1.5916,1.7495,2.0476,2.2694,2.1579,2.1294
Neu5Ac(a2-3)Gal(b1-3/4)[Fuc(a1-3/4)]GlcNAc(b1-2)Man(a1-3/6)[Neu5Ac(a2-3)Gal(b1-3/4)GlcNAc(b1-2)Man(a1-3/6)]Man(b1-4)GlcNAc(b1-4)GlcNAc,0.0409,0.0443,0.0318,0.0459,0.0500,0.0683,0.0622,0.0636
Neu5Ac(a2-3/6)Gal(b1-3/4)[Fuc(a1-3/4)]GlcNAc(b1-2/4/6)[GlcNAc(b1-2/4/6)]Man(a1-3/6)[Gal(b1-3/4)GlcNAc(b1-2)Man(a1-3/6)]Man(b1-4)GlcNAc(b1-4)[Fuc(a1-6)]GlcNAc,0.0668,0.0943,0.0813,0.0848,0.0500,0.0671,0.0524,0.0417
Man(a1-2/3/6)Man(a1-3/6)[Man(a1-3/6)]Man(b1-4)GlcNAc(b1-4)[Fuc(a1-6)]GlcNAc,0.0650,0.0600,0.0505,0.0482,0.0734,0.0768,0.0665,0.0680
Neu5Ac(a2-3/6)Gal(b1-3/4)[Fuc(a1-3/4)]GlcNAc(b1-2/4/6)[Fuc(a1-3/4)[Gal(b1-3/4)]GlcNAc(b1-2/4/6)]Man(a1-3/6)[Neu5Ac(a2-3/6)Gal(b1-3/4)GlcNAc(b1-2/4/6)[Gal(b1-3/4)GlcNAc(b1-2/4/6)]Man(a1-3/6)]Man(b1-4)GlcNAc(b1-4)[Fuc(a1-6)]GlcNAc,0.1618,0.1514,0.2344,0.1892,0.1326,0.0993,0.1393,0.1074
Neu5Ac(a2-3)Gal(b1-3/4)GlcNAc(b1-2)Man(a1-3/6)[Man(a1-3/6)]Man(b1-4)GlcNAc(b1-4)GlcNAc,0.2387,0.2446,0.3106,0.2479,0.2299,0.1946,0.1954,0.1885
Man6P(a1-2)Man(a1-3/6)[Man(a1-3/6)]Man(a1-6)[Man(a1-3)]Man(b1-4)GlcNAc(b1-4)GlcNAc,0.5199,0.5015,0.5245,0.5988,0.7980,0.6765,0.6350,0.6040
Neu5Ac(a2-3/6)Gal(b1-3/4)[Fuc(a1-3/4)]GlcNAc(b1-2/4/6)[Gal(b1-3/4)GlcNAc(b1-2/4/6)]Man(a1-3/6)[Gal(b1-3/4)GlcNAc(b1-2)Man(a1-3/6)]Man(b1-4)GlcNAc(b1-4)GlcNAc,0.0143,0.0250,0.0262,0.0136,0.0354,0.0362,0.0242,0.0316
Neu5Ac(a2-3/6)Gal(b1-3/4)[Fuc(a1-3/4)]GlcNAc(b1-2/4/6)[Fuc(a1-3/4)[Gal(b1-3/4)]GlcNAc(b1-2/4/6)]Man(a1-3/6)[Fuc(a1-3/4)[Gal(b1-3/4)]GlcNAc(b1-2/4/6)[Gal(b1-3/4)GlcNAc(b1-2/4/6)]Man(a1-3/6)]Man(b1-4)GlcNAc(b1-4)[Fuc(a1-6)]GlcNAc,0.1619,0.1934,0.1852,0.2062,0.1680,0.1562,0.1457,0.1642
Gal(b1-3/4)GlcNAc(b1-2)Man(a1-3/6)[GlcNAc(b1-4)][Man(a1-3/6)]Man(b1-4)GlcNAc(b1-4)[Fuc(a1-6)]GlcNAc,0.1698,0.1461,0.1398,0.1615,0.2047,0.1620,0.1750,0.1945
Neu5Ac(a2-3/6)Gal(b1-3/4)[Fuc(a1-3/4)]GlcNAc(b1-2)Man(a1-3/6)[Neu5Ac(a2-3/6)Gal(b1-3/4)GlcNAc(b1-2)Man(a1-3/6)]Man(b1-4)GlcNAc(b1-4)[Fuc(a1-6)]GlcNAc,0.3590,0.3350,0.3168,0.3310,0.3003,0.3005,0.3199,0.2528
Neu5Ac(a2-3/6)Gal(b1-3/4)[Fuc(a1-3/4)]GlcNAc(b1-2/4/6)[GlcNAc(b1-2/4/6)]Man(a1-3/6)[Gal(b1-3/4)GlcNAc(b1-2)Man(a1-3/6)]Man(b1-4)GlcNAc(b1-4)[Fuc(a1-6)]GlcNAc,0.1170,0.1536,0.1732,0.1516,0.1318,0.0851,0.0984,0.1227
{Man(a1-2/3/6)}Man(a1-2/3/6)Man(a1-3/6)[Man(a1-3/6)]Man(b1-4)GlcNAc(b1-4)GlcNAc,26.2727,25.9450,28.2088,27.0335,24.5051,27.0183,26.9159,28.2981
GlcNAc(b1-2)Man(a1-3)[GlcNAc(b1-2)Man(a1-6)]Man(b1-4)GlcNAc(b1-4)GlcNAc,0.4896,0.7359,0.4747,0.6476,0.5359,0.5445,0.5128,0.7724
{Man(a1-2/3/6)}{Man(a1-2/3/6)}Man(a1-2/3/6)Man(a1-3/6)[Man(a1-3/6)]Man(b1-4)GlcNAc(b1-4)GlcNAc,11.3166,10.5765,11.0967,9.0531,9.6383,8.4010,10.1007,9.9775
Man(a1-3)[Man(a1-6)]Man(b1-4)GlcNAc(b1-4)[Fuc(a1-6)]GlcNAc,0.5178,0.5297,0.5673,0.4466,0.5474,0.4557,0.4343,0.6334
Man(a1-3)[GlcNAc(b1-4)][Man(a1-6)]Man(b1-4)GlcNAc(b1-4)GlcNAc,0.4162,0.5029,0.4562,0.5427,0.5550,0.4399,0.6173,0.6029
GlcNAc(b1-2)Man(a1-3/6)[Man(a1-3/6)]Man(b1-4)GlcNAc(b1-4)GlcNAc,0.0858,0.1271,0.0976,0.1091,0.1496,0.1260,0.1028,0.1014
GlcNAc(b1-2)Man(a1-3)[GlcNAc(b1-2)Man(a1-6)]Man(b1-4)GlcNAc(b1-4)[Fuc(a1-6)]GlcNAc,6.6826,6.7610,5.7477,6.8000,6.9493,8.0652,7.1276,7.1807
GlcNAc(b1-2)Man(a1-3/6)[GlcNAc(b1-4)][Man(a1-3/6)]Man(b1-4)GlcNAc(b1-4)GlcNAc,0.0953,0.2058,0.1907,0.1237,0.1899,0.1453,0.1783,0.0891
GlcNAc(b1-2)Man(a1-3)[GlcNAc(b1-2)Man(a1-6)][GlcNAc(b1-4)]Man(b1-4)GlcNAc(b1-4)GlcNAc,0.8639,0.3927,0.5549,0.7153,0.4580,0.4722,0.6841,0.8852
{Man(a1-2)}Man(a1-2)Man(a1-3)[Man(a1-3)[Man(a1-6)]Man(a1-6)]Man(b1-4)GlcNAc(b1-4)GlcNAc,5.7298,4.9506,4.9811,5.1842,5.5232,5.3030,4.9519,4.5572
Fuc(a1-3/4)[Gal(b1-3/4)]GlcNAc(b1-2)Man(a1-3/6)[Man(a1-3/6)]Man(b1-4)GlcNAc(b1-4)[Fuc(a1-6)]GlcNAc,0.4034,0.4257,0.3195,0.3941,0.3535,0.3668,0.3042,0.3383
Fuc(a1-3/4)[Gal(b1-3/4)]GlcNAc(b1-2)Man(a1-3/6)[Man(a1-3/6)]Man(b1-4)GlcNAc(b1-4)[Fuc(a1-6)]GlcNAc,0.0696,0.0698,0.0583,0.0733,0.0837,0.0620,0.0853,0.0579
GlcNAc(b1-2)Man(a1-3/6)[Man(a1-3/6)]Man(b1-4)GlcNAc(b1-4)[Fuc(a1-6)]GlcNAc,1.0057,0.8466,0.9113,0.8638,0.9066,0.8409,0.6831,0.8307
Man(a1-3)[GlcNAc(b1-4)][Man(a1-6)]Man(b1-4)GlcNAc(b1-4)[Fuc(a1-6)]GlcNAc,1.0057,0.8466,0.9113,0.8638,0.9066,0.8409,0.6831,0.8307
{Fuc(a1-3/6)}Gal(b1-3/4)GlcNAc(b1-2)Man(a1-3)[Man(a1-3)[Man(a1-6)]Man(a1-6)]Man(b1-4)GlcNAc(b1-4)GlcNAc,1.0057,0.8466,0.9113,0.8638,0.9066,0.8409,0.6831,0.8307
Gal(b1-3/4)GlcNAc(b1-2)Man(a1-3/6)[Man(a1-3/6)]Man(b1-4)GlcNAc(b1-4)GlcNAc,0.0696,0.0584,0.0501,0.0293,0.0575,0.0666,0.0858,0.0673
GlcNAc(b1-2)Man(a1-3/6)[GlcNAc(b1-4)][Man(a1-3/6)]Man(b1-4)GlcNAc(b1-4)[Fuc(a1-6)]GlcNAc,0.3776,0.5118,0.3835,0.5018,0.5115,0.4131,0.7361,0.6341
Gal(b1-3/4)GlcNAc(b1-2)Man(a1-3/6)[GlcNAc(b1-2)Man(a1-3/6)]Man(b1-4)GlcNAc(b1-4)[Fuc(a1-6)]GlcNAc,0.2861,0.2009,0.2025,0.2569,0.2899,0.3390,0.2238,0.2649
Fuc(a1-3/4)[Gal(b1-3/4)]GlcNAc(b1-2)Man(a1-3)[GlcNAc(b1-2)Man(a1-6)]Man(b1-4)GlcNAc(b1-4)GlcNAc,0.1458,0.1421,0.1633,0.2630,0.2010,0.2881,0.2794,0.1567
{Man(a1-2)}Man6P(a1-2)Man(a1-3/6)[Man(a1-3/6)]Man(a1-6)[Man(a1-3)]Man(b1-4)GlcNAc(b1-4)GlcNAc,0.1774,0.1888,0.2760,0.3146,0.3096,0.3046,0.2788,0.2834
GlcNAc(b1-2)Man(a1-3/6)[GlcNAc(b1-4)][Man(a1-3/6)]Man(b1-4)GlcNAc(b1-4)GlcNAc,0.4775,1.1050,0.9152,0.6636,0.9751,0.6038,0.5256,0.4515
Gal(b1-3/4)GlcNAc(b1-2)Man(a1-3/6)[GlcNAc(b1-4)][Man(a1-3/6)]Man(b1-4)GlcNAc(b1-4)GlcNAc,0.1262,0.1787,0.2129,0.1213,0.1380,0.1358,0.1906,0.1123
GlcNAc(b1-2)Man(a1-3/6)[GlcNAc(b1-2/4/6)[GlcNAc(b1-2/4/6)]Man(a1-3/6)]Man(b1-4)GlcNAc(b1-4)[Fuc(a1-6)]GlcNAc,0.1356,0.1689,0.1231,0.1407,0.1542,0.2070,0.1702,0.1556
Neu5Ac(a2-3/6)Gal(b1-3/4)GlcNAc(b1-2)Man(a1-3/6)[GlcNAc(b1-2)Man(a1-3/6)]Man(b1-4)GlcNAc(b1-4)[Fuc(a1-6)]GlcNAc,0.0058,0.0398,0.0591,0.0491,0.0436,0.0370,0.0205,0.0084
Neu5Ac(a2-3/6)Gal(b1-3/4)GlcNAc(b1-2)Man(a1-3/6)[GlcNAc(b1-2)Man(a1-3/6)]Man(b1-4)GlcNAc(b1-4)[Fuc(a1-6)]GlcNAc,0.1685,0.1298,0.1444,0.1463,0.1235,0.1665,0.2306,0.1070
{Man(a1-2)}Man(a1-2)Man(a1-3/6)[Man(a1-3/6)]Man(a1-6)[Man(a1-2)Man(a1-3)]Man(b1-4)GlcNAc(b1-4)GlcNAc,5.2539,6.0883,5.5095,4.2336,4.3616,4.8839,5.2223,4.4725
Neu5Ac(a2-3)Gal(b1-3/4)GlcNAc(b1-2)Man(a1-3/6)[Man(a1-3/6)]Man(b1-4)GlcNAc(b1-4)GlcNAc,0.0881,0.1063,0.1112,0.0962,0.1463,0.1186,0.0892,0.1305
Neu5Ac(a2-6)Gal(b1-3/4)GlcNAc(b1-2)Man(a1-3/6)[Man(a1-3/6)]Man(b1-4)GlcNAc(b1-4)GlcNAc,0.0437,0.0325,0.0533,0.0426,0.0373,0.0190,0.0127,0.0611
Fuc(a1-3/4)[Gal(b1-3/4)]GlcNAc(b1-2)Man(a1-3/6)[Man(a1-3/6)]Man(b1-4)GlcNAc(b1-4)[Fuc(a1-6)]GlcNAc,0.3082,0.2569,0.2919,0.2594,0.2228,0.2323,0.2775,0.1655
Gal(b1-3/4)GlcNAc(b1-2)Man(a1-3/6)[Man(a1-3/6)]Man(b1-4)GlcNAc(b1-4)GlcNAc,0.0212,0.0068,0.0180,0.0390,0.0342,0.0257,0.0566,0.0052
Fuc(a1-3/4)[Gal(b1-3/4)]GlcNAc(b1-2)Man(a1-3/6)[Man(a1-3/6)]Man(b1-4)GlcNAc(b1-4)GlcNAc,0.4524,0.5162,0.4391,0.6042,0.5896,0.4682,0.4832,0.4670
Fuc(a1-3/4)[Gal(b1-3/4)]GlcNAc(b1-2)Man(a1-3)[GlcNAc(b1-2)Man(a1-6)]Man(b1-4)GlcNAc(b1-4)[Fuc(a1-6)]GlcNAc,2.2161,2.4509,1.9966,1.9465,1.7795,2.1173,1.9082,2.1238
Fuc(a1-3/4)[Gal(b1-3/4)]GlcNAc(b1-2)Man(a1-3)[GlcNAc(b1-2)Man(a1-6)]Man(b1-4)GlcNAc(b1-4)[Fuc(a1-6)]GlcNAc,0.0700,0.1066,0.1104,0.0667,0.0645,0.0920,0.0816,0.0643
Fuc(a1-3/4)[Gal(b1-3/4)]GlcNAc(b1-2)Man(a1-3)[GlcNAc(b1-2)Man(a1-6)]Man(b1-4)GlcNAc(b1-4)[Fuc(a1-6)]GlcNAc,0.1344,0.1011,0.0887,0.1080,0.0613,0.1305,0.1333,0.0629
GlcNAc(b1-2)Man(a1-3/6)[GlcNAc(b1-4)][Man(a1-3/6)]Man(b1-4)GlcNAc(b1-4)[Fuc(a1-6)]GlcNAc,0.6997,0.5240,0.5955,1.0140,1.2863,0.8108,0.7778,0.6859
Fuc(a1-3/4)[Gal(b1-3/4)]GlcNAc(b1-2)Man(a1-3/6)[GlcNAc(b1-4)][Man(a1-3/6)]Man(b1-4)GlcNAc(b1-4)GlcNAc,0.2343,0.2184,0.1811,0.3596,0.1766,0.1234,0.2092,0.2753
Gal(b1-3/4)GlcNAc(b1-2)Man(a1-3/6)[GlcNAc(b1-4)][Man(a1-3/6)]Man(b1-4)GlcNAc(b1-4)[Fuc(a1-6)]GlcNAc,0.5721,0.4775,0.5746,0.3869,0.5380,0.5458,0.5057,0.4411
Gal(b1-3/4)GlcNAc(b1-2)Man(a1-3/6)[GlcNAc(b1-4)][Man(a1-3/6)]Man(b1-4)GlcNAc(b1-4)GlcNAc,0.1362,0.1452,0.1239,0.0883,0.0958,0.1074,0.1996,0.1155
Fuc(a1-3/4)[Gal(b1-3/4)]GlcNAc(b1-2)Man(a1-3)[GlcNAc(b1-2)Man(a1-6)][GlcNAc(b1-4)]Man(b1-4)GlcNAc(b1-4)GlcNAc,0.2558,0.2639,0.1813,0.3204,0.2046,0.1722,0.2404,0.2390
Gal(b1-3/4)GlcNAc(b1-2)Man(a1-3/6)[GlcNAc(b1-2)Man(a1-3/6)][GlcNAc(b1-4)]Man(b1-4)GlcNAc(b1-4)[Fuc(a1-6)]GlcNAc,0.2744,0.2564,0.2942,0.2501,0.2708,0.3007,0.2043,0.1321
Gal(b1-3/4)GlcNAc(b1-2)Man(a1-3/6)[GlcNAc(b1-2)Man(a1-3/6)][GlcNAc(b1-4)]Man(b1-4)GlcNAc(b1-4)[Fuc(a1-6)]GlcNAc,0.1058,0.1279,0.0853,0.1149,0.0786,0.1526,0.1399,0.1142
Fuc(a1-3/4)[Gal(b1-3/4)]GlcNAc(b1-2/4/6)[GlcNAc(b1-2/4/6)]Man(a1-3/6)[GlcNAc(b1-2)Man(a1-3/6)]Man(b1-4)GlcNAc(b1-4)GlcNAc,0.0268,0.0332,0.0682,0.0251,0.0272,0.0655,0.0553,0.0360
Neu5Ac(a2-3/6)Gal(b1-3/4)[Fuc(a1-3/4)]GlcNAc(b1-2)Man(a1-3)[GlcNAc(b1-2)Man(a1-6)]Man(b1-4)GlcNAc(b1-4)[Fuc(a1-6)]GlcNAc,0.2893,0.3592,0.3003,0.2817,0.3189,0.3068,0.3246,0.3136
Neu5Ac(a2-3/6)Gal(b1-3/4)GlcNAc(b1-2)Man(a1-3/6)[Gal(b1-3/4)GlcNAc(b1-2)Man(a1-3/6)]Man(b1-4)GlcNAc(b1-4)[Fuc(a1-6)]GlcNAc,0.0314,0.0605,0.1200,0.0882,0.0614,0.0452,0.0820,0.0311
Neu5Ac(a2-3/6)Gal(b1-3/4)GlcNAc(b1-2)Man(a1-3/6)[Man(a1-3/6)]Man(b1-4)GlcNAc(b1-4)[Fuc(a1-6)]GlcNAc,0.3336,0.3275,0.4329,0.3657,0.3560,0.2953,0.2933,0.2694
Neu5Ac(a2-3/6)Gal(b1-3/4)GlcNAc(b1-2)Man(a1-3/6)[Man(a1-3/6)]Man(b1-4)GlcNAc(b1-4)[Fuc(a1-6)]GlcNAc,0.0803,0.0695,0.1139,0.0827,0.0752,0.1167,0.0837,0.0989
Neu5Ac(a2-3/6)Gal(b1-3/4)GlcNAc(b1-2)Man(a1-3/6)[Man(a1-3/6)]Man(b1-4)GlcNAc(b1-4)[Fuc(a1-6)]GlcNAc,0.1130,0.1414,0.1384,0.1252,0.0928,0.1238,0.1509,0.1401
Man(a1-2)Man(a1-2)Man(a1-3)[Man(a1-2)Man(a1-3)[Man(a1-2)Man(a1-6)]Man(a1-6)]Man(b1-4)GlcNAc(b1-4)GlcNAc,3.4709,3.5124,2.8911,5.2184,5.1689,4.3526,4.2797,4.1801
Neu5Ac(a2-6)Gal(b1-3/4)GlcNAc(b1-2)Man(a1-3/6)[Man(a1-3/6)]Man(b1-4)GlcNAc(b1-4)GlcNAc,0.0256,0.0387,0.0374,0.0263,0.0252,0.0467,0.0486,0.0584
Fuc(a1-3/4)[Gal(b1-3/4)]GlcNAc(b1-2)Man(a1-3/6)[Man(a1-3/6)]Man(b1-4)GlcNAc(b1-4)[Fuc(a1-6)]GlcNAc,0.2829,0.4205,0.3867,0.3163,0.3590,0.3277,0.3586,0.2896
Neu5Ac(a2-3/6)Gal(b1-3/4)GlcNAc(b1-2)Man(a1-3/6)[GlcNAc(b1-2)Man(a1-3/6)]Man(b1-4)GlcNAc(b1-4)[Fuc(a1-6)]GlcNAc,0.3152,0.3489,0.3458,0.2908,0.2444,0.3262,0.2269,0.2801
Neu5Ac(a2-3/6)Gal(b1-3/4)GlcNAc(b1-2)Man(a1-3/6)[GlcNAc(b1-2)Man(a1-3/6)]Man(b1-4)GlcNAc(b1-4)[Fuc(a1-6)]GlcNAc,0.0754,0.0601,0.0520,0.0558,0.0771,0.0595,0.0618,0.1042
Neu5Ac(a2-3/6)Gal(b1-3/4)GlcNAc(b1-2)Man(a1-3/6)[GlcNAc(b1-2)Man(a1-3/6)]Man(b1-4)GlcNAc(b1-4)[Fuc(a1-6)]GlcNAc,0.0512,0.0747,0.0865,0.0723,0.0714,0.0759,0.0447,0.0360
Neu5Ac(a2-3/6)Gal(b1-3/4)GlcNAc(b1-2)Man(a1-3/6)[GlcNAc(b1-2)Man(a1-3/6)]Man(b1-4)GlcNAc(b1-4)[Fuc(a1-6)]GlcNAc,0.1729,0.1719,0.1632,0.1646,0.1494,0.2065,0.1676,0.1251
Neu5Ac(a2-3/6)Gal(b1-3/4)GlcNAc(b1-2)Man(a1-3/6)[GlcNAc(b1-2)Man(a1-3/6)]Man(b1-4)GlcNAc(b1-4)[Fuc(a1-6)]GlcNAc,0.1405,0.0943,0.1027,0.1265,0.1451,0.1338,0.0622,0.0998
Neu5Ac(a2-3/6)Gal(b1-3/4)GlcNAc(b1-2)Man(a1-3/6)[GlcNAc(b1-2)Man(a1-3/6)]Man(b1-4)GlcNAc(b1-4)[Fuc(a1-6)]GlcNAc,0.0357,0.0363,0.0659,0.0379,0.0477,0.0104,0.0626,0.0421
Fuc(a1-3/4)[Gal(b1-3/4)]GlcNAc(b1-2)Man(a1-3/6)[GlcNAc(b1-4)][Man(a1-3/6)]Man(b1-4)GlcNAc(b1-4)[Fuc(a1-6)]GlcNAc,1.0620,0.9054,1.2398,1.2992,1.4071,1.1722,1.1459,1.1972
Gal(b1-3/4)GlcNAc(b1-2)Man(a1-3)[Gal(b1-3/4)GlcNAc(b1-2)Man(a1-6)]Man(b1-4)GlcNAc(b1-4)GlcNAc,0.0704,0.0545,0.0872,0.0969,0.0594,0.0651,0.0942,0.0753
Fuc(a1-3/4)[Gal(b1-3/4)]GlcNAc(b1-2)Man(a1-3/6)[GlcNAc(b1-4)][Man(a1-3/6)]Man(b1-4)GlcNAc(b1-4)GlcNAc,0.5482,0.2826,0.3706,0.3679,0.3571,0.3283,0.4968,0.4183
Fuc(a1-3/4)[Gal(b1-3/4)]GlcNAc(b1-2)Man(a1-3)[GlcNAc(b1-2)Man(a1-6)][GlcNAc(b1-4)]Man(b1-4)GlcNAc(b1-4)[Fuc(a1-6)]GlcNAc,1.4529,1.7291,1.5706,1.9308,2.2046,1.6686,1.5873,1.7432
Fuc(a1-3/4)[Gal(b1-3/4)]GlcNAc(b1-2)Man(a1-3)[GlcNAc(b1-2)Man(a1-6)][GlcNAc(b1-4)]Man(b1-4)GlcNAc(b1-4)[Fuc(a1-6)]GlcNAc,0.2271,0.2608,0.1727,0.2311,0.2294,0.3324,0.2621,0.1557
Neu5Ac(a2-3/6)Gal(b1-3/4)[Fuc(a1-3/4)][Neu5Ac(a2-3/6)]GlcNAc(b1-2)Man(a1-3/6)[Neu5Ac(a2-3/6)GlcNAc(b1-2)Man(a1-3/6)]Man(b1-4)GlcNAc(b1-4)[Fuc(a1-6)]GlcNAc,0.1067,0.1100,0.1453,0.0821,0.1127,0.1144,0.0967,0.1575
Neu5Ac(a2-3/6)Gal(b1-4)GlcNAc(b1-2/4/6)[GlcNAc(b1-2/4/6)]Man(a1-3/6)[GlcNAc(b1-2)[GlcNAc(b1-4/6)]Man(a1-3/6)]Man(b1-4)GlcNAc(b1-4)[Fuc(a1-6)]GlcNAc,0.0149,0.0420,0.0737,0.0749,0.0481,0.0208,0.0808,0.0367
Fuc(a1-3/4)[Gal(b1-3/4)]GlcNAc(b1-2/4/6)[GlcNAc(b1-2/4/6)]Man(a1-3/6)[GlcNAc(b1-2)Man(a1-3/6)][GlcNAc(b1-4)]Man(b1-4)GlcNAc(b1-4)GlcNAc,0.0289,0.0891,0.0803,0.0587,0.0444,0.0637,0.0449,0.0476
Gal(b1-3/4)GlcNAc(b1-2/4/6)[GlcNAc(b1-2/4/6)]Man(a1-3/6)[GlcNAc(b1-2)Man(a1-3/6)][GlcNAc(b1-4)]Man(b1-4)GlcNAc(b1-4)[Fuc(a1-6)]GlcNAc,0.0341,0.0431,0.0446,0.0555,0.0491,0.0597,0.0740,0.0236
Neu5Ac(a2-3/6)Gal(b1-3/4)GlcNAc(b1-2)Man(a1-3/6)[Man(a1-3/6)]Man(b1-4)GlcNAc(b1-4)[Fuc(a1-6)]GlcNAc,0.2193,0.1929,0.2078,0.2327,0.2617,0.1472,0.1619,0.1387
Neu5Ac(a2-3/6)Gal(b1-3/4)GlcNAc(b1-2)Man(a1-3/6)[Man(a1-3/6)]Man(b1-4)GlcNAc(b1-4)[Fuc(a1-6)]GlcNAc,0.0901,0.0859,0.0997,0.1405,0.1331,0.0694,0.0602,0.0698
Neu5Ac(a2-3/6)Gal(b1-3/4)GlcNAc(b1-2)Man(a1-3/6)[Man(a1-3/6)]Man(b1-4)GlcNAc(b1-4)[Fuc(a1-6)]GlcNAc,0.0937,0.0875,0.0884,0.0874,0.0654,0.0983,0.1373,0.0809
Glc(a1-3)Man(a1-2)Man(a1-2)Man(a1-3)[Man(a1-2)Man(a1-3)[Man(a1-2)Man(a1-6)]Man(a1-6)]Man(b1-4)GlcNAc(b1-4)GlcNAc,0.2307,0.2408,0.3276,0.2617,0.2622,0.3113,0.2377,0.2574
Neu5Ac(a2-3/6)Gal(b1-3/4)[Fuc(a1-3/4)]GlcNAc(b1-2)Man(a1-3/6)[Gal(b1-3/4)GlcNAc(b1-2)Man(a1-3/6)]Man(b1-4)GlcNAc(b1-4)GlcNAc,0.0146,0.0356,0.0395,0.0321,0.0542,0.0082,0.0352,0.0116
Neu5Ac(a2-3/6)Gal(b1-3/4)GlcNAc(b1-2)Man(a1-3/6)[GlcNAc(b1-4)][Man(a1-3/6)]Man(b1-4)GlcNAc(b1-4)[Fuc(a1-6)]GlcNAc,0.1297,0.1236,0.1227,0.1875,0.1631,0.1163,0.1458,0.1315
Neu5Ac(a2-3/6)Gal(b1-3/4)GlcNAc(b1-2)Man(a1-3/6)[Gal(b1-3/4)GlcNAc(b1-2)Man(a1-3/6)]Man(b1-4)GlcNAc(b1-4)[Fuc(a1-6)]GlcNAc,0.0375,0.0566,0.0458,0.0290,0.0643,0.0590,0.0054,0.0408
Fuc(a1-3/4)[Gal(b1-3/4)]GlcNAc(b1-2)Man(a1-3/6)[GlcNAc(b1-4)][Man(a1-3/6)]Man(b1-4)GlcNAc(b1-4)[Fuc(a1-6)]GlcNAc,0.4209,0.4829,0.4671,0.4315,0.5430,0.3642,0.5247,0.5616
Man(a1-3)[Man(a1-6)]Man(b1-4)GlcNAc(b1-4)[Fuc(a1-6)]GlcNAc,2.3908,2.4921,2.3507,2.4564,2.4390,2.7579,2.4992,2.5442
Neu5Ac(a2-3/6)Gal(b1-3/4)GlcNAc(b1-2)Man(a1-3/6)[GlcNAc(b1-2)Man(a1-3/6)][GlcNAc(b1-4)]Man(b1-4)GlcNAc(b1-4)[Fuc(a1-6)]GlcNAc,0.3193,0.2792,0.2746,0.3143,0.2832,0.2108,0.2897,0.2663
Neu5Ac(a2-3/6)Gal(b1-3/4)GlcNAc(b1-2/4/6)[GlcNAc(b1-2/4/6)]Man(a1-3/6)[GlcNAc(b1-2)Man(a1-3/6)]Man(b1-4)GlcNAc(b1-4)[Fuc(a1-6)]GlcNAc,0.1174,0.0734,0.0745,0.0777,0.0824,0.1064,0.0328,0.0738
Neu5Ac(a2-3/6)Gal(b1-3/4)GlcNAc(b1-2)Man(a1-3/6)[GlcNAc(b1-2)Man(a1-3/6)][GlcNAc(b1-4)]Man(b1-4)GlcNAc(b1-4)[Fuc(a1-6)]GlcNAc,0.1335,0.1451,0.1197,0.1124,0.1551,0.1359,0.0900,0.0859
Neu5Ac(a2-3/6)Gal(b1-3/4)GlcNAc(b1-2)Man(a1-3/6)[GlcNAc(b1-2)Man(a1-3/6)][GlcNAc(b1-4)]Man(b1-4)GlcNAc(b1-4)[Fuc(a1-6)]GlcNAc,0.0558,0.0491,0.0547,0.0758,0.0608,0.0469,0.0819,0.0529
Neu5Ac(a2-3/6)Gal(b1-3/4)GlcNAc(b1-2/4/6)[GlcNAc(b1-2/4/6)]Man(a1-3/6)[GlcNAc(b1-2)Man(a1-3/6)]Man(b1-4)GlcNAc(b1-4)[Fuc(a1-6)]GlcNAc,0.1145,0.1506,0.0869,0.0984,0.1202,0.1476,0.0787,0.1109
Man(a1-2/3/6)Man(a1-3/6)[Man(a1-3/6)]Man(b1-4)GlcNAc(b1-4)GlcNAc,0.2634,0.2901,0.2574,0.5040,0.4761,0.4891,0.4079,0.3924
Man(a1-2/3/6)Man(a1-3/6)[Man(a1-3/6)]Man(b1-4)GlcNAc(b1-4)GlcNAc,0.2744,0.2885,0.2799,0.1916,0.2378,0.2979,0.2286,0.1824
Neu5Ac(a2-3/6)Gal(b1-3/4)GlcNAc(b1-2)Man(a1-3/6)[Neu5Ac(a2-3/6)Man(a1-3/6)]Man(b1-4)GlcNAc(b1-4)[Fuc(a1-6)]GlcNAc,0.2596,0.2412,0.3163,0.2800,0.1917,0.2618,0.2351,0.1825
Fuc(a1-3/4)[Gal(b1-3/4)]GlcNAc(b1-2/4/6)[GlcNAc(b1-2/4/6)]Man(a1-3)[GlcNAc(b1-2)[GlcNAc(b1-4/6)]Man(a1-6)]Man(b1-4)GlcNAc(b1-4)[Fuc(a1-6)]GlcNAc,0.2199,0.3419,0.2942,0.1800,0.1977,0.2631,0.3287,0.2284
Neu5Ac(a2-3/6)Gal(b1-3/4)GlcNAc(b1-2)Man(a1-3/6)[Neu5Ac(a2-3/6)GlcNAc(b1-2)Man(a1-3/6)]Man(b1-4)GlcNAc(b1-4)[Fuc(a1-6)]GlcNAc,0.2508,0.2468,0.2589,0.2743,0.3286,0.2361,0.3540,0.2762
Neu5Ac(a2-3/6)Gal(b1-3/4)GlcNAc(b1-2)Man(a1-3/6)[Neu5Ac(a2-3/6)GlcNAc(b1-2)Man(a1-3/6)]Man(b1-4)GlcNAc(b1-4)[Fuc(a1-6)]GlcNAc,0.0357,0.0137,0.0299,0.0282,0.0479,0.0185,0.0535,0.0304
Neu5Ac(a2-3/6)Gal(b1-3/4)[Fuc(a1-3/4)]GlcNAc(b1-2)Man(a1-3/6)[Gal(b1-3/4)GlcNAc(b1-2)Man(a1-3/6)]Man(b1-4)GlcNAc(b1-4)[Fuc(a1-6)]GlcNAc,0.0735,0.0783,0.0588,0.0663,0.1276,0.0901,0.0745,0.0792
Neu5Ac(a2-3/6)Gal(b1-3/4)[Fuc(a1-3/4)]GlcNAc(b1-2)Man(a1-3/6)[Gal(b1-3/4)GlcNAc(b1-2)Man(a1-3/6)]Man(b1-4)GlcNAc(b1-4)[Fuc(a1-6)]GlcNAc,0.1484,0.1608,0.1399,0.1895,0.1547,0.1502,0.0927,0.0944
Neu5Ac(a2-3/6)Gal(b1-3/4)[Fuc(a1-3/4)]GlcNAc(b1-2)Man(a1-3/6)[Gal(b1-3/4)GlcNAc(b1-2)Man(a1-3/6)]Man(b1-4)GlcNAc(b1-4)[Fuc(a1-6)]GlcNAc,0.0990,0.1751,0.1403,0.1289,0.1169,0.0944,0.1308,0.0989
Neu5Ac(a2-3/6)Gal(b1-3/4)[Fuc(a1-3/4)]GlcNAc(b1-2)Man(a1-3/6)[Gal(b1-3/4)GlcNAc(b1-2)Man(a1-3/6)]Man(b1-4)GlcNAc(b1-4)[Fuc(a1-6)]GlcNAc,0.1125,0.0851,0.1372,0.0888,0.0995,0.0982,0.0793,0.0886
Gal(b1-3/4)GlcNAc(b1-2)Man(a1-3)[Gal(b1-3/4)GlcNAc(b1-2)Man(a1-6)]Man(b1-4)GlcNAc(b1-4)GlcNAc,0.3159,0.3538,0.3424,0.4706,0.4313,0.3066,0.2207,0.3607
Gal(b1-3/4)GlcNAc(b1-2)Man(a1-3)[Gal(b1-3/4)GlcNAc(b1-2)Man(a1-6)]Man(b1-4)GlcNAc(b1-4)GlcNAc,0.7549,0.9076,0.7575,1.2300,1.4217,0.7893,0.8175,0.8550
Fuc(a1-3/4)[Gal(b1-3/4)]GlcNAc(b1-2)Man(a1-3/6)[Fuc(a1-3/4)[Gal(b1-3/4)]GlcNAc(b1-2/4/6)[GlcNAc(b1-2/4/6)]Man(a1-3/6)]Man(b1-4)GlcNAc(b1-4)[Fuc(a1-6)]GlcNAc,0.1091,0.0844,0.0696,0.1094,0.0655,0.0699,0.0492,0.1187
Fuc(a1-3/4)[Gal(b1-3/4)]GlcNAc(b1-2)Man(a1-3/6)[Fuc(a1-3/4)[Gal(b1-3/4)]GlcNAc(b1-2)Man(a1-3/6)][GlcNAc(b1-4)]Man(b1-4)GlcNAc(b1-4)[Fuc(a1-6)]GlcNAc,0.2234,0.2930,0.2629,0.1711,0.1997,0.2068,0.2495,0.2242
Neu5Ac(a2-3/6)Gal(b1-3/4)GlcNAc(b1-2/4/6)[GlcNAc(b1-2/4/6)]Man(a1-3/6)[GlcNAc(b1-2)[GlcNAc(b1-46)]Man(a1-3/6)]Man(b1-4)GlcNAc(b1-4)[Fuc(a1-6)]GlcNAc,0.2286,0.2616,0.2097,0.2555,0.2548,0.2648,0.3131,0.3026
Neu5Ac(a2-3/6)Gal(b1-3/4)GlcNAc(b1-2/4/6)[GlcNAc(b1-2/4/6)]Man(a1-3/6)[GlcNAc(b1-2)[GlcNAc(b1-46)]Man(a1-3/6)]Man(b1-4)GlcNAc(b1-4)[Fuc(a1-6)]GlcNAc,0.2105,0.1784,0.1998,0.1831,0.1787,0.1516,0.1975,0.1295
Neu5Ac(a2-3/6)Gal(b1-3/4)GlcNAc(b1-2/4/6)[GlcNAc(b1-2/4/6)]Man(a1-3/6)[GlcNAc(b1-2)[GlcNAc(b1-46)]Man(a1-3/6)]Man(b1-4)GlcNAc(b1-4)[Fuc(a1-6)]GlcNAc,0.0262,0.0157,0.0239,0.0393,0.0257,0.0197,0.0135,0.0384
Neu5Ac(a2-3/6)Gal(b1-3/4)GlcNAc(b1-2)Man(a1-3/6)[Neu5Ac(a2-3/6)Man(a1-3/6)]Man(b1-4)GlcNAc(b1-4)[Fuc(a1-6)]GlcNAc,0.1847,0.1524,0.1826,0.2021,0.1813,0.1622,0.1845,0.1618
Neu5Ac(a2-3)Gal(b1-3/4)GlcNAc(b1-2)Man(a1-3)[Neu5Ac(a2-3)Gal(b1-3/4)GlcNAc(b1-2)Man(a1-6)]Man(b1-4)GlcNAc(b1-4)[Fuc(a1-6)]GlcNAc,0.2541,0.2837,0.2530,0.2927,0.1898,0.2326,0.2647,0.2391
Neu5Ac(a2-3)Gal(b1-3/4)GlcNAc(b1-2)Man(a1-3/6)[Neu5Ac(a2-6)Gal(b1-3/4)GlcNAc(b1-2)Man(a1-3/6)]Man(b1-4)GlcNAc(b1-4)[Fuc(a1-6)]GlcNAc,0.1545,0.1153,0.1432,0.1835,0.1632,0.0937,0.1367,0.0680
Neu5Ac(a2-6)Gal(b1-3/4)GlcNAc(b1-2)Man(a1-3)[Neu5Ac(a2-6)Gal(b1-3/4)GlcNAc(b1-2)Man(a1-6)]Man(b1-4)GlcNAc(b1-4)[Fuc(a1-6)]GlcNAc,0.0696,0.0450,0.0707,0.0862,0.1029,0.1273,0.0686,0.0619
Neu5Ac(a2-3)Gal(b1-3/4)[Fuc(a1-3/4)]GlcNAc(b1-2)Man(a1-3/6)[Neu5Ac(a2-6)Gal(b1-3/4)GlcNAc(b1-2)Man(a1-3/6)]Man(b1-4)GlcNAc(b1-4)GlcNAc,0.0908,0.0519,0.0639,0.0908,0.0528,0.1175,0.1063,0.0591
Neu5Ac(a2-3/6)Gal(b1-3/4)GlcNAc(b1-2)Man(a1-3/6)[Gal(b1-3/4)GlcNAc(b1-2)Man(a1-3/6)]Man(b1-4)GlcNAc(b1-4)[Fuc(a1-6)]GlcNAc,0.0666,0.0830,0.0574,0.0602,0.0689,0.0360,0.0613,0.0585
Neu5Ac(a2-3/6)Gal(b1-3/4)GlcNAc(b1-2)Man(a1-3/6)[Gal(b1-3/4)GlcNAc(b1-2)Man(a1-3/6)]Man(b1-4)GlcNAc(b1-4)[Fuc(a1-6)]GlcNAc,0.0298,0.0352,0.0399,0.0153,0.0404,0.0449,0.0568,0.0086
Neu5Ac(a2-3/6)Gal(b1-3/4)GlcNAc(b1-2)Man(a1-3/6)[Gal(b1-3/4)GlcNAc(b1-2)Man(a1-3/6)]Man(b1-4)GlcNAc(b1-4)[Fuc(a1-6)]GlcNAc,0.0207,0.0268,0.0475,0.0434,0.0381,0.0171,0.1018,0.0293
Gal(b1-3/4)GlcNAc(b1-2)Man(a1-3)[Gal(b1-3/4)GlcNAc(b1-2)Man(a1-6)]Man(b1-4)GlcNAc(b1-4)[Fuc(a1-6)]GlcNAc,0.0359,0.0135,0.0272,0.0410,0.0916,0.0323,0.0649,0.0393
Gal(b1-3/4)GlcNAc(b1-2)Man(a1-3)[Gal(b1-3/4)GlcNAc(b1-2)Man(a1-6)]Man(b1-4)GlcNAc(b1-4)[Fuc(a1-6)]GlcNAc,0.0802,0.0773,0.0601,0.1221,0.2021,0.1021,0.1189,0.1058
Gal(b1-3/4)GlcNAc(b1-2)Man(a1-3)[Gal(b1-3/4)GlcNAc(b1-2)Man(a1-6)]Man(b1-4)GlcNAc(b1-4)[Fuc(a1-6)]GlcNAc,0.0352,0.0149,0.0194,0.0215,0.0314,0.0162,0.0326,0.0579
Neu5Ac(a2-3/6)Gal(b1-3/4)[Fuc(a1-3/4)]GlcNAc(b1-2/4/6)[GlcNAc(b1-2/4/6)]Man(a1-3/6)[Gal(b1-3/4)GlcNAc(b1-2)Man(a1-3/6)]Man(b1-4)GlcNAc(b1-4)[Fuc(a1-6)]GlcNAc,0.0984,0.0646,0.0873,0.0921,0.0799,0.1089,0.0518,0.0617
Neu5Ac(a2-3/6)Gal(b1-3/4)[Fuc(a1-3/4)]GlcNAc(b1-2/4/6)[GlcNAc(b1-2/4/6)]Man(a1-3/6)[Gal(b1-3/4)GlcNAc(b1-2)Man(a1-3/6)]Man(b1-4)GlcNAc(b1-4)[Fuc(a1-6)]GlcNAc,0.0490,0.0673,0.0605,0.0822,0.0605,0.0995,0.0695,0.0549
Neu5Ac(a2-3/6)Gal(b1-3/4)[Fuc(a1-3/4)]GlcNAc(b1-2/4/6)[GlcNAc(b1-2/4/6)]Man(a1-3/6)[Gal(b1-3/4)GlcNAc(b1-2)Man(a1-3/6)]Man(b1-4)GlcNAc(b1-4)[Fuc(a1-6)]GlcNAc,0.0270,0.0159,0.0337,0.0362,0.0452,0.0270,0.0073,0.0573
Neu5Ac(a2-3/6)Gal(b1-3/4)[Fuc(a1-3/4)]GlcNAc(b1-2/4/6)[GlcNAc(b1-2/4/6)]Man(a1-3/6)[Gal(b1-3/4)GlcNAc(b1-2)Man(a1-3/6)]Man(b1-4)GlcNAc(b1-4)[Fuc(a1-6)]GlcNAc,0.0491,0.0559,0.0451,0.0533,0.0540,0.0470,0.0131,0.0981
Man(a1-2/3/6)Man(a1-3/6)[Man(a1-3/6)]Man(b1-4)GlcNAc(b1-4)[Fuc(a1-6)]GlcNAc,0.4712,0.4175,0.3819,0.4010,0.4056,0.4437,0.3083,0.4528
Neu5Ac(a2-3/6)Gal(b1-3/4)[Neu5Ac(a2-3/6)]GlcNAc(b1-2)Man(a1-3/6)[Neu5Ac(a2-3/6)Gal(b1-3/4)GlcNAc(b1-2)Man(a1-3/6)]Man(b1-4)GlcNAc(b1-4)[Fuc(a1-6)]GlcNAc,0.0609,0.0658,0.0658,0.0778,0.0572,0.0854,0.1278,0.0915
Neu5Ac(a2-3/6)Gal(b1-3/4)[Neu5Ac(a2-3/6)]GlcNAc(b1-2)Man(a1-3/6)[Neu5Ac(a2-3/6)Gal(b1-3/4)GlcNAc(b1-2)Man(a1-3/6)]Man(b1-4)GlcNAc(b1-4)[Fuc(a1-6)]GlcNAc,0.0735,0.0851,0.0786,0.0765,0.0797,0.0899,0.0512,0.0800
Neu5Ac(a2-3/6)Gal(b1-3/4)[Fuc(a1-3/4)]GlcNAc(b1-2)Man(a1-3/6)[Neu5Ac(a2-3/6)Gal(b1-3/4)GlcNAc(b1-2)Man(a1-3/6)]Man(b1-4)GlcNAc(b1-4)[Fuc(a1-6)]GlcNAc,0.0379,0.0576,0.0276,0.0324,0.0520,0.0839,0.0604,0.0424
GlcNAc(b1-2)Man(a1-3/6)[Man(a1-3/6)]Man(b1-4)GlcNAc(b1-4)[Fuc(a1-6)]GlcNAc,0.0629,0.0624,0.0607,0.0604,0.0598,0.0596,0.0503,0.0581
Man(a1-3)[GlcNAc(b1-4)][Man(a1-6)]Man(b1-4)GlcNAc(b1-4)[Fuc(a1-6)]GlcNAc,4.7429,4.4780,4.4485,3.2312,3.7429,3.9979,4.1793,4.3782
GlcNAc(b1-2)Man(a1-3/6)[Man(a1-3/6)]Man(b1-4)GlcNAc(b1-4)[Fuc(a1-6)]GlcNAc,0.5361,0.5127,0.4451,0.4379,0.4472,0.5969,0.4096,0.4663
Gal(b1-3/4)GlcNAc(b1-2)Man(a1-3)[Gal(b1-3/4)GlcNAc(b1-2)Man(a1-6)]Man(b1-4)GlcNAc(b1-4)GlcNAc,0.0154,0.0210,0.0323,0.0517,0.0585,0.0312,0.0619,0.0444
Gal(b1-3/4)GlcNAc(b1-2)Man(a1-3)[Gal(b1-3/4)GlcNAc(b1-2)Man(a1-6)]Man(b1-4)GlcNAc(b1-4)GlcNAc,0.0308,0.0239,0.0422,0.0480,0.0244,0.0618,0.0558,0.0446
Gal(b1-3/4)GlcNAc(b1-2)Man(a1-3)[Gal(b1-3/4)GlcNAc(b1-2)Man(a1-6)]Man(b1-4)GlcNAc(b1-4)GlcNAc,0.0636,0.0620,0.0695,0.1047,0.0638,0.0706,0.0430,0.0780
Neu5Ac(a2-3/6)Gal(b1-3/4)GlcNAc(b1-2/4/6)[GlcNAc(b1-2/4/6)]Man(a1-3/6)[Neu5Ac(a2-3/6)Gal(b1-3/4)GlcNAc(b1-2)Man(a1-3/6)]Man(b1-4)GlcNAc(b1-4)[Fuc(a1-6)]GlcNAc,0.0350,0.0388,0.0396,0.0469,0.0384,0.0297,0.0055,0.0008
Neu5Ac(a2-3/6)Gal(b1-3/4)GlcNAc(b1-2/4/6)[GlcNAc(b1-2/4/6)]Man(a1-3/6)[Neu5Ac(a2-3/6)Gal(b1-3/4)GlcNAc(b1-2)Man(a1-3/6)]Man(b1-4)GlcNAc(b1-4)[Fuc(a1-6)]GlcNAc,0.0687,0.0715,0.0321,0.0746,0.0719,0.0822,0.0793,0.0561
Neu5Ac(a2-3/6)Gal(b1-3/4)GlcNAc(b1-2/4/6)[GlcNAc(b1-2/4/6)]Man(a1-3/6)[Neu5Ac(a2-3/6)Gal(b1-3/4)GlcNAc(b1-2)Man(a1-3/6)]Man(b1-4)GlcNAc(b1-4)[Fuc(a1-6)]GlcNAc,0.0327,0.0273,0.0263,0.0385,0.0109,0.0346,0.0478,0.0088
Neu5Ac(a2-3/6)Gal(b1-3/4)GlcNAc(b1-2/4/6)[GlcNAc(b1-2/4/6)]Man(a1-3/6)[Neu5Ac(a2-3/6)Gal(b1-3/4)GlcNAc(b1-2)Man(a1-3/6)]Man(b1-4)GlcNAc(b1-4)[Fuc(a1-6)]GlcNAc,0.0521,0.0408,0.0465,0.0573,0.0451,0.0559,0.0323,0.0524
Neu5Ac(a2-3/6)Gal(b1-3/4)[Fuc(a1-3/4)]GlcNAc(b1-2/4/6)[GlcNAc(b1-2/4/6)]Man(a1-3/6)[Gal(b1-3/4)GlcNAc(b1-2/4/6)[GlcNAc(b1-2/4/6)]Man(a1-3/6)]Man(b1-4)GlcNAc(b1-4)[Fuc(a1-6)]GlcNAc,0.0554,0.0732,0.0714,0.0483,0.0653,0.0539,0.0279,0.0425
Neu5Ac(a2-3/6)Gal(b1-3/4)[Fuc(a1-3/4)]GlcNAc(b1-2/4/6)[GlcNAc(b1-2/4/6)]Man(a1-3/6)[Gal(b1-3/4)GlcNAc(b1-2/4/6)[GlcNAc(b1-2/4/6)]Man(a1-3/6)]Man(b1-4)GlcNAc(b1-4)[Fuc(a1-6)]GlcNAc,0.2592,0.3057,0.2718,0.3170,0.2202,0.3325,0.2518,0.3137
Neu5Ac(a2-3/6)Gal(b1-3/4)[Neu5Ac(a2-3/6)]GlcNAc(b1-2)Man(a1-3/6)[Neu5Ac(a2-3/6)Gal(b1-3/4)GlcNAc(b1-2)Man(a1-3/6)]Man(b1-4)GlcNAc(b1-4)[Fuc(a1-6)]GlcNAc,0.1038,0.0928,0.0744,0.1108,0.1070,0.0494,0.0676,0.0795
Neu5Ac(a2-3/6)Gal(b1-3/4)[Neu5Ac(a2-3/6)]GlcNAc(b1-2)Man(a1-3/6)[Neu5Ac(a2-3/6)Gal(b1-3/4)GlcNAc(b1-2)Man(a1-3/6)]Man(b1-4)GlcNAc(b1-4)[Fuc(a1-6)]GlcNAc,0.1120,0.1324,0.0613,0.1149,0.0878,0.1164,0.0854,0.1010
Neu5Ac(a2-3/6)Gal(b1-3/4)[Fuc(a1-3/4)]GlcNAc(b1-2/4/6)[GlcNAc(b1-2/4/6)]Man(a1-3/6)[Neu5Ac(a2-3/6)Gal(b1-3/4)GlcNAc(b1-2)Man(a1-3/6)]Man(b1-4)GlcNAc(b1-4)[Fuc(a1-6)]GlcNAc,0.0399,0.0338,0.0429,0.0499,0.0345,0.0693,0.0672,0.0282
Neu5Ac(a2-3/6)Gal(b1-3/4)[Fuc(a1-3/4)]GlcNAc(b1-2/4/6)[GlcNAc(b1-2/4/6)]Man(a1-3/6)[Neu5Ac(a2-3/6)Gal(b1-3/4)GlcNAc(b1-2)Man(a1-3/6)]Man(b1-4)GlcNAc(b1-4)[Fuc(a1-6)]GlcNAc,0.0415,0.0448,0.0808,0.0493,0.0127,0.0703,0.0703,0.0558
Neu5Ac(a2-3/6)Gal(b1-3/4)[Fuc(a1-3/4)]GlcNAc(b1-2/4/6)[Fuc(a1-3/4)[Gal(b1-3/4)]GlcNAc(b1-2/4/6)]Man(a1-3/6)[Gal(b1-3/4)GlcNAc(b1-2)Man(a1-3/6)]Man(b1-4)GlcNAc(b1-4)[Fuc(a1-6)]GlcNAc,0.0762,0.0908,0.1011,0.0897,0.0856,0.0588,0.0478,0.0755
Neu5Ac(a2-3/6)Gal(b1-3/4)[Fuc(a1-3/4)]GlcNAc(b1-2/4/6)[Fuc(a1-3/4)[Gal(b1-3/4)]GlcNAc(b1-2/4/6)]Man(a1-3/6)[Gal(b1-3/4)GlcNAc(b1-2)Man(a1-3/6)]Man(b1-4)GlcNAc(b1-4)[Fuc(a1-6)]GlcNAc,0.0647,0.0566,0.0619,0.0531,0.0574,0.0379,0.0423,0.0676
Neu5Ac(a2-3/6)Gal(b1-3/4)[Fuc(a1-3/4)]GlcNAc(b1-2/4/6)[Fuc(a1-3/4)[Gal(b1-3/4)]GlcNAc(b1-2/4/6)]Man(a1-3/6)[Gal(b1-3/4)GlcNAc(b1-2)Man(a1-3/6)]Man(b1-4)GlcNAc(b1-4)[Fuc(a1-6)]GlcNAc,0.2266,0.3355,0.2430,0.2504,0.2179,0.2663,0.2516,0.2489
Neu5Ac(a2-3/6)Gal(b1-3/4)[Fuc(a1-3/4)]GlcNAc(b1-2/4/6)[Fuc(a1-3/4)[Gal(b1-3/4)]GlcNAc(b1-2/4/6)]Man(a1-3/6)[Gal(b1-3/4)GlcNAc(b1-2)Man(a1-3/6)]Man(b1-4)GlcNAc(b1-4)[Fuc(a1-6)]GlcNAc,0.0365,0.0866,0.0523,0.0673,0.0513,0.0296,0.0694,0.0574
Neu5Ac(a2-3/6)Gal(b1-3/4)GlcNAc(b1-2/4/6)[GlcNAc(b1-2/4/6)]Man(a1-3)[Neu5Ac(a2-3/6)Gal(b1-3/4)GlcNAc(b1-2/4/6)[GlcNAc(b1-2/4/6)]Man(a1-6)]Man(b1-4)GlcNAc(b1-4)[Fuc(a1-6)]GlcNAc,0.0393,0.0441,0.0647,0.0664,0.0602,0.0644,0.0962,0.0772
Neu5Ac(a2-3/6)Gal(b1-3/4)GlcNAc(b1-2/4/6)[GlcNAc(b1-2/4/6)]Man(a1-3)[Neu5Ac(a2-3/6)Gal(b1-3/4)GlcNAc(b1-2/4/6)[GlcNAc(b1-2/4/6)]Man(a1-6)]Man(b1-4)GlcNAc(b1-4)[Fuc(a1-6)]GlcNAc,0.0358,0.0137,0.0614,0.0373,0.0683,0.0244,0.1373,0.0757
Neu5Ac(a2-3/6)Gal(b1-3/4)GlcNAc(b1-2/4/6)[GlcNAc(b1-2/4/6)]Man(a1-3)[Neu5Ac(a2-3/6)Gal(b1-3/4)GlcNAc(b1-2/4/6)[GlcNAc(b1-2/4/6)]Man(a1-6)]Man(b1-4)GlcNAc(b1-4)[Fuc(a1-6)]GlcNAc,0.0987,0.0921,0.0864,0.1032,0.1226,0.1417,0.0189,0.0940
Neu5Ac(a2-3/6)Gal(b1-3/4)[Fuc(a1-3/4)]GlcNAc(b1-2/4/6)[GlcNAc(b1-2/4/6)]Man(a1-3/6)[Gal(b1-3/4)GlcNAc(b1-2/4/6)[GlcNAc(b1-2/4/6)]Man(a1-3/6)]Man(b1-4)GlcNAc(b1-4)[Fuc(a1-6)]GlcNAc,0.0757,0.1011,0.0788,0.0825,0.0871,0.0766,0.0517,0.0616
Neu5Ac(a2-3/6)Gal(b1-3/4)[Fuc(a1-3/4)]GlcNAc(b1-2/4/6)[Fuc(a1-3/4)[Gal(b1-3/4)]GlcNAc(b1-2/4/6)]Man(a1-3/6)[Neu5Ac(a2-3/6)Gal(b1-3/4)GlcNAc(b1-2)Man(a1-3/6)]Man(b1-4)GlcNAc(b1-4)[Fuc(a1-6)]GlcNAc,0.2411,0.2944,0.2534,0.2513,0.2150,0.2167,0.2152,0.2562
Neu5Ac(a2-3/6)Gal(b1-3/4)[Fuc(a1-3/4)]GlcNAc(b1-2/4/6)[Fuc(a1-3/4)[Gal(b1-3/4)]GlcNAc(b1-2/4/6)]Man(a1-3/6)[Neu5Ac(a2-3/6)Gal(b1-3/4)GlcNAc(b1-2)Man(a1-3/6)]Man(b1-4)GlcNAc(b1-4)[Fuc(a1-6)]GlcNAc,0.1145,0.1613,0.1763,0.1536,0.1519,0.1656,0.0893,0.1404
Neu5Ac(a2-3/6)Gal(b1-3/4)[Fuc(a1-3/4)]GlcNAc(b1-2/4/6)[Fuc(a1-3/4)[Gal(b1-3/4)]GlcNAc(b1-2/4/6)]Man(a1-3/6)[Neu5Ac(a2-3/6)Gal(b1-3/4)GlcNAc(b1-2)Man(a1-3/6)]Man(b1-4)GlcNAc(b1-4)[Fuc(a1-6)]GlcNAc,0.1351,0.0834,0.1221,0.1344,0.0918,0.1380,0.1455,0.1192
Neu5Ac(a2-3/6)Gal(b1-3/4)[Fuc(a1-3/4)]GlcNAc(b1-2/4/6)[Fuc(a1-3/4)[Gal(b1-3/4)]GlcNAc(b1-2/4/6)]Man(a1-3/6)[Gal(b1-3/4)GlcNAc(b1-2/4/6)[GlcNAc(b1-2/4/6)]Man(a1-3/6)]Man(b1-4)GlcNAc(b1-4)[Fuc(a1-6)]GlcNAc,0.1098,0.1626,0.1498,0.1681,0.1677,0.1387,0.1391,0.1689
Neu5Ac(a2-3/6)Gal(b1-3/4)[Neu5Ac(a2-3/6)]GlcNAc(b1-2)Man(a1-3/6)[Neu5Ac(a2-3/6)Gal(b1-3/4)[Neu5Ac(a2-3/6)]GlcNAc(b1-2)Man(a1-3/6)]Man(b1-4)GlcNAc(b1-4)[Fuc(a1-6)]GlcNAc,0.1350,0.1194,0.1315,0.1521,0.1038,0.1353,0.1492,0.1281
Neu5Ac(a2-3/6)Gal(b1-3/4)GlcNAc(b1-2/4/6)[GlcNAc(b1-2/4/6)]Man(a1-3)[Neu5Ac(a2-3/6)Gal(b1-3/4)GlcNAc(b1-2/4/6)[GlcNAc(b1-2/4/6)]Man(a1-6)]Man(b1-4)GlcNAc(b1-4)[Fuc(a1-6)]GlcNAc,0.0691,0.0727,0.0721,0.0581,0.0732,0.1271,0.0832,0.0676
Neu5Ac(a2-3/6)Gal(b1-3/4)GlcNAc(b1-2)Man(a1-3/6)[Neu5Ac(a2-3/6)Gal(b1-3/4)GlcNAc(b1-2)[Neu5Ac(a2-3/6)Gal(b1-3/4)GlcNAc(b1-4/6)]Man(a1-3/6)]Man(b1-4)GlcNAc(b1-4)[Fuc(a1-6)]GlcNAc,0.2486,0.1912,0.2147,0.1768,0.1912,0.2198,0.2222,0.1178
Neu5Ac(a2-3/6)Gal(b1-3/4)[Fuc(a1-3/4)]GlcNAc(b1-2/4/6)[Gal(b1-3/4)GlcNAc(b1-2/4/6)]Man(a1-3/6)[Neu5Ac(a2-3/6)Gal(b1-3/4)GlcNAc(b1-2/4/6)[GlcNAc(b1-2/4/6)]Man(a1-3/6)]Man(b1-4)GlcNAc(b1-4)[Fuc(a1-6)]GlcNAc,0.0486,0.0502,0.0346,0.0393,0.0363,0.0661,0.0725,0.0690
Neu5Ac(a2-3/6)Gal(b1-3/4)[Fuc(a1-3/4)]GlcNAc(b1-2/4/6)[Gal(b1-3/4)GlcNAc(b1-2/4/6)]Man(a1-3/6)[Neu5Ac(a2-3/6)Gal(b1-3/4)GlcNAc(b1-2/4/6)[GlcNAc(b1-2/4/6)]Man(a1-3/6)]Man(b1-4)GlcNAc(b1-4)[Fuc(a1-6)]GlcNAc,0.0308,0.0346,0.0156,0.0314,0.0266,0.0339,0.0214,0.0609
Neu5Ac(a2-3/6)Gal(b1-3/4)[Fuc(a1-3/4)]GlcNAc(b1-2/4/6)[Gal(b1-3/4)GlcNAc(b1-2/4/6)]Man(a1-3/6)[Neu5Ac(a2-3/6)Gal(b1-3/4)GlcNAc(b1-2/4/6)[GlcNAc(b1-2/4/6)]Man(a1-3/6)]Man(b1-4)GlcNAc(b1-4)[Fuc(a1-6)]GlcNAc,0.0681,0.0608,0.0971,0.0655,0.0958,0.0813,0.0822,0.0627
Neu5Ac(a2-3/6)Gal(b1-3/4)[Fuc(a1-3/4)]GlcNAc(b1-2/4/6)[Gal(b1-3/4)GlcNAc(b1-2/4/6)]Man(a1-3/6)[Neu5Ac(a2-3/6)Gal(b1-3/4)GlcNAc(b1-2/4/6)[GlcNAc(b1-2/4/6)]Man(a1-3/6)]Man(b1-4)GlcNAc(b1-4)[Fuc(a1-6)]GlcNAc,0.1193,0.1027,0.1613,0.0869,0.1390,0.0922,0.1510,0.1161
Neu5Ac(a2-3/6)Gal(b1-3/4)[Fuc(a1-3/4)]GlcNAc(b1-2/4/6)[Fuc(a1-3/4)[Gal(b1-3/4)]GlcNAc(b1-2/4/6)]Man(a1-3/6)[Fuc(a1-3/4)[Gal(b1-3/4)]GlcNAc(b1-2/4/6)[GlcNAc(b1-2/4/6)]Man(a1-3/6)]Man(b1-4)GlcNAc(b1-4)GlcNAc,0.0863,0.0844,0.0743,0.0996,0.0565,0.0855,0.0858,0.0755
Neu5Ac(a2-3/6)Gal(b1-3/4)[Fuc(a1-3/4)]GlcNAc(b1-2/4/6)[Neu5Ac(a2-3/6)Gal(b1-3/4)GlcNAc(b1-2/4/6)]Man(a1-3/6)[Neu5Ac(a2-3/6)Gal(b1-3/4)GlcNAc(b1-2)Man(a1-3/6)]Man(b1-4)GlcNAc(b1-4)[Fuc(a1-6)]GlcNAc,0.1106,0.0891,0.0974,0.1412,0.0995,0.0889,0.0985,0.1016
Neu5Ac(a2-3/6)Gal(b1-3/4)GlcNAc(b1-2/4/6)[GlcNAc(b1-2/4/6)]Man(a1-3/6)[Neu5Ac(a2-3/6)Gal(b1-3/4)GlcNAc(b1-2)[Neu5Ac(a2-3/6)Gal(b1-3/4)GlcNAc(b1-4/6)]Man(a1-3/6)]Man(b1-4)GlcNAc(b1-4)[Fuc(a1-6)]GlcNAc,0.0644,0.0969,0.0687,0.0605,0.0907,0.1001,0.0871,0.0543
Neu5Ac(a2-3/6)Gal(b1-3/4)[Fuc(a1-3/4)]GlcNAc(b1-2/4/6)[Gal(b1-3/4)GlcNAc(b1-2/4/6)]Man(a1-3/6)[Neu5Ac(a2-3/6)Gal(b1-3/4)GlcNAc(b1-2/4/6)[GlcNAc(b1-2/4/6)]Man(a1-3/6)]Man(b1-4)GlcNAc(b1-4)[Fuc(a1-6)]GlcNAc,0.0743,0.1049,0.0879,0.1096,0.1226,0.0680,0.0630,0.0611
Neu5Ac(a2-3/6)Gal(b1-3/4)[Fuc(a1-3/4)]GlcNAc(b1-2/4/6)[Fuc(a1-3/4)[Gal(b1-3/4)]GlcNAc(b1-2/4/6)]Man(a1-3/6)[Neu5Ac(a2-3/6)Gal(b1-3/4)GlcNAc(b1-2/4/6)[Gal(b1-3/4)GlcNAc(b1-2/4/6)]Man(a1-3/6)]Man(b1-4)GlcNAc(b1-4)[Fuc(a1-6)]GlcNAc,0.1097,0.0813,0.1308,0.1217,0.1493,0.0860,0.1419,0.1070
Neu5Ac(a2-3/6)Gal(b1-3/4)[Fuc(a1-3/4)]GlcNAc(b1-2/4/6)[Fuc(a1-3/4)[Gal(b1-3/4)]GlcNAc(b1-2/4/6)]Man(a1-3/6)[Neu5Ac(a2-3/6)Gal(b1-3/4)GlcNAc(b1-2/4/6)[Gal(b1-3/4)GlcNAc(b1-2/4/6)]Man(a1-3/6)]Man(b1-4)GlcNAc(b1-4)[Fuc(a1-6)]GlcNAc,0.0499,0.0327,0.0293,0.0532,0.0532,0.0237,0.0531,0.0210
Neu5Ac(a2-3/6)Gal(b1-3/4)[Fuc(a1-3/4)]GlcNAc(b1-2/4/6)[Neu5Ac(a2-3/6)Gal(b1-3/4)GlcNAc(b1-2/4/6)]Man(a1-3/6)[Neu5Ac(a2-3/6)Gal(b1-3/4)GlcNAc(b1-2/4/6)[Gal(b1-3/4)GlcNAc(b1-2/4/6)]Man(a1-3/6)]Man(b1-4)GlcNAc(b1-4)[Fuc(a1-6)]GlcNAc,0.0598,0.0750,0.0779,0.1086,0.0914,0.0229,0.0470,0.0418
Neu5Ac(a2-3/6)Gal(b1-3/4)[Fuc(a1-3/4)]GlcNAc(b1-2/4/6)[Neu5Ac(a2-3/6)Gal(b1-3/4)GlcNAc(b1-2/4/6)]Man(a1-3/6)[Neu5Ac(a2-3/6)Gal(b1-3/4)GlcNAc(b1-2/4/6)[Gal(b1-3/4)GlcNAc(b1-2/4/6)]Man(a1-3/6)]Man(b1-4)GlcNAc(b1-4)[Fuc(a1-6)]GlcNAc,0.0392,0.1214,0.0988,0.0244,0.0499,0.0499,0.0854,0.0158
