glycan,WT_1,WT_2,WT_3,FUT8_KO_1,FUT8_KO_2,FUT8_KO_3
{Man(a1-2/3/6)}Man(a1-2/3/6)Man(a1-3/6)[Man(a1-3/6)]Man(b1-4)GlcNAc(b1-4)GlcNAc,0.628633339,0.556216845,0.575013917,0.707510418,0.753270029,0.815086956
{Man(a1-2)}{Man(a1-2/3/6)}Man(a1-2/3/6)Man(a1-3/6)[Man(a1-3/6)]Man(b1-4)GlcNAc(b1-4)GlcNAc,0.509138222,0.366111446,0.517478102,0.473501632,0.550666366,0.560991331
{Man(a1-2)}Man(a1-2)Man(a1-3)[Man(a1-3)[Man(a1-6)]Man(a1-6)]Man(b1-4)GlcNAc(b1-4)GlcNAc,0.602318,0.354737618,0.442042256,0.569338897,0.538261146,0.673296264
{Man(a1-2)}Man(a1-2)Man(a1-3)[Man(a1-3)[Man(a1-6)]Man(a1-6)]Man(b1-4)GlcNAc(b1-4)GlcNAc,0.621296348,0.426806801,0.429600751,0.64638323,0.551920324,0.575696115
Man(a1-2)Man(a1-2)Man(a1-3)[Man(a1-2)Man(a1-3/6)[Man(a1-3/6)]Man(a1-6)]Man(b1-4)GlcNAc(b1-4)GlcNAc,1.664127253,1.2627569,1.400431568,1.689825667,1.593645303,2.112460362
Man(a1-2)Man(a1-2)Man(a1-3)[Man(a1-2)Man(a1-3)[Man(a1-2)Man(a1-6)]Man(a1-6)]Man(b1-4)GlcNAc(b1-4)GlcNAc,3.504537929,2.836852668,2.7854219,4.862420356,3.250615447,4.460806797
Glc(a1-3)Man(a1-2)Man(a1-2)Man(a1-3)[Man(a1-2)Man(a1-3)[Man(a1-2)Man(a1-6)]Man(a1-6)]Man(b1-4)GlcNAc(b1-4)GlcNAc,0.196386777,0.152891494,0.210030312,0.246849509,0.191004559,0.29325759
Neu5Gc(a2-6)Gal(b1-4)GlcNAc(b1-2)Man(a1-3)[Man(a1-6)]Man(b1-4)GlcNAc(b1-4)[Fuc(a1-6)]GlcNAc,2.762376891,2.170933424,2.504283222,0.951551019,1.619575347,1.755202675
Neu5Gc(a2-3)Gal(b1-4)GlcNAc(b1-2)Man(a1-3)[Man(a1-6)]Man(b1-4)GlcNAc(b1-4)[Fuc(a1-6)]GlcNAc,1.760779873,1.290641122,2.401849801,0.729647288,1.000120469,1.077792119
Neu5Gc(a2-6)Gal(b1-4)GlcNAc(b1-2)Man(a1-3)[Man(a1-6)]Man(b1-4)GlcNAc(b1-4)GlcNAc,0.290104601,0.166571535,0.258960343,1.513867646,1.859708159,1.534859482
Neu5Gc(a2-3)Gal(b1-4)GlcNAc(b1-2)Man(a1-3)[Man(a1-6)]Man(b1-4)GlcNAc(b1-4)GlcNAc,0.351539667,0.316999574,0.36768828,0.567198776,1.003255363,1.150401753
Neu5Gc(a2-6)Gal(b1-4)GlcNAc(b1-2)Man(a1-3)[GlcNAc(b1-2)Man(a1-6)]Man(b1-4)GlcNAc(b1-4)[Fuc(a1-6)]GlcNAc,0.6229594,0.527179516,0.453303539,0.377329972,0.296560888,0.234286071
Neu5Gc(a2-3)Gal(b1-4)GlcNAc(b1-2)Man(a1-3)[GlcNAc(b1-2)Man(a1-6)]Man(b1-4)GlcNAc(b1-4)[Fuc(a1-6)]GlcNAc,4.087241707,3.829730136,3.859276249,1.469460148,2.544234461,2.249832
Gal(b1-4)GlcNAc(b1-2)Man(a1-3)[GlcNAc(b1-2)Man(a1-6)]Man(b1-4)GlcNAc(b1-4)[Fuc(a1-6)]GlcNAc,0.535844867,0.45254205,0.445041986,0.185922957,0.219800791,0.185676473
Gal(b1-4)GlcNAc(b1-2)Man(a1-6)[GlcNAc(b1-2)Man(a1-3)]Man(b1-4)GlcNAc(b1-4)[Fuc(a1-6)]GlcNAc,0.383480032,0.309714035,0.285121927,0.193078984,0.175106172,0.349333866
Neu5Gc(a2-6)Gal(b1-4)GlcNAc(b1-2)Man(a1-3/6)[GlcNAc(b1-2)Man(a1-3/6)]Man(b1-4)GlcNAc(b1-4)GlcNAc,0.412192122,0.299598142,0.206047063,0.258352656,0.484923179,0.245333707
Neu5Gc(a2-3)Gal(b1-4)GlcNAc(b1-2)Man(a1-3/6)[GlcNAc(b1-2)Man(a1-3/6)]Man(b1-4)GlcNAc(b1-4)GlcNAc,0.449219467,0.276536004,0.445337042,1.319183571,1.825896098,1.730669304
Neu5Gc(a2-6)Gal(b1-4)GlcNAc(b1-2)Man(a1-3)[Man(a1-3)Man(a1-6)]Man(b1-4)GlcNAc(b1-4)[Fuc(a1-6)]GlcNAc,5.344850778,4.140911762,4.987666682,1.1610153,1.315893774,1.100496915
Neu5Gc(a2-6)Gal(b1-4)GlcNAc(b1-2)Man(a1-3)[Man(a1-3)Man(a1-6)]Man(b1-4)GlcNAc(b1-4)GlcNAc,0.57433961,0.512922922,0.61705932,4.075123575,3.922870881,4.456692505
Neu5Gc(a2-6)Gal(b1-4)GlcNAc(b1-2)Man(a1-3)[Neu5Ac(a2-6)Gal(b1-4)GlcNAc(b1-2)Man(a1-6)]Man(b1-4)GlcNAc(b1-4)[Fuc(a1-6)]GlcNAc,0.296120933,0.717232501,0.433387296,0.371779035,0.284513942,0.290438538
Neu5Ac(a2-6)Gal(b1-4)GlcNAc(b1-2)Man(a1-3)[Gal(b1-4)GlcNAc(b1-2)Man(a1-6)]Man(b1-4)GlcNAc(b1-4)[Fuc(a1-6)]GlcNAc,0.916830322,0.649880575,0.798223373,0.345963833,0.417209488,0.631239057
Neu5Gc(a2-6)Gal(b1-4)GlcNAc(b1-2)Man(a1-3)[Gal(b1-4)GlcNAc(b1-2)Man(a1-6)]Man(b1-4)GlcNAc(b1-4)[Fuc(a1-6)]GlcNAc,35.78171964,25.36201005,33.84723799,12.11796343,15.55547395,19.35081044
Neu5Gc(a2-6)Gal(b1-4)GlcNAc(b1-2)Man(a1-3)[Neu5Gc(a2-6)Gal(b1-4)GlcNAc(b1-2)Man(a1-6)]Man(b1-4)GlcNAc(b1-4)[Fuc(a1-6)]GlcNAc,9.832007376,25.40001017,14.81252176,11.8378083,8.098055874,10.23658703
Gal(b1-4)GlcNAc(b1-2)Man(a1-3)[Gal(b1-4)GlcNAc(b1-2)Man(a1-6)]Man(b1-4)GlcNAc(b1-4)[Fuc(a1-6)]GlcNAc,4.031871886,3.546013421,3.554139726,2.066152458,1.678421769,1.824307542
Neu5Gc(a2-6)Gal(b1-4)GlcNAc(b1-2)Man(a1-3/6)[Gal(b1-4)GlcNAc(b1-2)Man(a1-3/6)]Man(b1-4)GlcNAc(b1-4)GlcNAc,2.457940702,1.835798624,1.166649291,2.548482086,2.690006991,1.680078751
Neu5Gc(a2-3)Gal(b1-4)GlcNAc(b1-2)Man(a1-3/6)[Gal(b1-4)GlcNAc(b1-2)Man(a1-3/6)]Man(b1-4)GlcNAc(b1-4)GlcNAc,4.760288295,3.854050209,3.912533759,19.83818015,19.01863515,12.23323769
Neu5Gc(a2-6)Gal(b1-4)GlcNAc(b1-2)Man(a1-3)[Neu5Gc(a2-6)Gal(b1-4)GlcNAc(b1-2)Man(a1-6)]Man(b1-4)GlcNAc(b1-4)GlcNAc,1.449838219,3.117948686,1.468392676,3.801723198,2.314402012,2.514137164
Neu5Gc(a2-3)Gal(b1-4)GlcNAc(b1-2)Man(a1-3/6)[Neu5Gc(a2-6)Gal(b1-4)GlcNAc(b1-2)Man(a1-3/6)]Man(b1-4)GlcNAc(b1-4)GlcNAc,0.528458963,1.216108484,0.387702875,0.803347683,1.105005036,0.506667439
Neu5Gc(a2-3)Gal(b1-4)GlcNAc(b1-2)Man(a1-3)[Neu5Gc(a2-3)Gal(b1-4)GlcNAc(b1-2)Man(a1-6)]Man(b1-4)GlcNAc(b1-4)GlcNAc,1.043417864,2.400087217,1.277393441,10.65084404,9.235977287,8.688622764
Gal(b1-4)GlcNAc(b1-2)Man(a1-3)[Gal(b1-4)GlcNAc(b1-2)Man(a1-6)]Man(b1-4)GlcNAc(b1-4)GlcNAc,0.226419524,0.298916761,0.206538822,1.402514508,1.153954153,1.268116218
Gal(b1-4)GlcNAc(b1-2)Man(a1-3)[Man(a1-3)[Man(a1-6)]Man(a1-6)]Man(b1-4)GlcNAc(b1-4)[Fuc(a1-6)]GlcNAc,0.536138346,0.326276843,0.477399735,0.070423336,0.02919929,0.132952584
Neu5Gc(a2-3/6)Gal(b1-4)GlcNAc(b1-2)Man(a1-3)[Man(a1-3)[Man(a1-6)]Man(a1-6)]Man(b1-4)GlcNAc(b1-4)GlcNAc,1.650725017,1.518694222,1.937875089,4.765914303,5.152420742,5.893113742
Gal(b1-4)GlcNAc(b1-2)Man(a1-3)[Man(a1-3)[Man(a1-6)]Man(a1-6)]Man(b1-4)GlcNAc(b1-4)GlcNAc,0.317838425,0.334715489,0.374572907,0.9676688,0.775214281,0.936839523
Neu5Gc(a2-6)Gal(b1-4)GlcNAc(b1-2)Man(a1-3)[Man(a1-3)[Man(a1-6)]Man(a1-6)][GlcNAc(b1-4)]Man(b1-4)GlcNAc(b1-4)[Fuc(a1-6)]GlcNAc,3.11826984,2.957457169,4.45346877,1.608233578,2.128950693,1.712002609
Neu5Gc(a2-6)Gal(b1-4)GlcNAc(b1-2)Man(a1-3)[Man(a1-3)[Man(a1-6)]Man(a1-6)][GlcNAc(b1-4)]Man(b1-4)GlcNAc(b1-4)GlcNAc,1.158461873,0.597728694,0.743687288,1.874544806,3.15150804,2.089907947
Neu5Gc(a2-3/6)Gal(b1-4)GlcNAc(b1-2/4/6)[Gal(b1-4)GlcNAc(b1-2/4/6)]Man(a1-3/6)[Gal(b1-4)GlcNAc(b1-2)Man(a1-3/6)]Man(b1-4)GlcNAc(b1-4)[Fuc(a1-6)]GlcNAc,1.23784811,0.742443612,0.733753755,0.34074729,0.45017065,0.561600856
Neu5Gc(a2-3/6)Gal(b1-4)GlcNAc(b1-2/4/6)[Gal(b1-4)GlcNAc(b1-2/4/6)]Man(a1-3/6)[Gal(b1-4)GlcNAc(b1-2)Man(a1-3/6)]Man(b1-4)GlcNAc(b1-4)[Fuc(a1-6)]GlcNAc,0.34214832,0.274544274,0.420650735,0.155426242,0.121857773,0.2470099
Neu5Gc(a2-3/6)Gal(b1-4)GlcNAc(b1-2/4/6)[Gal(b1-4)GlcNAc(b1-2/4/6)]Man(a1-3/6)[Gal(b1-4)GlcNAc(b1-2)Man(a1-3/6)]Man(b1-4)GlcNAc(b1-4)[Fuc(a1-6)]GlcNAc,0.195163945,0.281724985,0.136807382,0.221569337,0.170627753,0.23923846
Neu5Gc(a2-3/6)Gal(b1-4)GlcNAc(b1-2/4/6)[Gal(b1-4)GlcNAc(b1-2/4/6)]Man(a1-3/6)[Gal(b1-4)GlcNAc(b1-2)Man(a1-3/6)]Man(b1-4)GlcNAc(b1-4)[Fuc(a1-6)]GlcNAc,0.286338279,0.281253259,0.44873018,0.079184454,0.105825034,0.24441942
Neu5Gc(a2-3/6)Gal(b1-4)GlcNAc(b1-2/4/6)[Gal(b1-4)GlcNAc(b1-2/4/6)]Man(a1-3/6)[Gal(b1-4)GlcNAc(b1-2)Man(a1-3/6)]Man(b1-4)GlcNAc(b1-4)[Fuc(a1-6)]GlcNAc,0.403730126,0.396668779,0.785191757,0.259288958,0.139861017,0.47337215
Neu5Gc(a2-3/6)Gal(b1-4)GlcNAc(b1-2/4/6)[Gal(b1-4)GlcNAc(b1-2/4/6)]Man(a1-3/6)[Gal(b1-4)GlcNAc(b1-2)Man(a1-3/6)]Man(b1-4)GlcNAc(b1-4)GlcNAc,0.080462328,0.034540794,0.015687115,0.33967723,0.375694547,0.134476395
Neu5Gc(a2-3/6)Gal(b1-4)GlcNAc(b1-2/4/6)[Gal(b1-4)GlcNAc(b1-2/4/6)]Man(a1-3/6)[Gal(b1-4)GlcNAc(b1-2)Man(a1-3/6)]Man(b1-4)GlcNAc(b1-4)GlcNAc,0.055614387,0.039624947,0.061420712,0.12205374,0.218457265,0.309943329
Neu5Gc(a2-3/6)Gal(b1-4)GlcNAc(b1-2/4/6)[Gal(b1-4)GlcNAc(b1-2/4/6)]Man(a1-3/6)[Gal(b1-4)GlcNAc(b1-2)Man(a1-3/6)]Man(b1-4)GlcNAc(b1-4)GlcNAc,0.032820804,0.066356062,0.02271927,0.083197179,0.144563356,0.079085835
Neu5Gc(a2-3/6)Gal(b1-4)GlcNAc(b1-2/4/6)[Gal(b1-4)GlcNAc(b1-2/4/6)]Man(a1-3/6)[Gal(b1-4)GlcNAc(b1-2)Man(a1-3/6)]Man(b1-4)GlcNAc(b1-4)GlcNAc,0.021619665,0.054615337,0.014801949,0.130614221,0.179271102,0.310933807
Neu5Gc(a2-3/6)Gal(b1-4)GlcNAc(b1-2/4/6)[Gal(b1-4)GlcNAc(b1-2/4/6)]Man(a1-3/6)[Gal(b1-4)GlcNAc(b1-2)Man(a1-3/6)]Man(b1-4)GlcNAc(b1-4)GlcNAc,0.06104376,0.072278838,0.100859792,0.076308667,0.104660646,0.135314492
Neu5Gc(a2-3/6)Gal(b1-4)GlcNAc(b1-2/4/6)[Gal(b1-4)GlcNAc(b1-2/4/6)]Man(a1-3/6)[Gal(b1-4)GlcNAc(b1-2)Man(a1-3/6)]Man(b1-4)GlcNAc(b1-4)GlcNAc,0.046712172,0.016405567,0.124660932,0.218426035,0.211202227,0.341181472
Neu5Gc(a2-6)Gal(b1-4)GlcNAc(b1-2)Man(a1-3)[Man(a1-3)[Man(a1-6)]Man(a1-6)]Man(b1-4)GlcNAc(b1-4)[Fuc(a1-6)]GlcNAc,2.428348174,2.134086417,2.693413772,0.189333774,0.416627294,0.547200834
GlcNAc(b1-2)Man(a1-3)[GlcNAc(b1-2)Man(a1-6)]Man(b1-4)GlcNAc(b1-4)[Fuc(a1-6)]GlcNAc,1.026542786,0.731174612,0.902574654,0.22785594,0.313220606,0.381029152
GlcNAc(b1-2)Man(a1-3)[GlcNAc(b1-2)Man(a1-6)][GlcNAc(b1-4)]Man(b1-4)GlcNAc(b1-4)[Fuc(a1-6)]GlcNAc,0.317006899,0.436922693,0.475629402,0.181508959,0.275601888,0.16975264
GlcNAc(b1-2)Man(a1-3)[GlcNAc(b1-2)Man(a1-6)][GlcNAc(b1-4)]Man(b1-4)GlcNAc(b1-4)GlcNAc,0.056886132,0.053776713,0.01971954,0.305702819,0.286081388,0.274209942
