ID,Colostrum1,Colostrum2,Colostrum3,Mature1,Mature2,Mature3
O60225_152_H9N2,0.0,0.0,0.0,0.05520443,0.0,0.0
P00709_90_H5N4F1,0.0,0.0,0.0,0.0,0.016481156,0.0
P00709_90_H5N4A1,0.0,0.053968617,0.0,0.111429534,0.075654539,0.260147421
P00709_90_H5N4F1A1,0.0,0.0,0.0,1.105272418,0.0,0.077104585
P00709_90_H5N4A2,0.0,0.0,0.038994633,0.001199846,0.154441837,0.076779258
P00709_90_H5N4F2A1,0.0,0.0,0.0,0.0,0.164687676,0.191312071
P00709_90_H6N4F1A1,0.0,0.0,0.0,0.0,0.028415486,0.045945353
P00709_90_H5N4F1A2,0.0,0.0,0.0,0.089251418,0.0,0.0
P00734_143_H5N4A2,0.0,0.0,0.0,0.0,0.0,0.074125698
P00738_241_H5N4A2,0.017861842,0.192496116,0.115843991,0.0,0.0,0.0
P00739_126_H5N4F1A1,0.0,0.0,0.03496981,0.0,0.0,0.0
P01011_106_H5N4A2,0.0,0.0,0.0,0.012455566,0.0,0.0
P01011_106_H5N4F2A1,0.0,0.010250658,0.0,0.017315359,0.0,0.0
P01011_106_H5N4F1A2,0.033708182,0.061361879,0.087432038,0.0,0.0,0.0
P01011_106_H6N5F2A1,0.12437532,0.0,0.0,0.0,0.0,0.0
P01024_85_H6N2,0.0,0.082011698,0.101533127,0.0,0.0,0.0
P01024_85_H7N2,0.132083705,0.11564,0.081783243,0.058273332,0.040793939,0.068606378
P01024_85_H8N2,0.07722715,0.032242878,0.069432227,0.020042668,0.0,0.0
P01033_101_H5N4F1A1,0.0,0.0,0.0,0.0,0.0,0.152107332
P01591_71_H4N3F1,0.0,0.0,0.0,0.0,0.0,0.020395178
P01591_71_H4N3A1,0.0,0.0,0.0,0.046053092,0.0,0.0
P01591_71_H5N3F1,0.0,0.017659588,0.0,0.01262794,0.017470116,0.016053063
P01591_71_H4N4F1,0.0,0.0,0.0,0.0,0.0,0.033600467
P01591_71_H5N4,0.0,0.0,0.0,0.0,0.0,0.045568984
P01591_71_H4N5,0.669054078,0.194645424,0.0,0.186345774,0.145025085,0.0
P01591_71_H4N3F1A1,0.094168882,0.0,0.0,0.078328974,0.071472326,0.096801316
P01591_71_H5N3A1,0.0,0.072102984,0.054393988,0.065978033,0.044519068,0.0
P01591_71_H5N4F1,0.0,0.0,0.111583984,0.0,0.0,0.073922303
P01591_71_H5N5,0.0,0.065713806,0.0,0.0,0.016699588,0.0
P01591_71_H5N3F1A1,0.0,0.856580061,0.391777062,0.24427812,0.626913097,0.408958289
P01591_71_H6N3A1,0.004838492,0.004655834,0.004644453,0.001131305,0.0,0.000947579
P01591_71_H5N4A1,0.563319006,0.272973333,0.029881851,1.02297857,0.0,0.131809909
P01591_71_H6N3F1A1,0.0,0.047421668,0.0,0.032346988,0.037213841,0.0
P01591_71_H5N4F1A1,0.0,0.567544534,0.043284452,0.335394041,0.464159794,0.0
P01591_71_H5N4A2,0.0,0.0,0.401431862,0.0,0.0,0.0
P01591_71_H6N4F1A1,0.0,0.071044393,0.0,0.0,0.0,0.0
P01591_71_H5N4F1A2,0.73048779,0.395676184,0.559801582,0.38894347,0.25544144,0.609290832
P01591_71_H6N4F2A1,0.0,0.0,0.108520774,0.0,0.0,0.064829381
P01833_135_H5N4F1A2,0.0,0.0,0.133693815,0.0,0.0,0.0
P01833_186_H5N4F2,0.0,0.0,0.0,0.0,0.083476628,0.0
P01833_186_H5N4A2,0.0,0.174602323,0.373855974,0.403794679,0.519565856,0.0
P01833_186_H6N4F1A1,0.0,0.083469952,0.083592056,0.142590275,0.0,0.195202241
P01833_421_H5N4F2,0.0,0.06411446,0.0,0.0,0.141788339,0.0
P01833_421_H5N4F3,0.0,0.096027114,0.0,0.0,0.24109744,0.075024545
P01833_421_H6N4A1,0.0,0.0,0.000932689,0.0,0.0,0.0
P01833_421_H6N4F2,0.0,0.001033631,0.0,0.0,0.0,0.00042904
P01833_421_H4N3F2A2,0.0,0.0,0.0,0.011191526,0.0,0.0
P01833_421_H5N4F2A1,0.0,0.00458943,0.161515692,0.016015405,0.0,0.333333475
P01833_421_H6N4F1A1,0.0,0.0,0.050313153,0.127602078,0.0,0.0
P01833_421_H6N4F3,0.0,0.172057449,0.0,0.0,0.0,0.0
P01833_421_H6N5F2,0.0,0.0,0.012886571,0.0,0.0,0.021061444
P01833_421_H5N4F1A2,0.0,0.0,0.0,0.0,0.017300738,0.0
P01833_421_H5N4F3A1,0.0,0.00346214,0.0,0.0,0.0,0.0
P01833_421_H6N4F2A1,0.0,0.0,0.007276675,0.0,0.0,0.0
P01833_421_H6N5F1A1,0.0,0.0,0.005585255,0.0,0.0,0.0
P01833_421_H6N5F3,0.0,0.0,0.0,0.0,0.0,0.003202841
P01833_421_H7N5F2,0.0,0.0,0.0,0.0,0.0,0.002831994
P01833_421_H5N4F2A2,0.0,0.009607153,0.0,0.0,0.0,0.0
P01833_421_H6N5F4,0.0,0.0,0.0,0.038494012,0.0,0.0
P01833_421_H7N5F1A1,0.0,0.0,0.0,0.0,0.004360093,0.0
P01833_421_H6N5F3A1,0.0,0.044462357,0.0,0.0,0.0,0.087457913
P01833_421_H7N5F2A1,0.0,0.0,0.0,0.001439586,0.0,0.0
P01833_421_H7N5F3A1,0.0,0.001304375,0.0,0.0,0.0,0.0
P01833_469_H5N4,0.0,0.02150755,0.0,0.0,0.0,0.0
P01833_469_H4N3F1A1,0.0,0.115613131,0.028031498,0.0,0.0,0.0
P01833_469_H5N4F1,0.0,0.584718264,0.25624375,0.760353043,0.652352907,0.646924898
P01833_469_H5N3F1A1,0.265492179,0.0,0.16468369,0.0,0.0,0.0
P01833_469_H6N3A1,0.0,0.037521343,0.0,0.0,0.0,0.0
P01833_469_H5N4A1,0.0,0.424472105,0.112230411,0.566946532,0.692852332,0.556549453
P01833_469_H5N4F2,1.27489412,0.413356441,1.04259431,2.359802574,1.928837865,2.459682997
P01833_469_H6N3F1A1,0.076435041,0.0,0.0,0.0,0.0,0.0
P01833_469_H5N4F1A1,7.891970732,6.465730163,5.824961697,4.519283894,6.835402429,9.286723543
P01833_469_H5N4F3,0.159719359,1.593987241,1.010249894,3.432026982,3.611423308,3.039485954
P01833_469_H6N4A1,0.0,0.0,0.005455473,0.009109955,0.0,0.008403003
P01833_469_H5N5F2,0.0,0.163657271,0.0,0.0,0.0,0.0
P01833_469_H5N4A2,0.0,0.428324014,0.528308856,0.556737734,0.298368823,0.2786651
P01833_469_H5N4F2A1,0.872791511,9.678458986,7.637619645,7.69219041,10.62234863,9.319557461
P01833_469_H5N4F4,0.194999443,0.176955009,0.066355115,0.0,0.123389676,0.0
P01833_469_H5N5F1A1,0.0,0.13966161,0.0,0.0,0.0,0.0
P01833_469_H5N5F3,0.0,0.088158869,0.0,0.0,0.0,0.0
P01833_469_H6N5F2,0.0,0.0,0.129386072,0.086500698,0.0,0.0
P01833_469_H5N4F1A2,4.348088749,3.977503585,9.201880078,7.94708212,5.374691455000001,6.161046343
P01833_469_H5N4F3A1,0.0,1.518561359,1.590850461,0.768818994,1.031516906,0.714250605
P01833_469_H6N4A2,0.0,0.017486032,0.0,0.018988409,0.0,0.0
P01833_469_H6N4F2A1,0.158528609,0.09844465,0.217662852,0.0,0.095208794,0.0
P01833_469_H5N5F4,0.0,0.057944016,0.0,0.0,0.0,0.0
P01833_469_H6N5F1A1,0.0,0.105550609,0.109018215,0.0,0.0,0.0
P01833_469_H6N5F3,0.0,0.020731361,0.334306466,0.069210355,0.29466403,0.0
P01833_469_H5N4F2A2,0.0,0.0,0.061692044,0.0,0.0,0.0
P01833_469_H6N5F2A1,0.328563143,0.546039593,0.0,0.219500956,0.281843317,0.149908603
P01833_469_H6N5F4,0.096184614,0.0,0.164481711,0.0,0.163501879,0.0
P01833_469_H6N5F3A1,0.0,0.15772439,0.0,0.0,0.0,0.0
P01833_499_H5N2,0.0,0.255704507,0.152563903,0.0,0.0,0.0
P01833_499_H6N2,0.0,0.0,0.0,0.048758073,0.029789786,0.0
P01833_499_H4N3F1,0.0,0.0,0.0,0.0,0.016785833,0.017364986
P01833_499_H5N3,0.0,0.0,0.033405502,0.0,0.0,0.009724344
P01833_499_H7N2,0.0,0.0,0.0,0.022645297,0.0,0.0
P01833_499_H4N3A1,0.0,0.08100555,0.03394955,0.133165801,0.251999839,0.115272595
P01833_499_H5N3F1,0.0,0.0,0.0,0.080941847,0.0,0.028778647
P01833_499_H6N3,0.027037223,0.028559882,0.037633985,0.003287559,0.020776438,0.010069945
P01833_499_H5N4,0.0,0.0,0.0,0.048154733,0.060205959,0.081779523
P01833_499_H5N3A1,0.0,0.251369575,0.445677623,0.038730614,0.401989701,0.276622804
P01833_499_H6N3F1,0.0,0.0,0.028242478,0.074749442,0.033629982,0.076836247
P01833_499_H5N4F1,0.0,0.056329437,0.035445317,0.071235187,0.118974524,0.141845309
P01833_499_H6N3A1,0.349164717,0.516492357,0.180903581,0.126471307,0.076274359,0.198381218
P01833_499_H5N4A1,0.480597588,0.178564534,0.174839469,0.450314583,0.0,1.166981287
P01833_499_H5N4F2,0.0,0.0,0.0,0.067834793,0.142604289,0.082289515
P01833_499_H6N4F1,0.0,0.0,0.0,0.0,0.0,0.002740077
P01833_499_H5N4F1A1,0.0,0.605445463,0.627806878,0.879909524,0.991840139,0.594132266
P01833_499_H6N4A1,0.0,0.006802758,0.002527776,0.008166668,0.001286874,0.001286301
P01833_499_H5N4A2,0.48358895,0.354016265,0.248668134,0.288127795,0.412264484,0.47237703
P01833_499_H5N4F2A1,0.0,0.0,0.091630608,0.0,0.0,0.0
P01833_499_H6N4F1A1,0.0,0.0,0.0,0.076376168,0.091877281,0.050895455
P01871_46_H3N5F1,0.195680555,0.0,0.0,0.0,0.0,0.0
P01871_46_H4N5F1,0.083958695,0.0,0.0,0.0,0.0,0.0
P01871_46_H5N4F1A1,0.0,0.0,0.128438794,0.0,0.103602896,0.0
P01876_340_H4N2,0.0,0.0,0.076831254,0.0,0.0,0.0
P01876_340_H5N2,6.112357826,4.284626553,2.744364929,2.651389016,2.189777878,1.87680338
P01876_340_H4N3,0.0,0.088793766,0.0,0.0,0.073705171,0.0
P01876_340_H3N4,0.0,0.0,0.0,0.0,0.0,0.004910836
P01876_340_H5N2F1,0.002297714,0.003456987,0.0,0.0,0.0,0.0
P01876_340_H6N2,6.198111902,7.379435956,3.757579787,5.1805156740000005,4.2479772030000005,3.005782955
P01876_340_H5N3,0.0,0.0,0.085567403,0.100483924,0.0,0.13814312
P01876_340_H3N4F1,0.30539719,0.0,0.001459557,0.0,0.0,0.0
P01876_340_H4N4,0.064150063,0.029986736,0.028646131,0.0,0.007601978,0.0
P01876_340_H3N5,0.0,1.274177688,1.337583932,0.493479315,0.303077441,0.221770262
P01876_340_H7N2,1.375273147,1.7264441369999999,0.851927215,1.2247393990000002,0.8659166519999999,0.747612618
P01876_340_H4N3A1,0.0,0.0,0.088900408,0.067463816,0.0,0.053054232
P01876_340_H6N3,0.178986126,0.386578532,0.073820642,0.0,0.0,0.0
P01876_340_H4N4F1,0.415371489,0.506440209,0.160535292,0.0,0.0,0.0
P01876_340_H5N4,0.050951692,0.039277033,0.076740897,0.044905672,0.0,0.0
P01876_340_H3N5F1,6.717812758000001,4.851611942,2.520942255,5.584342737,6.331836407999999,4.511093146
P01876_340_H4N5,1.58893027,3.4773436540000002,1.03171335,2.093661214,1.512848964,0.560877949
P01876_340_H8N2,0.089289819,2.511961646,1.732412162,0.9791845509999999,0.966066191,0.833946368
P01876_340_H5N3A1,0.0,0.0,0.0,0.051261201,0.0,0.0
P01876_340_H4N4A1,0.0,0.0,0.0,0.102707619,0.098998767,0.0
P01876_340_H5N4F1,0.032743072,0.0,0.0,0.0,0.0,0.0
P01876_340_H4N5F1,3.310134304,5.243292138,3.722352353,5.389164358,2.782053981,2.046639753
P01876_340_H5N5,0.0,0.439863032,0.0,0.011752798,0.199102774,0.0
P01876_340_H9N2,0.0,0.0,0.050498323,0.0,0.0,0.049830208
P01876_340_H6N3A1,0.0,0.0,0.0,0.051691615,0.098721096,0.0
P01876_340_H5N4A1,0.546894169,0.0,0.0,0.0,0.273100289,0.245803839
P01876_340_H5N5F1,0.0,0.270042386,0.572809736,0.335553118,0.271115677,0.0
P01876_340_H5N4F1A1,0.414026153,0.337909609,0.393622284,0.204435761,0.0,0.273376669
P01876_340_H4N5F1A1,0.7913312299999999,1.282192518,0.154079941,0.446722881,0.5060666,0.663223015
P01876_340_H5N5A1,0.0,0.700752248,0.652985031,0.0,0.0,0.0
P01876_340_H5N5F1A1,3.72269773,1.388479091,0.0,1.162888856,0.0,1.008677201
P01876_340_H6N5A1,0.0,0.023984316,0.190495027,0.0,0.0,0.0
P01876_340_H6N4A2,0.0,0.0,0.002324424,0.0,0.0,0.0
P01876_340_H6N4F2A1,0.0,0.0,0.036219829,0.0,0.0,0.0
P01876_340_H5N5F1A2,1.262718549,0.0,0.0,0.0,0.0,0.192827357
P01877_327_H5N2,0.0,0.096685071,0.059026564,0.156182552,0.0,0.0
P01877_327_H6N2,0.169787018,0.5120194,0.544768126,0.350273135,0.326083261,0.296521307
P01877_327_H7N2,0.0,0.148500552,0.056855356,0.0,0.147329426,0.087149643
P01877_327_H4N3A1,0.0,0.0,0.027097289,0.0,0.0,0.0
P01877_327_H8N2,0.165214842,0.0,0.21430914,0.065923006,0.19377222900000002,0.081884804
P01877_327_H9N2,0.0,0.0,0.03718824,0.0,0.0,0.0
P01877_327_H6N3A1,0.0,0.0,0.020090195,0.0,0.0,0.0
P01877_327_H5N4A1,0.0,0.056959107,0.0,0.0,0.0,0.0
P02749_253_H5N4A2,0.0,0.0,0.0,0.046113373,0.051752162,0.0
P02765_156_H5N4A2,0.0,0.0,0.078374849,0.0,0.262262281,0.278294407
P02765_156_H6N4F1A1,0.0,0.0,0.0,0.0,0.0,0.005988922
P02788_156_H4N3F1A1,0.0,0.046763902,0.0,0.0,0.0,0.0
P02788_156_H5N4F1,0.0,0.355983726,0.04500558,0.027149468,0.335439845,0.135216866
P02788_156_H6N4,0.002851688,0.0,0.0,0.0,0.0,0.0
P02788_156_H5N4A1,0.0,0.020643623,0.0,0.0,0.0,0.0
P02788_156_H5N4F2,0.248222518,0.0,0.372564564,0.223540592,0.498966744,0.22478179399999998
P02788_156_H6N4F1,0.004047228,0.0,0.012020868,0.0,0.115933742,0.078049105
P02788_156_H5N4F1A1,0.0,0.266780923,0.13813024899999998,0.088576987,0.05781497,0.11872114
P02788_156_H5N4F3,0.0,0.03339531,0.0,0.480772798,0.419064486,0.339690481
P02788_156_H6N4A1,0.0,0.014235272,0.097354888,0.0,0.042621469,0.0
P02788_156_H6N5F1,0.068415428,0.0,0.0,0.0,0.0,0.0
P02788_156_H5N4F2A1,0.367833227,0.097449087,0.115384612,0.046777792,0.417478276,0.489288812
P02788_156_H5N4F4,0.0,0.0,0.0,0.058878802,0.0,0.0
P02788_156_H6N4F1A1,0.202008235,0.182535645,0.125677142,0.125948717,0.082955578,0.0
P02788_156_H6N5F2,0.035854497,0.064292291,0.060348113,0.0,0.038281163,0.0
P02788_156_H5N4F1A2,0.093890631,0.19763144,0.038262847,0.038709391,0.057827097,0.280430051
P02788_156_H5N4F3A1,0.0,0.0,0.0,0.057124331,0.071840412,0.09618688
P02788_156_H6N4A2,0.0,0.0,0.001661308,0.0,0.018796338,0.0
P02788_156_H6N4F2A1,0.0,0.0,0.024903268,0.039685082,0.02516381,0.005885223
P02788_156_H8N4A1,0.0,0.0,0.0,0.018074172,0.0,0.0
P02788_156_H6N5F1A1,0.0,0.0,0.018611632,0.0,0.0,0.0
P02788_156_H6N5F3,0.0,0.0,0.0,0.0,0.072332525,0.054722575
P02788_156_H7N6F1,0.0,0.0,0.0,0.027586146,0.0,0.0
P02788_156_H6N5A2,0.0,0.0,0.0,0.0,0.0,0.001593121
P02788_156_H6N5F2A1,0.304829959,0.188426068,0.195698608,0.0,0.0,0.051847741
P02788_156_H6N5F4,0.0,0.0,0.015527586,0.0,0.049946517,0.04569198
P02788_156_H7N5F1A1,0.203087291,0.0,0.0,0.0,0.0,0.0
P02788_156_H7N6F2,0.0,0.0,0.015693327,0.037657151,0.048215485,0.0
P02788_156_H6N5F3A1,0.0,0.092465436,0.027336371,0.131195515,0.200202696,0.171983762
P02788_156_H7N5F2A1,0.0,0.0,0.053972653,0.0,0.0,0.0
P02788_156_H7N6F3,0.0,0.0,0.0,0.0,0.031002842,0.0
P02788_156_H6N5F4A1,0.0,0.0,0.0,0.0,0.035588066,0.062646879
P02788_156_H7N6F2A1,0.0,0.0,0.03527311,0.0,0.0,0.040799052
P02788_497_H5N4,0.0,0.088273768,0.102064123,0.358280402,0.183779332,0.329666764
P02788_497_H5N4F1,0.0,0.886185221,0.0,2.600801766,0.2045925,2.499578775
P02788_497_H6N4,0.0,0.0,0.0,0.001726556,0.00067418,0.002313512
P02788_497_H4N4F1A1,0.0,0.0,0.0,0.0,0.040747924,0.027793653
P02788_497_H5N4A1,0.085105627,0.110663207,0.099850679,0.132163947,0.09049324,0.045391882
P02788_497_H5N4F2,0.0,0.0,0.0,0.874632961,0.0,0.0
P02788_497_H6N4F1,0.0,0.0,0.0,0.0,0.003733751,0.010639204999999999
P02788_497_H5N4F1A1,0.486736561,0.255788079,0.570067502,0.47031504,0.664503531,0.7220530599999999
P02788_497_H6N4A1,0.0,0.0,0.004534387,0.020139345,0.016398351,0.028885033
P02788_497_H5N4A2,0.0,0.079313903,0.02069205,0.050394395,0.061220464,0.050351828
P02788_497_H5N4F2A1,0.0,0.0,0.071722502,0.155763638,0.124759208,0.239795039
P02788_497_H5N4F1A2,0.0,0.300783191,0.197729586,0.369907875,0.175250465,0.27808610300000003
P02788_497_H6N4A2,0.0,0.007453419,0.0,0.0,0.0,0.0
P02788_497_H6N4F2A1,0.0,0.093977875,0.0,0.0,0.0,0.078725968
P02788_521_H5N4A2,0.0,0.0,0.0,0.011894664,0.0,0.0
P02788_534_H5N4F1A1,0.0,0.0,0.0,0.0,0.0,0.144410616
P02790_453_H5N4A2,0.0,0.0,0.0,0.192030798,0.180225605,0.0
P06858_70_H5N4F2A1,0.0,0.0,0.0,0.045667726,0.0,0.0
P06858_70_H5N4F1A2,0.215196779,0.168988488,0.173963732,0.0,0.0,0.0
P07602_101_H5N4F1A1,0.340145194,0.230361378,0.198776437,0.0,0.0,0.0
P07602_215_H2N2F1,0.0,0.0,0.0,0.018402006,0.032867368,0.022904747
P07602_215_H3N2F1,0.0,0.005446096,0.0,0.0,0.0,0.0
P07602_215_H5N4F1A2,0.0,0.0,0.113000323,0.0,0.0,0.0
P07602_332_H2N2,0.0,0.0,0.0,0.0,0.009136759,0.0
P07602_426_H5N2,0.0,0.0,0.002921489,0.0,0.060400476,0.010727112
P08571_151_H5N2,0.0,0.0,0.023853949,0.0,0.0,0.0
P08571_151_H6N2,0.0,0.0,0.0,0.028669484,0.018739994,0.0
P08571_151_H7N2,0.0,0.0,0.0,0.0,0.0,0.027886847
P08571_151_H5N3A1,0.0,0.0,0.0,0.0,0.0,0.019336649
P08571_151_H5N4A1,0.0,0.0,0.0,0.0,0.0,0.207470922
P08571_151_H8N6,0.0,0.0,0.0,0.0,0.008362464,0.0
P0C0L5_1391_H5N4F1A1,0.05447479,0.0,0.0,0.0,0.0,0.0
P0C0L5_226_H9N2,0.0,0.040507067,0.167498745,0.060279844,0.045201707,0.135911352
P0C0L5_226_H10N2,0.0,0.0,0.0,0.025223528,0.0,0.0
P0DOX2_207_H4N3F1,0.0,0.018467051,0.0,0.0,0.0,0.0
P0DOX2_207_H3N4F1,2.029591413,1.758955643,1.420215646,0.14069595,0.101200947,0.226474703
P0DOX2_207_H4N4F1,0.0,0.810069896,0.46691780299999996,0.062982325,0.0,0.0
P0DOX2_207_H3N5F1,12.594116154,6.2721357829999995,8.822127717999999,10.164083495,15.391964573000001,12.132485287000002
P0DOX2_207_H4N5,0.033946114,0.017168827,0.182383528,0.076682528,0.102383368,0.0
P0DOX2_207_H5N4F1,0.0,0.052419057,0.0,0.0,0.0,0.0
P0DOX2_207_H4N5F1,7.240098422999999,4.237315928,5.069948543000001,5.726696214,4.415144299,4.6687044669999995
P0DOX2_207_H5N5,0.0,0.112135466,0.010479411,0.023828891,0.0,0.048143483
P0DOX2_207_H4N4F1A1,0.360366795,0.35848667,0.275356453,0.298382449,0.096756838,0.392205252
P0DOX2_207_H5N5F1,1.123723063,0.975046903,0.883428264,0.453631069,0.244414556,0.581719995
P0DOX2_207_H5N4F1A1,0.18285359,0.493467041,0.430865233,0.364029791,0.38447419,0.033133282
P0DOX2_207_H4N5F1A1,2.808006385,1.30586192,1.98315831,2.1631847189999998,0.924930483,1.8544111440000002
P0DOX2_207_H5N5A1,0.0,0.055125365,0.0,0.0,0.029318974,0.017686941
P0DOX2_207_H5N5F1A1,0.315680546,1.994544353,1.676318285,0.87452935,0.899718997,0.9538322920000001
P0DOX2_207_H5N4F1A2,0.231723976,0.0,0.0,0.0,0.077023842,0.074951308
P0DOX2_207_H5N5F1A2,0.0,0.0,0.0,0.0,0.132429592,0.0
P0DOX2_320_H3N4F1,1.471279058,0.439662749,0.434510577,0.0,0.0,0.570389326
P0DOX2_320_H4N4,0.002648274,0.0,0.0,0.0,0.0,0.0
P0DOX2_320_H3N5,0.125236239,0.012731587,0.10597462299999999,0.071716281,0.072149928,0.043634208
P0DOX2_320_H4N4F1,0.0,0.0,0.0,0.0,0.054428085,0.049125412
P0DOX2_320_H5N4,0.0,0.011893179,0.0,0.0,0.0,0.0
P0DOX2_320_H3N5F1,2.968156161,0.0,9.341531196,7.029640624000001,4.82353528,10.64002274
P0DOX2_320_H4N5,0.262857837,0.0,0.108371931,0.018266316,0.113268521,0.095504412
P0DOX2_320_H4N5F1,1.142424965,2.275586499,6.879391667,0.0,4.944338181,0.831400571
P0DOX2_320_H5N5,0.0,0.0,0.0,0.03633665,0.0,0.026822195
P0DOX2_320_H4N4F1A1,0.254996848,0.295804692,0.156226923,0.265560447,0.0,0.261905938
P0DOX2_320_H6N5,0.0,0.0,0.001836428,0.002624277,0.004805403,0.002310255
P0DOX2_320_H4N5F1A1,0.0,0.126910559,0.096972538,0.0,0.0,0.0
P0DOX2_320_H5N5A1,0.048280978,0.0,0.0,0.0,0.0,0.0
P0DOX2_320_H5N5F1A1,2.542888646,1.518000156,0.0,0.0,0.0,0.0
P0DOX2_320_H5N4F1A2,0.129518606,0.0,0.099600781,0.0,0.0,0.0
P0DOX2_246_H3N3,0.054936528,0.0,0.023887202,0.0,0.0,0.0
P0DOX2_246_H5N2,0.121902958,0.029247678,0.013729199,0.027691461,0.0,0.0
P0DOX2_246_H4N3,0.036478185,0.0,0.0,0.055134644,0.02636394,0.0
P0DOX2_246_H3N4,0.020053414,0.029383063,0.016040398,0.044164422,0.052581146,0.043031438
P0DOX2_246_H6N2,0.060228646,0.0,0.022503865,0.042914347,0.0,0.0
P0DOX2_246_H5N3,0.021313025,0.0,0.0,0.0,0.07016536,0.0
P0DOX2_246_H4N4,0.0,0.023893878,0.006174305,0.163132036,0.0,0.078755458
P0DOX2_246_H3N5,4.346937324,1.3543168920000002,0.052360047,0.063389287,0.070338167,0.055093284000000006
P0DOX2_246_H7N2,0.039311263,0.029772659,0.009990795,0.048235114,0.040962351,0.023105051
P0DOX2_246_H4N3A1,0.09890659,0.0,0.0,0.0,0.0,0.0
P0DOX2_246_H6N3,0.059452307,0.023112572,0.0,0.045386391,0.0,0.022869778
P0DOX2_246_H5N4,0.271666587,0.0,0.082780543,0.254562149,0.273060805,0.121509231
P0DOX2_246_H3N5F1,0.0,0.022999778,0.018925551,0.0,0.0,0.0
P0DOX2_246_H4N5,0.188218504,0.03719769,0.0,0.127319729,0.20435113100000002,0.112269924
P0DOX2_246_H8N2,0.082850349,0.0,0.0,0.0,0.0,0.0
P0DOX2_246_H5N3A1,0.237801345,0.020028054,0.044263436,0.046352219,0.0,0.0
P0DOX2_246_H4N4A1,0.062817658,0.019923194,0.041334194,0.0,0.046960497,0.0
P0DOX2_246_H6N4,0.071940352,0.0,0.0,0.0,0.0,0.0
P0DOX2_246_H5N5,0.180732564,0.082167418,0.0,0.035637321,0.0,0.0
P0DOX2_246_H9N2,0.0,0.0,0.0,0.036870818,0.0,0.0
P0DOX2_246_H6N3A1,0.168164019,0.016711894,0.019137917,0.0,0.030629856,0.0
P0DOX2_246_H5N4A1,0.017533676,0.018406816,0.313283989,0.0,0.061462146,0.0
P0DOX2_246_H4N5A1,0.21337020499999998,0.011284016,0.042813449,0.19208444,0.116217622,0.025371645
P0DOX2_246_H6N4A1,0.0,0.009530481,0.021789521,0.0,0.0,0.0
P0DOX2_246_H5N5A1,0.26413782,0.05153548299999999,0.298187159,0.035436861,0.023193439,0.0
P0DOX2_246_H5N5A2,0.0,0.023415434,0.0,0.0,0.0,0.0
P0DOX2_246_H10N6A1,0.0,0.0,0.0,0.00035367,0.0,0.0
P10909_86_H5N4F1A1,0.0,0.0,0.149994291,0.0,0.0,0.174007565
P10909_103_H5N4F1A1,0.0,0.250663792,0.671647012,0.0,0.0,0.0
P10909_103_H5N4F1A2,0.283998228,0.176554612,0.343422598,0.0,0.146129284,0.109153928
P10909_291_H5N3A1,0.05148715,0.0,0.03612671,0.0,0.0,0.0
P10909_291_H5N4A1,0.0,0.0,0.569562989,0.0,0.0,0.0
P10909_374_H5N4F2A1,0.0,0.0,0.0,0.225684485,0.0,0.208646228
P10909_374_H7N5F3,0.0,0.0,0.0,0.0,0.0,0.053026035
P10909_374_H7N5F2A1,0.0,0.013931321,0.0,0.0,0.0,0.0
P18505_376_H5N4F3A2,0.0,0.0,0.0,0.0,0.0,0.000394178
P19652_56_H5N4A2,0.0,0.0,0.0,0.099233166,0.117134639,0.098357149
P24821_327_H5N4F1A1,0.0,0.0,0.0,0.0,0.076575982,0.0
P24821_327_H5N4F1A2,0.0,0.0,0.193526445,0.0,0.0,0.0
P24821_1018_H7N2,0.054889853,0.0,0.0,0.0,0.0,0.0
P24821_1018_H8N2,0.05353692,0.150985177,0.0,0.0,0.0,0.0
P24821_1119_H5N4F1A1,0.515531223,0.0,0.0,0.0,0.0,0.0
P25311_109_H5N4F1A1,0.0,0.058301322,0.022439702,0.080745803,0.0,0.059695163
P25311_109_H5N4F2A1,0.0,0.0,0.0,0.0,0.0,0.100663277
P25311_109_H5N4F1A2,0.0,0.016269841,0.0,0.051610126,0.0,0.0
P25311_112_H5N4F1A1,0.0,0.0,0.0,0.0,0.0,0.044719528
P47710_69_H5N4F1,0.0,0.0,0.0,0.0,0.053600636,0.0
P47710_69_H5N4F1A1,0.0,0.0,0.0,0.099681566,0.097876842,0.0
P47710_69_H6N4A1,0.0,0.0,0.0,0.002530597,0.0,0.00488381
Q08380_69_H6N4F1A1,0.0,0.0,0.0,0.0,0.002353575,0.0
Q08380_125_H5N4F1A1,0.0,0.0,0.0,0.0,0.056440512,0.085805886
Q08380_551_H5N2,0.0,0.03951317,0.0,0.0,0.0,0.0
Q08380_551_H5N4A1,0.0,0.0,0.0,0.0,0.107579133,0.0
Q08380_551_H6N4A1,0.0,0.0,0.0,0.001307428,0.0,0.0
Q08431_238_H5N2,0.0,0.025815308,0.015329228,0.027182365,0.026613691,0.016354106
Q08431_238_H7N2,0.0,0.018822812,0.0,0.018280072,0.043978824,0.021556244
Q08431_238_H6N3A1,0.0,0.0,0.018053036,0.020129987,0.019810196,0.017655233
Q13410_55_H5N4F1A1,0.0,0.0,0.0,0.123524437,0.142877905,0.036538679
Q13410_55_H5N4F3,0.0,0.0,0.0,0.0,0.09525809,0.0
Q13410_55_H5N4A2,0.0,0.048965227,0.0,0.0,0.0,0.01713349
Q13410_55_H5N4F2A1,0.292177484,0.274675481,0.0,0.146987824,0.69058058,0.231798667
Q13410_55_H5N4F1A2,0.299235365,0.156508927,0.188282768,0.29733508,0.229830282,0.697922113
Q13410_55_H5N4F3A1,0.0,0.0,0.0,0.08072227,0.0,0.0
Q13410_55_H6N5F3A1,0.0,0.0,0.0,0.048993273,0.087778684,0.0
Q6WN34_114_H5N4F1A1,0.0,0.0,0.023866852,0.0,0.0,0.0
Q6ZMW3_1352_H3N5F1,0.0,0.0,0.0,0.0,0.0,0.655718781
Q9NZJ4_3757_H6N4A1,0.0,0.0,0.0,0.020308243,0.0,0.0
