glycan,5d_1,5d_2,5d_3,5d_bu_1,5d_bu_2,5d_bu_3,7d_1,7d_2,7d_3,7d_bu_1,7d_bu_2,7d_bu_3,14d_1,14d_2,14d_3,14d_bu_1,14d_bu_2,14d_bu_3,21d_1,21d_2,21d_3,21d_bu_1,21d_bu_2,21d_bu_3,24d_1,24d_2,24d_3,24d_bu_1,24d_bu_2,24d_bu_3
Gal(b1-3)GalNAc,0.00,0.00,0.00,0.00,0.00,0.00,0.00,0.00,0.00,0.00,0.00,0.00,2.74,1.98,1.79,0.00,0.00,0.00,2.25,1.80,0.00,1.33,0.00,2.13,0.00,1.72,1.21,0.00,0.00,0.00
Fuc(a1-2)Gal(b1-3)GalNAc,3.66,3.48,5.64,3.55,3.57,4.47,3.47,3.24,4.08,2.45,2.18,2.64,2.70,2.83,2.93,2.07,2.40,2.49,2.63,3.10,2.64,1.23,1.36,1.10,2.85,2.25,2.68,1.21,0.97,1.06
Gal(b1-3)[Neu5Ac(a2-6)]GalNAc,1.23,0.00,0.00,1.16,1.29,1.05,0.81,0.98,0.82,1.51,1.26,1.22,0.90,0.98,0.80,0.81,1.20,1.08,1.04,0.98,0.84,1.56,1.66,1.60,0.86,0.94,0.91,1.67,1.51,2.02
Neu5Ac(a2-3)Gal(b1-3)GalNAc,5.28,3.41,5.10,3.52,2.97,3.15,4.94,4.42,5.24,4.06,3.59,4.59,6.08,6.56,6.20,5.53,5.71,4.43,7.15,6.41,6.99,6.86,6.99,6.80,7.34,6.76,7.66,6.47,6.38,7.01
Neu5Ac(a2-3)Gal(b1-3)[Neu5Ac(a2-6)]GalNAc,39.59,36.99,37.96,32.97,35.89,33.15,31.28,35.14,33.01,32.29,33.55,28.37,31.19,31.34,33.20,31.10,33.85,27.97,35.17,32.13,34.88,33.54,34.34,30.93,38.43,33.22,33.84,35.53,38.42,35.49
Neu5Ac(a2-3)Gal(b1-3)[Neu5Ac(a2-8)Neu5Ac(a2-6)]GalNAc,0.39,0.00,0.41,0.00,0.00,0.00,0.38,0.00,0.36,0.35,0.35,0.48,0.25,0.29,0.21,0.40,0.57,0.54,0.35,0.32,0.46,0.71,0.99,0.62,0.00,0.00,0.18,1.03,0.83,0.79
Neu5Ac(a2-3)Gal(b1-3)[GlcNAc(b1-6)]GalNAc,0.00,0.00,0.00,0.00,0.00,0.75,0.64,0.61,0.54,0.49,0.43,0.59,0.64,0.66,0.99,0.77,0.57,0.63,0.73,0.60,0.69,0.66,0.89,0.61,0.75,0.75,0.48,0.52,0.68,0.67
Neu5Ac(a2-3)[GalNAc(b1-4)]Gal(b1-3)[Neu5Ac(a2-6)]GalNAc,1.58,2.11,1.66,3.25,3.40,3.74,1.48,1.34,1.37,2.81,2.73,2.79,1.35,1.35,0.99,3.58,2.59,2.88,0.84,0.94,1.03,2.18,2.63,2.76,0.93,0.58,0.67,1.93,1.74,1.85
Gal(b1-4)GlcNAc(b1-6)[Gal(b1-3)]GalNAc,8.71,6.19,7.21,6.72,5.95,6.36,7.95,7.40,7.82,6.92,6.71,8.07,11.42,10.23,8.38,9.28,8.77,9.22,9.09,7.78,8.82,9.55,10.71,10.01,7.97,9.04,7.47,7.23,8.64,7.39
Fuc(a1-3)[Gal(b1-4)]GlcNAc(b1-6)[Gal(b1-3)]GalNAc,0.00,0.00,0.00,0.00,0.00,0.00,0.44,0.00,0.50,0.29,0.39,0.00,0.58,0.24,0.44,0.00,0.32,0.16,0.61,0.33,0.00,0.21,0.40,0.39,0.00,0.58,0.33,0.28,0.00,0.31
Fuc(a1-2)Gal(b1-4)GlcNAc(b1-6)[Gal(b1-3)]GalNAc,1.15,0.62,1.32,1.07,1.10,0.80,1.15,0.67,1.03,0.46,0.70,0.76,0.46,0.57,0.72,0.58,0.72,0.53,0.51,0.67,0.84,0.55,0.54,0.39,0.65,0.63,0.61,0.60,0.45,0.53
Fuc(a1-2)Gal(b1-3)[Gal(b1-4)GlcNAc(b1-6)]GalNAc,4.89,4.38,4.76,5.41,4.43,4.80,4.62,4.21,4.51,4.01,2.90,3.79,3.27,3.32,3.28,3.91,2.90,3.70,3.23,3.58,3.67,1.95,1.86,2.16,3.16,3.66,3.91,1.42,1.15,1.40
Neu5Ac(a2-3)Gal(b1-4)[Fuc(a1-3)]GlcNAc(b1-6)[Gal(b1-3)]GalNAc,1.16,1.47,1.54,1.15,1.29,1.12,1.20,1.34,1.04,1.15,0.74,1.07,1.39,1.27,1.03,1.27,0.88,1.07,1.07,1.03,0.95,0.70,0.99,0.68,1.12,1.16,0.90,0.58,1.12,0.58
Fuc(a1-2)Gal(b1-4)GlcNAc(b1-6)[Neu5Ac(a2-3)Gal(b1-3)]GalNAc,0.69,0.69,0.67,0.95,0.87,0.70,0.87,0.85,1.08,0.84,0.68,0.83,0.62,0.91,1.00,0.79,0.86,1.00,0.69,0.90,0.99,0.57,0.74,0.71,0.89,0.95,0.82,0.33,0.57,0.43
Neu5Ac(a2-3)Gal(b1-4)GlcNAc(b1-6)[Fuc(a1-2)Gal(b1-3)]GalNAc,7.62,9.49,6.59,9.94,10.50,9.70,7.11,7.16,6.38,5.69,6.87,6.16,3.95,4.76,5.19,4.43,3.89,5.53,4.76,6.40,5.90,2.22,1.93,2.49,5.15,5.84,5.50,2.13,2.25,2.19
Neu5Ac(a2-3)Gal(b1-4)[Fuc(a1-3)]GlcNAc(b1-6)[Neu5Ac(a2-3)Gal(b1-3)]GalNAc,0.00,1.49,1.37,1.06,1.11,1.17,1.04,1.41,1.10,0.99,0.79,0.98,0.76,1.03,0.89,1.27,0.71,0.98,0.75,1.06,1.03,1.19,0.79,0.88,0.97,0.93,0.96,1.25,33.14,0.96
Fuc(a1-2)Gal(b1-4)GlcNAc(b1-6)[Fuc(a1-2)Gal(b1-3)]GalNAc,1.10,1.14,1.72,1.03,1.15,1.02,0.91,0.78,0.69,0.00,0.58,0.00,0.51,0.70,0.47,0.82,0.59,0.59,0.59,0.44,0.72,0.30,0.00,0.56,0.00,0.63,0.68,0.00,0.00,0.00
Fuc(a1-2)Gal(b1-4)GlcNAc(b1-6)[Fuc(a1-2)Gal(b1-3)]GalNAc,1.25,1.41,1.87,1.56,0.99,1.31,1.65,1.04,1.40,0.92,0.67,1.00,0.63,0.67,0.81,0.72,0.74,0.58,0.79,0.91,0.83,0.00,0.00,0.00,0.60,0.65,1.00,0.00,0.00,0.00
Neu5Ac(a2-3)Gal(b1-3)[Gal(b1-4)GlcNAc(b1-6)]GalNAc,4.45,4.10,3.31,5.43,5.29,4.28,5.26,5.31,4.43,7.05,5.59,7.17,7.75,7.91,7.39,7.02,6.57,8.42,6.30,5.64,4.85,8.63,7.63,8.12,6.17,6.13,5.81,6.23,7.86,7.01
Neu5Ac(a2-3)Gal(b1-4)GlcNAc(b1-6)[Gal(b1-3)]GalNAc,9.33,7.94,8.51,9.18,9.40,10.28,9.28,9.39,9.73,10.98,12.12,12.51,9.44,8.21,8.61,9.41,9.26,8.99,9.47,10.34,10.83,9.95,9.50,10.87,8.01,9.44,8.90,11.79,10.18,11.50
{Neu5Ac(a2-3)}Gal3/6S(b1-4)GlcNAc(b1-6)[Gal(b1-3)]GalNAc,1.31,1.31,0.00,2.07,1.93,2.00,1.52,1.00,1.21,1.77,1.47,1.21,0.65,0.50,0.71,0.00,0.75,0.61,0.24,0.52,0.42,0.41,0.45,0.38,0.00,0.35,0.44,0.51,0.00,0.41
Neu5Ac(a2-3)Gal(b1-4)GlcNAc(b1-6)[Neu5Ac(a2-3)Gal(b1-3)]GalNAc,0.00,0.00,0.00,0.00,0.80,0.00,0.00,0.00,1.01,0.41,0.63,0.86,0.95,1.24,0.91,0.00,1.07,1.03,0.85,1.09,0.63,0.76,0.66,0.79,0.75,0.84,1.02,0.72,0.00,0.59
Neu5Ac(a2-3)Gal(b1-4)GlcNAc(b1-6)[Neu5Ac(a2-3)Gal(b1-3)]GalNAc,6.62,7.51,7.68,10.00,8.07,10.14,8.03,8.24,8.71,10.69,10.17,10.32,7.88,7.18,7.66,9.44,10.83,10.86,7.37,9.26,9.07,11.28,11.64,10.81,9.01,9.87,9.04,12.60,11.31,12.83
Gal(b1-4)GlcNAc(b1-3)Gal(b1-4)GlcNAc(b1-6)[Gal(b1-3)]GalNAc,0.00,0.00,0.00,0.00,0.00,0.00,0.79,0.74,0.96,0.00,0.00,0.00,1.00,0.79,0.85,0.87,0.79,0.75,0.68,0.54,0.35,0.88,1.13,1.17,0.44,0.46,0.44,0.53,0.61,0.45
{Neu5Ac(a2-3)}Gal(b1-4)GlcNAc(b1-3)Gal(b1-4)GlcNAc(b1-6)[Gal(b1-3)]GalNAc,0.00,0.00,0.00,0.00,0.00,0.00,0.75,0.63,0.56,0.73,1.40,0.98,0.00,0.00,0.00,0.92,0.35,0.50,0.00,0.00,0.00,0.00,0.00,0.00,0.52,0.45,0.83,0.84,0.56,0.18
Neu5Ac(a2-3)Gal(b1-4)GlcNAc(b1-3)Gal(b1-4)GlcNAc(b1-6)[Neu5Ac(a2-3)Gal(b1-3)]GalNAc,0.00,0.00,0.00,0.00,0.00,0.00,0.68,0.38,0.49,0.00,0.00,0.00,0.78,0.59,1.22,0.71,0.72,0.94,0.72,0.63,0.74,0.38,0.50,0.71,0.76,0.40,0.94,0.00,0.27,0.27
Hex4HexNAc4NeuAc2,0.00,0.00,0.00,0.00,0.00,0.00,0.00,0.00,0.00,0.00,0.00,0.00,0.00,0.00,0.00,0.00,0.00,0.00,0.00,0.00,0.00,0.00,0.00,0.00,0.00,0.00,0.00,0.56,0.00,0.48
Hex4HexNAc4NeuAc2,0.00,0.00,0.00,0.00,0.00,0.00,0.00,0.00,0.00,0.00,0.00,0.00,0.00,0.00,0.00,0.00,0.00,0.00,0.00,0.00,0.00,0.00,0.00,0.00,0.00,0.00,0.00,0.54,0.00,0.49
Hex4HexNAc4NeuAc3,0.00,0.00,0.00,0.00,0.00,0.00,0.00,0.00,0.00,0.00,0.00,0.00,0.00,0.00,0.00,0.00,0.00,0.00,0.00,0.00,0.00,0.00,0.00,0.00,0.00,0.00,0.00,0.35,0.00,0.52
Hex4HexNAc4NeuAc3,0.00,0.00,0.00,0.00,0.00,0.00,0.00,0.00,0.00,0.00,0.00,0.00,0.00,0.00,0.00,0.00,0.00,0.00,0.00,0.00,0.00,0.00,0.00,0.00,0.00,0.00,0.00,0.28,0.00,0.00
Hex2HexNAc3NeuAc1,0.00,6.27,2.67,0.00,0.00,0.00,2.43,2.62,0.82,1.28,2.31,2.61,1.84,2.99,2.09,3.36,1.02,3.21,1.44,1.60,0.93,1.35,0.78,0.89,1.57,0.88,2.18,1.86,2.37,1.65
Hex3HexNAc3NeuAc2,0.00,0.00,0.00,0.00,0.00,0.00,1.30,1.12,1.11,1.86,1.19,0.99,0.28,0.88,1.25,0.92,1.37,1.33,0.68,1.01,0.90,1.05,0.89,1.44,1.10,0.90,0.58,0.99,0.86,0.94
