glycan,WT_1,ST3GAL1_1,ST3GAL2_1,ST3GAL3_1,ST3GAL4_1,ST3GAL5_1,ST3GAL6_1,ST3GAL1+2_1,ST3GAL4+6_1,WT_2,ST3GAL1_2,ST3GAL2_2,ST3GAL3_2,ST3GAL4_2,ST3GAL5_2,ST3GAL6_2,ST3GAL1+2_2,ST3GAL4+6_2,WT_3,ST3GAL1_3,ST3GAL3_3,ST3GAL4_3,ST3GAL6_3,ST3GAL4+6_3,WT_4
Neu5Ac,0.3048529,0.2533329,0.0504219,0.3063395,0.2911182,0.0759377,0.3958714,0.0917167,0.1749643,0.1511059,0.2396097,0.0156593,0.1836357,0.1347478,0.121199,0.1756257,0.153225,0.8473589,0.5455133,0.4985745,0.2289727,0.3185592,0.4261582,1.0302353,0.9629823
Neu5Ac,0.3693055,0.3075923,0.1197211,0.335307,0.3909764,0.3628325,0.5245619,0.2283598,0.4010965,0.3135693,0.2714963,0.3676855,0.3697332,0.2225874,0.1813771,0.1927507,0.3085541,0.8526498,0.5361579,0.4736002,0.3504549,0.4003354,0.4244871,1.0166723,0.8457094
Fuc,0.4041937,0.3549122,0.3802396,0.2697436,0.818953,0.4497851,0.693902,0.3016909,0.5022507,1.0624335,0.9511403,0.9351109,0.9722387,1.2655629,1.0685332,1.5988386,1.1670177,0.0244781,0.3149664,0.3279912,0.3925794,0.317775,0.4796154,0.2139003,0.0939086
GlcNAc,2.5714781,2.2015032,1.4796215,0.5287741,1.9811958,2.1867483,3.5755353,1.7961485,1.9548467,3.0023209,2.1031354,3.1274884,2.9170269,2.5783451,2.8131708,7.3242446,2.6605046,1.1066524,3.3576082,2.0466026,1.6353839,1.9127996,2.84422,1.9457647,3.7254657
GalNAc,0.3349984,0.4121558,0.3869514,0.3273388,0.496847,0.5610861,0.7894477,0.5769959,0.4171245,0.5786764,0.680061,0.7104847,0.5491405,0.241102,0.4597905,0.6656955,0.4946542,0.3995066,0.4677331,0.5495342,0.3383985,0.3793117,0.6093491,0.5193797,0.6100727
Neu5Ac(a2-3)Gal,1.2141657,0.2709088,0.6558245,1.1721464,1.896681,1.3413458,1.563748,0.0513538,2.7931712,1.3553457,0.4614132,1.2891434,2.0068063,1.7016562,1.8851974,1.0091146,0.0114888,1.3960481,1.1022997,0.2458348,1.4356255,1.5661596,1.8962022,1.932149,1.6646629
Glc(b1-3)Fuc,6.0255422,5.502191,7.7862498,11.7809636,6.4272919,10.2223069,3.7831686,1.8905242,5.4423906,3.6020436,7.7978522,9.4330196,8.8443283,10.3292126,11.8477442,1.4362901,2.3747324,4.7161919,6.8915893,8.1410535,13.150688,13.4802557,6.5113112,4.3280765,2.80249
Gal(b1-3)GalNAc,17.0998823,16.6809318,13.478523,11.3898082,11.3183891,8.2755362,16.9957438,27.6958364,11.0577273,21.4840636,15.4797898,13.7509542,11.3504572,8.4472803,9.0762921,25.2421879,27.0197299,10.2616675,18.3416397,14.0347131,7.092588,8.2562625,14.9931752,13.6619456,20.5777709
Gal(b1-4)GlcNAc,3.5876587,3.1960231,4.1424075,5.0745936,4.5792628,5.3115968,2.4835823,2.6552323,2.9831832,3.1658315,3.814608,4.2881464,4.2414999,7.2376718,4.5708472,2.9480729,2.6769313,2.5926651,3.7524591,3.4975406,5.1811637,5.5195547,2.6135851,3.2166148,2.2889343
Neu5Ac(a2-3)Gal(b1-3)GalNAc,9.1200851,4.0595956,2.0490554,9.608959,8.8877657,11.4456646,9.4447469,0.1970583,10.6644536,10.3929271,6.1534938,4.1826006,8.3642292,11.1548424,10.4679849,6.6093623,0.5121911,7.9111273,7.8051272,4.3468975,6.4395395,7.667185,9.6886367,10.3930025,8.8141879
Gal(b1-3)[Neu5Ac(a2-6)]GalNAc,3.1980267,2.6467221,1.0693899,1.1820573,2.5709055,2.6618025,3.318976,6.3673957,2.3902163,3.7875333,3.0762246,1.7999579,2.942501,1.7118587,1.8986435,4.5616037,5.5936977,2.0346785,2.7604398,2.007785,1.2220504,1.2350392,2.0366771,2.7045161,3.5239655
Gal(b1-3)[GlcNAc(b1-6)]GalNAc,0.2783651,0.3746891,0.4210587,0.1082359,0.1748796,0.0883506,1.0032741,0.4475492,0.1009523,0.1863532,0.1629775,0.2030886,0.0678494,0.086124,0.031511,0.0755882,0.4284701,0.2001647,0.2835709,0.3759358,0.1082985,0.1098864,0.475772,0.1955327,0.128285
Neu5Ac(a2-3)Gal(b1-3)[Neu5Ac(a2-6)]GalNAc,0.8456439,0.7151433,0.1041954,1.3195903,1.6000885,2.834434,1.5927962,0.027853,2.4225781,1.2142826,1.4992888,0.6466916,1.5745619,1.5992622,1.9136283,0.9976417,0.0209262,1.7898906,0.9073652,0.9832207,1.2691367,1.6080833,1.4818847,1.8995631,1.1632344
Gal(b1-3/4)GlcNAc(b1-3)Gal(b1-3)GalNAc,0.15731,0.1024045,0.1232345,0.0922786,0.4228793,0.2107167,0.406041,0.192669,1.3904298,0.1308594,0.0113208,4.17E-03,0.0805318,0.545481,0.0450896,0.094923,0.0198708,1.2846099,0.0834038,0.0485714,0.0368133,0.2102818,0.1226294,0.8518913,0.1535814
Gal(b1-3/4)GlcNAc(b1-6)[Gal(b1-3)]GalNAc,10.2746219,14.8144127,13.1241179,5.461263,8.9899685,2.0763779,9.9296686,13.82068,7.7830935,11.9794803,8.0442988,5.7440786,6.5975704,4.4569306,1.8506533,10.2900335,13.0517327,15.0337856,10.2952605,12.6528552,4.1775313,5.6628186,8.6854334,10.5475586,13.3241352
Neu5Ac(a2-3)Gal(b1-3)[Gal(b1-3/4)GlcNAc(b1-6)]GalNAc,1.7533209,0.0212837,1.5412459,1.2164497,8.7355401,0.541592,1.7985966,0.0230436,11.471042,1.8028677,0.0405633,1.0282211,1.1218085,4.6975477,0.4013837,0.7189779,0.0322983,10.2957133,1.8941693,0.0239613,1.2792116,7.8309964,2.8055965,11.4260525,1.8303979
Neu5Ac(a2-3)Gal(b1-3/4)GlcNAc(b1-3)Gal(b1-3)GalNAc,0.0600322,0.1822853,0.0404159,0.149385,0.023132,2.1276711,0.8325486,0.4124751,0.0207915,0.0934477,0.2173653,0.0320694,0.2541964,0.036146,0.4754563,0.0100072,0.2614211,8.24E-03,0.0301708,0.2001674,0.2197183,0.0304756,0.1086668,5.20E-03,0.0434287
Neu5Ac(a2-3)Gal(b1-3/4)GlcNAc(b1-6)[Gal(b1-3)]GalNAc,3.5990142,12.3286985,3.8298162,3.2042046,0.7896554,0.9040141,3.3953173,18.1877255,0.2622825,3.3901587,11.9495777,3.2225474,3.8837362,0.2643223,1.9382011,3.2735569,12.8596356,0.6360588,3.1695005,12.3293103,2.7531631,0.3774991,2.8539457,0.6261179,3.7978704
{Fuc(a1-2/3/4)}Gal(b1-3/4)GlcNAc(b1-6)[Gal(b1-3)]GalNAc,3.0965195,3.7993799,4.2460994,0.9872388,2.781015,0.5168702,3.6018272,6.342848,2.3448287,2.5721607,1.7467864,1.0508107,2.0082581,0.4533308,0.4327038,3.4797261,5.3206333,4.4064444,2.6707396,3.1730724,0.8379117,0.7589905,2.0677882,3.6057143,4.1034197
{Fuc(a1-2/3/4)}Gal(b1-3/4)GlcNAc(b1-6)[Gal(b1-3)]GalNAc,0.5673609,0.0221522,0.2552388,0.3309119,0.2877941,0.0716969,1.3576027,0.0985271,0.5289768,0.3910353,0.0198001,0.2433786,7.04E-03,0.3947709,0.0271247,0.0339354,0.1861687,0.3590273,0.3085361,0.240465,0.0492111,0.2512732,0.4682598,0.3634833,0.3570053
Neu5Ac(a2-3)Gal(b1-3/4)GlcNAc(b1-6)[Neu5Ac(a2-3)Gal(b1-3)]GalNAc,5.5948965,0.3340467,4.6569243,6.8326605,1.9440697,6.0807336,8.3626139,0.4022156,1.9425294,5.8346202,0.2892284,7.1586585,8.1358687,0.8970548,7.8725732,3.3977386,0.0628797,1.6424758,6.121635,0.4206065,7.6459287,1.3755182,7.6875222,1.314117,6.5228718
{Fuc(a1-2/3/4)}Neu5Ac(a2-3)Gal(b1-3)[Gal(b1-3/4)GlcNAc(b1-6)]GalNAc,0.182952,0.0209013,0.4357153,0.1347278,2.2860293,0.2430098,0.422307,0.0219882,3.087959,0.2553645,0.0534647,0.0676156,0.1951846,0.3460434,0.0350512,0.2858433,0.0257589,2.8161738,0.4014133,0.0141829,0.2211348,1.1708163,0.4048479,3.3533914,0.4703694
{Gal(b1-3/4)GlcNAc(b1-3)}Gal(b1-3/4)GlcNAc(b1-6)[Gal(b1-3)]GalNAc,0.0173704,0.0159932,0.0200304,0.0151695,2.0405891,0.019808,0.0366034,0.0612008,4.0133883,0.0210912,0.0221506,0.0663062,0.0329773,0.0357964,0.0206585,0.0592281,1.0971912,4.8632376,0.0210988,0.0172291,0.0139984,0.0265786,0.0360728,1.4899715,0.0348415
{Gal(b1-3/4)GlcNAc(b1-3)}Gal(b1-3/4)GlcNAc(b1-6)[Gal(b1-3)]GalNAc,0.4301426,0.2807545,0.2848042,0.0906162,0.2267038,0.0114709,0.6728662,0.2317323,0.3046173,0.5365366,6.05E-03,0.2244101,7.45E-03,0.0113593,0.0112556,0.0381862,0.3884922,0.6076805,0.289459,0.107625,0.0327193,0.1235338,0.3338447,0.6955186,0.6692493
{Neu5Ac(a2-3)Gal(b1-3/4)GlcNAc(b1-3)}Gal(b1-3/4)GlcNAc(b1-6)[Gal(b1-3)]GalNAc,5.60E-04,0.0145955,0.0158767,8.92E-03,0.1987732,0.018156,9.85E-03,4.72E-03,0.4468702,0.0238034,0.0112628,0.0166035,0.0155038,0.1161282,0.0167493,0.0268725,0.0139449,0.7553584,0.0185117,8.53E-04,8.59E-03,0.1908945,0.0100562,0.8102794,0.0167453
{Neu5Ac(a2-3/6)Gal(b1-3/4)GlcNAc(b1-3)}Gal(b1-3/4)GlcNAc(b1-6)[Gal(b1-3)]GalNAc,0.0164321,0.3158825,0.0136455,7.39E-03,0.1963728,0.0777926,0.2533913,0.1436768,0.1247156,0.0456975,0.0200894,0.0178108,0.0107324,0.0134611,7.59E-03,0.0213499,0.1704908,0.3042583,5.68E-04,0.0595675,6.82E-03,6.77E-03,0.1024808,0.0881077,0.0128507
{Neu5Ac(a2-3/6)}{GlcNAc(b1-3/6)}{GlcNAc(b1-3/6)}{Gal(?1-3/4)}{Gal(?1-3/4)}Gal(b1-3)GalNAc,0.1000714,0.2772148,7.88E-03,6.06E-03,0.0185745,0.0109462,0.2068402,0.1862204,0.1100602,0.0172091,0.1543728,0.014473,9.40E-03,0.0209429,7.07E-03,0.1045446,0.2899432,0.1261174,8.47E-03,0.1282397,0.2311047,6.53E-03,0.0158869,0.0303194,0.0132534
{Gal(b1-3/4)GlcNAc(b1-3)}{Fuc(a1-2/3/4)}Gal(b1-3/4)GlcNAc(b1-6)[Gal(b1-3)]GalNAc,9.94E-03,6.48E-03,4.87E-03,7.77E-03,0.6759513,0.021179,2.66E-03,2.35E-03,1.4022072,0.0234645,0.0138127,0.0266494,0.0146479,0.0310489,5.46E-03,0.0126823,0.0175034,1.6774893,0.0122401,6.14E-03,0.0135515,2.85E-03,0.0141024,0.9693595,0.0182938
{Gal(b1-3/4)GlcNAc(b1-3)}{Fuc(a1-2/3/4)}Gal(b1-3/4)GlcNAc(b1-6)[Gal(b1-3)]GalNAc,0.2151731,0.3569891,0.2053388,0.0380799,0.1500853,0.017662,0.3823969,0.3785509,0.1916794,0.243087,0.1916927,0.0194971,0.0922194,0.0277342,4.79E-03,0.3238789,0.3906834,0.3083998,0.3551839,0.1084737,9.24E-03,9.20E-03,0.1100983,0.4272317,0.5841909
H3N3S2,0.202351,0.0132958,0.0475313,9.50E-03,3.06E-03,0.1580919,0.2701131,0.0244562,0.0694239,0.0975362,0.0120612,0.0852447,0.0957321,0.0475255,0.0321174,0.0190327,8.61E-03,0.0626395,4.69E-03,3.52E-03,0.1954617,0.0170209,0.0683119,0.0477291,0.1347534
Neu5Ac(a2-3)Gal(b1-3/4)GlcNAc(b1-3)Gal(b1-3)[Neu5Ac(a2-3)Gal(b1-3/4)GlcNAc(b1-6)]GalNAc,0.6208304,3.4285531,0.2837522,1.1244796,8.66E-03,2.3658105,2.6642663,4.1845384,0.0661596,1.172137,4.3908095,1.6905701,3.8878655,9.98E-03,1.9341786,0.6500917,3.5399154,4.03E-03,0.9488674,3.2069196,3.1168572,6.06E-03,1.0167117,7.75E-03,1.166282
Xyl(?1-?)Glc,0.5204662,0.4353049,0.7419869,0.7883005,0.4720998,1.1795671,0.6940625,0.2645598,0.5825397,0.4421143,0.8333574,0.9323194,0.4768697,0.680202,0.825646,0.6156185,0.3825375,0.6543461,0.5107053,0.8567066,0.6566963,0.8521826,0.7188387,0.5636209,0.6848173
Xyl(?1-?)Xyl(?1-?)Glc,26.7520346,25.7886747,37.6595972,35.9504119,27.1262468,37.1820961,17.9853053,12.1449131,20.7804906,20.2151977,29.1093476,37.3802482,28.345082,39.5847277,37.3090826,22.6147259,17.8477642,18.1344896,25.2578393,28.5413245,39.4089342,37.7094372,27.4280441,18.26445,18.7243479
{Fuc(a1-2/3/4)}Gal(b1-3/4)GlcNAc,0.3486693,0.2470695,0.2598612,0.0917008,0.3516301,0.2266243,0.255962,0.3475837,0.5220177,0.279923,0.1198148,0.1090161,0.3307107,0.2204269,0.3286453,0.8669537,0.3369325,0.4741188,0.3695823,0.1341034,0.2032638,0.2445095,0.2693392,0.2844701,8.29E-03
Gal(b1-3/4)GlcNAc(b1-?)Hex,0.0379407,0.1317711,0.0725921,0.0179866,0.6129743,0.0515285,0.1555993,0.0853001,1.0191284,0.0129449,0.0320931,0.0241849,0.0104466,0.3329977,0.0741518,0.0261985,0.1189659,1.1365715,0.0361588,0.0490914,0.0359518,0.2068921,0.0910708,0.8620619,0.0111143
Gal(b1-3/4)GlcNAc(b1-2)Man,0.0877913,0.0861562,5.77E-03,0.0306255,0.2238467,0.0691571,0.1381997,0.1103125,0.2298135,0.1227767,0.0195892,0.0910902,2.16E-03,0.06579,8.45E-03,0.1988785,0.1545026,0.2756552,0.1253311,0.1477296,1.30E-03,0.1576587,0.0993776,0.3082468,0.1162227
