glycan,frontal cortex,parietal cortex,occipital cortex,posterior hippocampus,thalamus,caudate nucleus,lateral cerebellum,pons,cingulate cortex,temporal cortex,HS-95 temporal cortex,AD-74 temporal cortex,AD-93 temporal cortex
Fuc(a1-2)Gal(b1-3)GalNAc(b1-4)Gal(b1-4)Glc1Cer,0,0,0.01,0,0.04,0.01,0.08,0.19,0.02,0,0.06,0.07,0.05
{Fuc(a1-2/3/4)}Neu5Ac(a2-3)Gal(b1-3)GalNAc(b1-4)[Neu5Ac(a2-3)]Gal(b1-4)Glc1Cer,0.03,0.03,0.03,0,0,0.03,0.13,0,0.01,0.03,0.04,0,0
Fuc(a1-2)Gal(b1-3)GalNAc(b1-4)[Neu5Ac(a2-8)Neu5Ac(a2-3)]Gal(b1-4)Glc1Cer,0.02,0.02,0.02,0,0,0,0.18,0,0,0.01,0.04,0.03,0.06
Fuc(a1-2)Gal(b1-3)GalNAc(b1-4)[Neu5Ac(a2-3)]Gal(b1-4)Glc1Cer,0.03,0.02,0,0,0,0,0.15,0.01,0.01,0.04,0.07,0.05,0.11
Gal(b1-3)GalNAc(b1-4)Gal(b1-4)Glc1Cer,0.14,0,0.15,0,0,0.31,0.16,0.12,0,0.28,0.51,0.55,0.18
{Neu5Ac(a2-3/8)}Gal(b1-3)GalNAc(b1-4)[Neu5Ac(a2-3)]Gal(b1-4)Glc1Cer,0.32,0.24,0.41,0.1,0.16,0.55,0.51,0.06,0.14,1.34,2.05,0.24,0.2
Neu5Ac(a2-3)Gal(b1-3)GalNAc(b1-4)[Neu5Ac(a2-3)]Gal(b1-4)Glc1Cer,11.86,1.95,10.99,1.43,1.77,11.78,2.03,0.58,1.21,11.04,12.66,1.97,2.56
{OAc}Neu5Ac(a2-3)Gal(b1-3)GalNAc(b1-4)[Neu5Ac(a2-3)]Gal(b1-4)Glc1Cer,0,0.06,0.06,0,0.02,0.06,0,0,0.03,0,0,0.05,0
Gal(b1-3)GalNAc(b1-4)[Neu5Ac(a2-8)Neu5Ac(a2-3)]Gal(b1-4)Glc1Cer,42.37,37.15,31.03,11.03,31.45,41.7,49.4,12.47,18.27,36.71,38.23,41.31,45.75
{OAc}Gal(b1-3)GalNAc(b1-4)[Neu5Ac(a2-8)Neu5Ac(a2-3)]Gal(b1-4)Glc1Cer,0.94,1.24,1.03,0.15,0.56,1.22,0.57,0.14,0.39,0.85,0.46,0.59,0.69
GalNAc(b1-4)[Neu5Ac(a2-8)Neu5Ac(a2-3)]Gal(b1-4)Glc1Cer,2.3,1.87,1.72,0.1,1.38,1.44,2.75,0.24,0.86,1.93,2.71,4.22,2.7
Neu5Ac(a2-8)Neu5Ac(a2-3)Gal(b1-4)Glc1Cer,1.88,2.38,1.81,0.34,0.88,2.27,1.85,1.01,1.72,1.51,1.54,1.19,0.64
Gal(b1-3)GalNAc(b1-4)[Neu5Ac(a2-3)]Gal(b1-4)Glc1Cer,23.69,18.03,26.87,68.51,17.67,20.95,14.15,31.78,26.94,32.77,26.02,31.72,29.7
GalNAc(b1-4)[Neu5Ac(a2-3)]Gal(b1-4)Glc1Cer,1.15,0.81,0.65,0.18,0.62,1.53,0.95,0.58,0.62,1.14,1.27,2.65,2.15
Neu5Ac(a2-3)Gal(b1-4)Glc1Cer,0.67,0.55,0.58,0,0.95,0.88,1.26,1.54,0.83,0.56,1.04,1.71,1.55
Neu5Ac(a2-8)Neu5Ac(a2-3)Gal(b1-3)GalNAc(b1-4)[Neu5Ac(a2-8)Neu5Ac(a2-3)]Gal(b1-4)Glc1Cer,0.19,0.28,0.35,0.2,0.86,0.27,0.43,0.34,0.12,0.13,0.1,0.13,0.13
{Neu5Ac(a2-8)}Neu5Ac(a2-3)Gal(b1-3)GalNAc(b1-4)[Neu5Ac(a2-3)]Gal(b1-4)Glc1Cer,0.03,0.03,0.04,0.18,0.02,0.04,0.07,0,0,0.08,0.14,0.02,0.01
Neu5Ac(a2-8)Neu5Ac(a2-3)Gal(b1-3)GalNAc(b1-4)[Neu5Ac(a2-3)]Gal(b1-4)Glc1Cer,0.51,0.44,0.52,0.58,0.8,0.63,0.83,0.2,0.26,0.42,0.38,0.34,0.28
Neu5Ac(a2-3)Gal(b1-3)GalNAc(b1-4)[Neu5Ac(a2-8)Neu5Ac(a2-3)]Gal(b1-4)Glc1Cer,6.04,7.88,8.77,9.5,9.87,7.04,9.3,2.79,4.4,4.84,5.28,4.49,3.91
{OAc}Neu5Ac(a2-3)Gal(b1-3)GalNAc(b1-4)[Neu5Ac(a2-8)Neu5Ac(a2-3)]Gal(b1-4)Glc1Cer,0.46,1.28,1.19,0.32,0.91,0.49,0.47,0.1,0.33,0.05,0.15,0.11,0.22
Neu5Ac(a2-8)Neu5Ac(a2-8)Neu5Ac(a2-3)Gal(b1-4)Glc1Cer,0,0,0,0,0.16,0.01,0.24,0.14,0,0,0.01,0,0
Gal1Cer,1.63,5.76,2.44,2.33,4.63,0.21,2.25,9.56,5.52,0.85,0.72,0.68,0.38
{Gal(?1-?)}Fuc(a1-2)Gal(b1-3)GalNAc(b1-4)Gal(b1-4)Glc1Cer,0,0,0,0,1.3,1.76,0,0,0.06,0,1.25,0,0.72
{Fuc(a1-2/3/4)}{Gal(?1-?)}Neu5Ac(a2-3)Gal(b1-3)GalNAc(b1-4)[Neu5Ac(a2-3)]Gal(b1-4)Glc1Cer,0.14,0.15,0.21,0,0.19,0.16,0.14,0.04,0.08,0.11,0.02,0.06,0.07
{Gal(?1-?)}Fuc(a1-2)Gal(b1-3)GalNAc(b1-4)[Neu5Ac(a2-8)Neu5Ac(a2-3)]Gal(b1-4)Glc1Cer,0,0.04,0.07,0,0.05,0,0,0,0,0,0,0.04,0
{Gal(?1-?)}Fuc(a1-2)Gal(b1-3)GalNAc(b1-4)[Neu5Ac(a2-3)]Gal(b1-4)Glc1Cer,1.72,1.4,1.31,2.17,0.94,4.14,0.14,1,2.01,1.73,1.98,1.71,2.49
{GalNAc(?1-?)}Fuc(a1-2)Gal(b1-3)GalNAc(b1-4)[Neu5Ac(a2-3)]Gal(b1-4)Glc1Cer,0,0.09,0,0,0,0,0,0,0,0,0,0.03,0.05
Gal(b1-4)Glc1Cer,0.25,0.34,0.2,0.1,0.32,0.17,0.35,0.67,0.35,0.39,0.58,0.75,0.46
Gal3S(b1-4)Glc1Cer,0.06,0.16,0.12,0,0.24,0.08,0.1,0.18,0.19,0.05,0.04,0.04,0.03
Gal3S1Cer,3.58,17.76,9.43,2.78,24.18,2.27,11.42,36.25,35.63,3.16,2.69,5.26,4.91
