glycan,MDA-MB-231_1,MDA-MB-231_2,MDA-MB-231_3,THP-1_1,THP-1_2,THP-1_3
Man(a1-3/6)Man(b1-4)GlcNAc(b1-4)GlcNAc,0,0,0,0.511931739,0.613873187,0.646703988
Man(a1-3/6)Man(b1-4)GlcNAc(b1-4)[Fuc(a1-6)]GlcNAc,0,0,0,5.534951888,3.781928755,5.134815592
Man(a1-3)[Man(a1-6)]Man(b1-4)GlcNAc(b1-4)GlcNAc,0,0,0,2.579993613,2.122620916,2.422432481
Man(a1-3)[Man(a1-6)]Man(b1-4)GlcNAc(b1-4)[Fuc(a1-6)]GlcNAc,1.415696542,1.916235504,1.769961476,3.883611082,3.304094304,4.923012279
Man(a1-3)[Man(a1-6)]Man(a1-6)[Man(a1-3)]Man(b1-4)GlcNAc(b1-4)GlcNAc,2.316565288,3.163382736,2.715349855,5.874009747,6.663934383,3.941733401
Man(a1-2)Man(a1-3)[Man(a1-3)[Man(a1-6)]Man(a1-6)]Man(b1-4)GlcNAc(b1-4)GlcNAc,4.663999558,4.836218215,5.731335526,4.138977512,5.528121948,4.744239935
{Man(a1-2)}Man(a1-2)Man(a1-3)[Man(a1-3)[Man(a1-6)]Man(a1-6)]Man(b1-4)GlcNAc(b1-4)GlcNAc,8.040944153,5.641020271,5.924456824,4.155727976,4.635287974,3.877746205
{Man(a1-2)}Man(a1-2)Man(a1-3)[Man(a1-3)[Man(a1-6)]Man(a1-6)]Man(b1-4)GlcNAc(b1-4)GlcNAc,2.417681904,2.573947562,3.336726391,1.573045682,3.262507625,1.748605221
{Man(a1-2)}Man(a1-2)Man(a1-3/6)[Man(a1-3/6)]Man(a1-6)[Man(a1-2)Man(a1-3)]Man(b1-4)GlcNAc(b1-4)GlcNAc,17.53380542,14.29164979,15.63430601,6.524444372,8.90662766,9.014067315
{Man(a1-2)}Man(a1-2)Man(a1-3/6)[Man(a1-3/6)]Man(a1-6)[Man(a1-2)Man(a1-3)]Man(b1-4)GlcNAc(b1-4)GlcNAc,0,0,0,0.768142526,0.925004128,0.722414811
Man(a1-2)Man(a1-2)Man(a1-3)[Man(a1-2)Man(a1-3)[Man(a1-2)Man(a1-6)]Man(a1-6)]Man(b1-4)GlcNAc(b1-4)GlcNAc,15.16596857,12.16814767,15.79857688,12.69022666,14.13870679,9.802058629
Glc(a1-3)Man(a1-2)Man(a1-2)Man(a1-3)[Man(a1-2)Man(a1-3)[Man(a1-2)Man(a1-6)]Man(a1-6)]Man(b1-4)GlcNAc(b1-4)GlcNAc,4.00629704,4.642632177,4.178070752,0.993053936,1.241018982,1.705207187
GlcNAc(b1-2)Man(a1-3)[GlcNAc(b1-2)Man(a1-6)]Man(b1-4)GlcNAc(b1-4)[Fuc(a1-6)]GlcNAc,3.249854455,2.866534384,2.555225336,0.069026146,0,0.872833666
Gal(b1-4)GlcNAc(b1-2)Man(a1-3)[Man(a1-3)[Man(a1-6)]Man(a1-6)]Man(b1-4)GlcNAc(b1-4)GlcNAc,0.791977505,1.961309168,1.132634835,1.590399645,2.701830532,1.636961448
Gal(b1-4)GlcNAc(b1-2)Man(a1-3)[Gal(b1-4)GlcNAc(b1-2)Man(a1-6)]Man(b1-4)GlcNAc(b1-4)GlcNAc,1.031793904,1.250837571,1.204084207,0.822280122,1.016109216,1.273583542
Neu5Ac(a2-3/6)Gal(b1-4)GlcNAc(b1-2)Man(a1-3)[Man(a1-6)]Man(b1-4)GlcNAc(b1-4)[Fuc(a1-6)]GlcNAc,0.472869223,0.452145016,0.196206562,0,0,0
Neu5Ac(a2-3/6)Gal(b1-4)GlcNAc(b1-2)Man(a1-3)[Man(a1-3/6)Man(a1-6)]Man(b1-4)GlcNAc(b1-4)GlcNAc,1.242121346,1.31826607,1.127067505,1.365135066,1.537415847,1.861620186
Gal(b1-4)GlcNAc(b1-2)Man(a1-3)[Gal(b1-4)GlcNAc(b1-2)Man(a1-6)]Man(b1-4)GlcNAc(b1-4)[Fuc(a1-6)]GlcNAc,4.794256493,4.847958423,5.045501306,3.016148413,2.318379524,2.177499781
Neu5Ac(a2-3/6)Gal(b1-4)GlcNAc(b1-2)Man(a1-3)[Man(a1-3/6)Man(a1-6)]Man(b1-4)GlcNAc(b1-4)[Fuc(a1-6)]GlcNAc,0.66052939,0.435110094,0.514688247,0,0,0
Neu5Ac(a2-6)Gal(b1-4)GlcNAc(b1-2)Man(a1-3)[Man(a1-3)[Man(a1-6)]Man(a1-6)]Man(b1-4)GlcNAc(b1-4)GlcNAc,0.568814376,0.850679307,0.442647504,1.14376887,1.611309908,2.607012774
Neu5Ac(a2-3)Gal(b1-4)GlcNAc(b1-2)Man(a1-3)[Man(a1-3)[Man(a1-6)]Man(a1-6)]Man(b1-4)GlcNAc(b1-4)GlcNAc,1.366384614,2.31756135,1.466061295,1.027913412,1.490720201,0.816681283
Neu5Ac(a2-6)Gal(b1-4)GlcNAc(b1-2)Man(a1-3/6)[Gal(b1-4)GlcNAc(b1-2)Man(a1-3/6)]Man(b1-4)GlcNAc(b1-4)GlcNAc,0.916264015,1.243039699,0.946170678,2.200708391,2.938220719,2.758548798
Neu5Ac(a2-3)Gal(b1-4)GlcNAc(b1-2)Man(a1-3/6)[Gal(b1-4)GlcNAc(b1-2)Man(a1-3/6)]Man(b1-4)GlcNAc(b1-4)GlcNAc,2.202389277,2.309914674,2.118102921,1.267372382,1.814847923,0.974148944
Gal(b1-4)GlcNAc(b1-2)[GlcNAc(b1-4/6)]Man(a1-3/6)[Gal(b1-4)GlcNAc(b1-2)Man(a1-3/6)]Man(b1-4)GlcNAc(b1-4)[Fuc(a1-6)]GlcNAc,0,0,0,0.727889452,0.33926799,0.623570605
Neu5Ac(a2-6)Gal(b1-4)GlcNAc(b1-2)Man(a1-3/6)[Gal(b1-4)GlcNAc(b1-2)Man(a1-3/6)]Man(b1-4)GlcNAc(b1-4)[Fuc(a1-6)]GlcNAc,3.623905166,5.772298927,6.569675725,5.769733069,7.008827313,8.1804024
Neu5Ac(a2-3)Gal(b1-4)GlcNAc(b1-2)Man(a1-3/6)[Gal(b1-4)GlcNAc(b1-2)Man(a1-3/6)]Man(b1-4)GlcNAc(b1-4)[Fuc(a1-6)]GlcNAc,2.853368893,7.696225905,8.122965844,1.335391795,2.624924335,3.424248653
Fuc(a1-3)[Gal(b1-4)]GlcNAc(b1-2)Man(a1-3)[Fuc(a1-3)[Gal(b1-4)]GlcNAc(b1-2)Man(a1-6)]Man(b1-4)GlcNAc(b1-4)[Fuc(a1-6)]GlcNAc,0,0,0,1.1198089,0.448824637,1.665229819
Neu5Ac(a2-6)Gal(b1-4)GlcNAc(b1-2)Man(a1-3)[Neu5Ac(a2-6)Gal(b1-4)GlcNAc(b1-2)Man(a1-6)]Man(b1-4)GlcNAc(b1-4)GlcNAc,0.753223495,1.020846528,0.761923316,2.528946578,1.13418355,2.295992866
Neu5Ac(a2-3)Gal(b1-4)GlcNAc(b1-2)Man(a1-3/6)[Neu5Ac(a2-6)Gal(b1-4)GlcNAc(b1-2)Man(a1-3/6)]Man(b1-4)GlcNAc(b1-4)GlcNAc,1.061744806,2.203810407,2.790455586,6.506727769,3.092535365,3.295989647
Neu5Ac(a2-3)Gal(b1-4)GlcNAc(b1-2)Man(a1-3)[Neu5Ac(a2-3)Gal(b1-4)GlcNAc(b1-2)Man(a1-6)]Man(b1-4)GlcNAc(b1-4)GlcNAc,1.008522323,2.069947394,2.540417421,1.748701609,1.299800221,0.659663151
{Fuc(a1-3)}Neu5Ac(a2-3/6)Gal(b1-4)GlcNAc(b1-2)Man(a1-3/6)[Gal(b1-4)GlcNAc(b1-2)Man(a1-3/6)]Man(b1-4)GlcNAc(b1-4)[Fuc(a1-6)]GlcNAc,0,0,0,2.630182761,2.014524366,3.479710784
GlcNAc(b1-2)Man(a1-3/6)[Man(a1-3/6)]Man(b1-4)GlcNAc(b1-4)GlcNAc,0,0,0,0.249358509,0,0.405258452
Neu5Ac(a2-6)Gal(b1-4)GlcNAc(b1-2)Man(a1-3)[Neu5Ac(a2-6)Gal(b1-4)GlcNAc(b1-2)Man(a1-6)]Man(b1-4)GlcNAc(b1-4)[Fuc(a1-6)]GlcNAc,1.503739236,3.497050486,2.287395371,1.101050384,1.088459472,2.041292915
Neu5Ac(a2-3)Gal(b1-4)GlcNAc(b1-2)Man(a1-3/6)[Neu5Ac(a2-6)Gal(b1-4)GlcNAc(b1-2)Man(a1-3/6)]Man(b1-4)GlcNAc(b1-4)[Fuc(a1-6)]GlcNAc,13.75493651,6.237281733,3.69630494,1.60431529,3.106363742,4.872976398
Neu5Ac(a2-3)Gal(b1-4)GlcNAc(b1-2)Man(a1-3)[Neu5Ac(a2-3)Gal(b1-4)GlcNAc(b1-2)Man(a1-6)]Man(b1-4)GlcNAc(b1-4)[Fuc(a1-6)]GlcNAc,0,0,0,1.514061154,2.708868911,0.847706668
{Neu5Ac(a2-3/6)}Gal(b1-4)GlcNAc(b1-2)[Gal(b1-4)GlcNAc(b1-4/6)]Man(a1-3/6)[Gal(b1-4)GlcNAc(b1-2)Man(a1-3/6)]Man(b1-4)GlcNAc(b1-4)[Fuc(a1-6)]GlcNAc,0,0,0,0,0,0.768108362
{Neu5Ac(a2-3/6)}Gal(b1-4)GlcNAc(b1-2)[Gal(b1-4)GlcNAc(b1-4/6)]Man(a1-3/6)[Gal(b1-4)GlcNAc(b1-2)Man(a1-3/6)]Man(b1-4)GlcNAc(b1-4)[Fuc(a1-6)]GlcNAc,0,0,0,0,0,0
GlcNAc(b1-2)Man(a1-3/6)[Man(a1-3/6)]Man(b1-4)GlcNAc(b1-4)[Fuc(a1-6)]GlcNAc,0,0,0,0,0,0.106101816
GlcNAc(b1-2)Man(a1-3/6)[Man(a1-3/6)]Man(b1-4)GlcNAc(b1-4)[Fuc(a1-6)]GlcNAc,0,0,0,0.689598425,0.289860737,0.719281418
{Neu5Ac(a2-3/6)}{Neu5Ac(a2-3/6)}Gal(b1-4)GlcNAc(b1-2)[Gal(b1-4)GlcNAc(b1-4/6)]Man(a1-3/6)[Gal(b1-4)GlcNAc(b1-2)Man(a1-3/6)]Man(b1-4)GlcNAc(b1-4)GlcNAc,0,0,0,2.922078436,1.299904513,0
{Neu5Ac(a2-3/6)}{Neu5Ac(a2-3/6)}Gal(b1-4)GlcNAc(b1-2)[Gal(b1-4)GlcNAc(b1-4/6)]Man(a1-3/6)[Gal(b1-4)GlcNAc(b1-2)Man(a1-3/6)]Man(b1-4)GlcNAc(b1-4)[Fuc(a1-6)]GlcNAc,0.395991658,0.693159479,0.533534377,0.364465683,0.632131256,1.157086732
Neu5Ac(a2-3/6)Gal(b1-4)GlcNAc(b1-2)[Neu5Ac(a2-3/6)Gal(b1-4)GlcNAc(b1-4/6)]Man(a1-3/6)[Neu5Ac(a2-3/6)Gal(b1-4)GlcNAc(b1-2)Man(a1-3/6)]Man(b1-4)GlcNAc(b1-4)GlcNAc,0,0,0,2.199164463,0.623035842,0.701204556
Neu5Ac(a2-3/6)Gal(b1-4)GlcNAc(b1-2)[Neu5Ac(a2-3/6)Gal(b1-4)GlcNAc(b1-4/6)]Man(a1-3/6)[Neu5Ac(a2-3/6)Gal(b1-4)GlcNAc(b1-2)Man(a1-3/6)]Man(b1-4)GlcNAc(b1-4)GlcNAc,0,0,0,5.257656544,1.735927232,1.094247294
Neu5Ac(a2-3/6)Gal(b1-4)GlcNAc(b1-2)[Neu5Ac(a2-3/6)Gal(b1-4)GlcNAc(b1-4/6)]Man(a1-3/6)[Neu5Ac(a2-3/6)Gal(b1-4)GlcNAc(b1-2)Man(a1-3/6)]Man(b1-4)GlcNAc(b1-4)[Fuc(a1-6)]GlcNAc,1.509006574,0.669023874,0.456698465,0,0,0
Neu5Ac(a2-3/6)Gal(b1-4)GlcNAc(b1-2)[Neu5Ac(a2-3/6)Gal(b1-4)GlcNAc(b1-4)]Man(a1-3)[Neu5Ac(a2-3/6)Gal(b1-4)GlcNAc(b1-2)[Neu5Ac(a2-3/6)Gal(b1-4)GlcNAc(b1-6)]Man(a1-6)]Man(b1-4)GlcNAc(b1-4)[Fuc(a1-6)]GlcNAc,0.677348264,1.05376559,0.403454853,0,0,0
