ID,Surf1,Surf2,TCL1,TCL2
A6NHM9_404_H7N2,0,185059.6406,690290,476251.6562
A6NHM9_404_H8N2,162283.0312,141417.3906,0,0
A6NHM9_404_H9N2,509662.4688,588409.25,1207351.598,853760.1523
A8K2U0_104_H6N2,0,0,2438204.5,1263288
A8K2U0_120_H8N2,0,0,1865912.125,875911.5
A8K2U0_120_H9N2,1425641.125,852245.8125,12620894.25,4553691.812
A8K2U0_281_H6N2,614798.8125,506175.4375,981892.8125,636578.375
A8K2U0_281_H7N2,120377.9375,143071.2617,0,64302.97656
A8K2U0_609_H7N2,108593.1104,65988.98828,387635.1875,190519.625
A8K2U0_609_H8N2,305563.2656,20400.97559,967435.9375,361250.9375
A8K2U0_609_H9N2,2264556.803,2333372.703,45576061,16931327.75
O00151_121_H6N5A2,0,0,4143159,1154030
O00462_763_H2N2F1,0,533257.75,303356.1875,123264.4062
O00462_763_H3N2F1,0,0,579558.3125,250020.0625
O00469_209_H8N2,0,101141.7656,14697908.5,7181624.375
O00469_209_H9N2,0,0,6322369.5,2909677.5
O00469_63_H6N2,0,149158.5156,3814763.25,2085161.625
O00469_63_H8N2,0,0,1749433.5,1308138.625
O00469_696_H5N2,142377.4219,136746.2812,4283239.5,2863413
O00469_696_H6N2,484029.1758,673159.4766,14383517,8956211
O00469_696_H7N2,0,71452.22656,3651086.75,2227614.75
O00469_696_H8N2,116074.8594,93237,3836955.75,2719271.5
O00478_115_H5N4F1A1,1014536.625,1087932,172428.1406,0
O00767_279_H4N3F1,660866.5,575026.1016,0,0
O14672_278_H9N2,956951.6875,657884.875,0,0
O14672_439_H5N2,212396.1875,447587.9375,451869.5625,0
O14672_439_H7N2,518224.5312,347826.1562,0,0
O14672_439_H8N2,350838.1875,239010.5469,0,0
O14773_443_H4N3A1,0,0,1222520.25,447089.0312
O14773_443_H4N3F1A1,0,0,696454.3125,527177.875
O14773_443_H5N4A1,0,0,1873617,1214132
O14773_443_H5N4F1A1,0,0,2930657.875,2018140.375
O14786_150_H5N4A1,219853.7,205755.6,0,0
O14974_540_H7N3F1A1,293824.5312,189940.9531,0,0
O15031_1049_H5N5A1,1557882,820790.6,0,0
O15031_1099_H5N4F1A1,65066.86719,71800.54688,1254336.984,0
O15031_127_H5N4F1,620924.25,413348.5625,0,0
O15031_127_H5N4F1A1,4854376.75,4343860.969,1841320.156,635901.5938
O15031_127_H5N4F1A2,5263089,3736611,0,704386.2
O15031_528_H5N4A1,391388.2,140193.4,0,0
O15031_528_H5N4A2,1211686,674606.2,346411.2,0
O15031_528_H5N4F1A1,247974.75,135616.5625,0,0
O15031_733_H5N4F1A1,1155054.125,1502854.469,482429.1562,1132742.25
O15031_733_H5N4F1A2,1050973,675747.6,1938366,1605532
O15031_759_H5N4A1,164523.6,485605.7,0,0
O15031_759_H6N2,933324.125,433449.0625,0,0
O15031_795_H5N4F1A2,226341.2,84914.75,0,0
O15031_844_H5N4F1A1,2521396.625,2033705.5,410817.125,417440.7188
O15031_844_H5N4F1A2,2796825,2352540,0,0
O15031_844_H5N4F2A1,842865.4,638849.1,0,0
O15031_844_H5N5A1,188223.4,142480.9,0,0
O15371_427_H5N4F2A1,1192807,350040.6,0,0
O43148_424_H5N4A2,497666.5,259718.2,1109774,1072008
O43157_1253_H5N4F1A2,214979.3,105719.2,0,286697.8
O43157_1253_H5N4F2A1,158608.8,111097.8,0,0
O60487_118_H7N2,313411.9688,173976.5625,0,0
O60487_39_H5N4A1,519638,347642.5,623025.2,793310.9
O60487_39_H5N4A2,488973.1,344336.6,0,250157.9
O60487_39_H5N4F1A1,980904,508456.9,1399681,846111.6
O60568_63_H6N2,257035.4219,324935.9883,5830183,3036118.75
O60637_167_H4N3F1,96991.57812,86904.09375,2735466.75,1506570.875
O60637_167_H5N3F1,100859.5156,118952.8438,7603612.75,3377174.812
O60716_434_H9N2,173015.8438,197790.4531,0,0
O60716_914_H6N2,156980.3672,140553.668,0,0
O75054_101_H5N4A1,578466.8,298652.4,0,0
O75054_101_H5N4F1,120400.4531,126780.5547,0,0
O75054_101_H5N4F1A1,597086.7,723733.2,0,0
O75054_101_H5N4F1A2,295444.1,211038.3,0,0
O75054_825_H4N5F1A1,292404.9,350721.3,0,0
O75054_825_H5N4F1A1,419125.1562,418644.625,0,0
O75054_842_H5N4F1A1,724488.8,524840.7,0,0
O75326_258_H6N2,436255.1875,351119.9375,0,0
O75326_258_H8N2,373778.6562,164994.3281,0,0
O75503_203_H9N2,0,0,1444952.75,1519013.875
O75718_87_H6N2,0,0,1386972.25,990958.0625
O75882_300_H8N2,68718.61719,21491.11133,1765590.125,602193.375
O75882_300_H9N2,28351.76367,0,2710996.25,1408339
O75882_416_H6N2,352583.7812,310464.0312,0,0
O75882_416_H7N2,284162.4062,142250.9688,0,0
O75882_416_H8N2,672109.7812,218101.9141,0,0
O75882_731_H5N4F1A2,397637.2,281705.6,0,0
O75976_1070_H5N4F1A1,0,0,5094079.25,4052914
O75976_1070_H5N4F2,0,0,4133830,2669196
O75976_1070_H5N4F2A1,0,0,2589642,1503428
O75976_217_H5N2,228113.7656,202966.1543,0,36454.6875
O75976_217_H9N2,129799.7363,209498.9932,1581727.75,1769627.125
O75976_855_H5N4F1A1,568046.5,497158.875,1785743.25,1487213
O75976_855_H5N4F2A1,0,0,1552031,1095145
O95249_190_H2N2,378208.5625,798198.4062,1093076.5,829050.4375
O95274_118_H5N4F1,1123095.75,595109.5625,0,0
O95274_118_H5N4F1A1,5160520.812,2726512.75,4419990.125,3546931.938
O95274_118_H9N2,0,0,2382458.5,1613333
O95297_50_H5N4F1A1,520826.2,420972.3,0,0
O95302_286_H8N2,0,0,4025026.5,3817930.188
O95302_286_H9N2,0,0,2228399.25,5033456.969
O95363_147_H5N4F1A1,627722.875,390052.3438,268867.5938,306528
O95487_659_H5N4A1,0,0,775300.1,578651.9
O95747_496_H5N3F1A1,1109438.125,967774.1875,0,0
P00533_352_H5N2,1073457.875,1292291.094,1889050.75,1162566.125
P00533_352_H6N2,5587785.594,3700024.031,7762051,4151073.5
P00533_352_H7N2,2985974.609,1180819.016,2842948.75,2407392.25
P00533_528_H10N2,116868.9766,0,147941.125,78870.60938
P00533_528_H5N4F1,754732.8125,575827.1875,0,0
P00533_528_H5N4F1A1,10589083,6280534.875,4156565.062,3531190.375
P00533_528_H5N4F1A2,2500079,1464866,1118424,1088485
P00533_528_H5N4F2,1469174,825866.4,853578.5,671552.7
P00533_528_H6N5F1A1,749017.6,478954.8,246174.6,215874.5
P00533_528_H6N5F1A2,2021751,1565281,524616.5,426202.3
P00533_528_H6N5F2A2,249160.1,170348.7,92667.32,114309.6
P00533_528_H9N2,19174.11328,22282.46387,446715.7812,208866.1719
P00533_603_H5N4F1A1,294595.1,117502,3204190,3100003
P00533_603_H5N4F1A2,190596.2,82174.08,0,1561046
P00533_603_H5N5A1,994972.8,691746.6,0,0
P02751_1007_H8N2,0,0,263874.1562,600425.4375
P02751_528_H8N2,35337.14844,28775.85156,0,696610.6875
P02751_528_H9N2,17195.92188,18098.70898,0,950849.6875
P02795_4_H6N5A1,0,0,3483329,6439752
P04062_309_H5N4F1A2,0,0,1264182,647066.9
P04150_707_H1N2F1,335360.6328,438224.6172,1516949.125,1033480.688
P04156_197_H5N4F1A1,233354.6,176633.1,0,0
P04156_197_H5N4F1A2,1334995.5,1350915.6,3150874,1533716
P05121_288_H9N2,8341.777344,6264.604492,370839.1875,177819.4844
P05556_212_H10N2,0,0,5669272.875,1173043.625
P05556_212_H5N4F1,2719582.766,2730191.438,5523741.5,3211003.75
P05556_212_H5N4F1A1,7144663.562,6524308.297,19045253.25,10827754.77
P05556_212_H5N4F1A2,1114058.5,558683,3037490,1370156
P05556_212_H5N4F2,1211337,1252061,2447669,988296.6
P05556_212_H5N4F2A1,154028.2,263329.1,0,0
P05556_212_H5N5,385960.8,326696.2,1161126,0
P05556_212_H5N5A1,2460329.6,2570784.9,1982762,1561425
P05556_212_H6N2F1,793783.1094,771733.4219,0,0
P05556_212_H6N5F1,887939.6,673108,243758.4,185504.5
P05556_212_H6N5F1A1,1693896.6,1196050.1,2937795,2421365
P05556_212_H6N5F1A2,362879.4,248888,0,0
P05556_212_H7N2,199902.375,145861.2852,3017589.75,1201507.625
P05556_212_H7N3F1A1,454224.3125,149343.9062,0,0
P05556_212_H8N2,0,0,3477764,641471.625
P05556_212_H9N2,0,0,3778616.5,761344.625
P05556_269_H10N2,120854.8438,112552.125,2076527.75,1473660.875
P05556_269_H4N3,215907.5,125646.9375,96721.67969,53193.32031
P05556_269_H4N4,263205.3438,142969.4219,0,60295.45703
P05556_269_H5N2,538974.3125,617668,161925.0312,126000.8906
P05556_269_H5N4,16390988,10499966,7496284.5,4707656.5
P05556_269_H5N4A1,29716150,21274961,10088264,4800363
P05556_269_H5N4A2,2714633,2038993,968410.9,497928.1
P05556_269_H5N4F1,353947.4375,23223.43164,168756.1875,0
P05556_269_H9N2,0,435261.0312,1888934.25,722138.4375
P05556_406_H5N4F1,636148.8125,340688.7812,2116622.656,1128896.031
P05556_406_H5N4F1A1,4935723.453,3712460.281,18867331.75,15277058.5
P05556_406_H5N4F1A2,376315.7,214207.7,419840.8,309242
P05556_406_H5N4F2A1,421681.3,274370.8,2042455.3,1386808.2
P05556_406_H5N5A1,688893,353743.4,0,106377.8
P05556_406_H6N5F1A1,451187.7,167628.5,1456782.4,1071321.8
P05556_406_H6N5F1A2,247600,187443.2,167509.4,0
P05556_406_H8N2,0,0,2032861.938,1162730.719
P05556_406_H9N2,134156.4062,126687.2266,8531285.562,4407865.312
P05556_481_H5N4A1,226808.2,104192.4,1077200,903980.2
P05556_481_H6N2,76485.90625,0,2105979.5,1475472.875
P05556_481_H7N2,0,0,1984001.75,1230549.375
P05556_481_H8N2,0,0,4097599.75,2234138.75
P05556_481_H9N2,0,0,12690355,6690984.625
P05556_520_H10N2,0,0,2321658,1221229
P05556_520_H6N2,0,0,4962308.5,3889423.75
P05556_520_H7N2,0,0,3565820,2438272.75
P05556_520_H8N2,0,0,17938154.75,10898186.88
P05556_520_H9N2,0,0,9957148,5035055
P05556_669_H5N4F1,1752253.422,1108154.312,624184.9375,0
P05556_669_H5N4F1A1,13606950.38,9523784.891,34588505.38,29991158.5
P05556_669_H5N4F1A2,7527054,4571670.3,8865537,5098197.1
P05556_669_H5N4F2,188340.5,178941.2,0,0
P05556_669_H5N4F2A1,5535694,4461640,10588958,7157601.3
P05556_669_H5N5A1,742692.8,354551.9,1406939,1473989
P05556_669_H6N2,0,0,11066447.75,6861946
P05556_669_H6N5F1A1,1228523.5,1084518.4,0,0
P05556_669_H6N5F1A2,1083852,1001246,0,0
P05556_669_H6N5F1A3,297706.4,251277.2,0,0
P05556_669_H6N5F2A1,1380492.24,1398569.07,598356.8,0
P05556_669_H6N5F2A2,1056747,752401,249091.8,0
P05556_669_H7N2,0,0,1381804.125,1033299.938
P05556_669_H8N2,0,0,7355424.25,4264710.125
P05556_669_H9N2,162743.4531,159204.8281,20007558.81,8479374.812
P05556_94_H5N4A1,690176.3,628100.1,0,0
P05556_94_H5N4F1A1,2103039.672,1559533.543,1187391.375,470977.75
P05556_94_H8N2,50529.08594,41898.08594,416888.375,225367.7188
P05556_94_H9N2,141830.7812,127576.4375,1586110.5,833336.2188
P06213_43_H6N2,1187502,698011.1875,0,0
P06213_445_H8N2,286487.2812,289148.9062,0,0
P06756_488_H5N2,478419.125,187687.2344,0,0
P06756_554_H5N4F1,1513846.5,1115590.219,0,0
P06756_554_H5N4F1A1,7554116.812,4417726.477,813424.0938,307298.5312
P06756_554_H5N4F1A2,1115816.35,1131022,3186405,1829403
P06756_554_H5N4F2,1362382,909371.8,0,194319.2
P06756_554_H5N4F2A1,2081944,1331506,0,1533640
P06756_554_H6N5F1A1,523953.3,470868.6,0,0
P06756_554_H6N5F1A2,863430.1,658720.9,0,0
P06756_554_H6N5F2A1,602300.3,312017.7,0,253823.5
P06756_554_H9N2,0,62572.92578,1535439.25,710368.5
P06756_704_H4N3F1,473190.375,393507.9121,0,0
P06756_704_H5N4F1,4697949.863,4565469.559,7489498.594,3353626.926
P06756_704_H5N4F1A1,14813805.78,15996569.16,35800660.33,25209651.4
P06756_704_H5N4F1A2,0,425824,2859217,2013056
P06756_704_H5N4F2,1411185,1490822,4734413.5,1853813.5
P06756_704_H5N4F2A1,88656.72,363016.1,4246409,2933458
P06756_704_H9N2,0,30457.59766,165917.4219,65899.07812
P06756_74_H4N3,458857.9375,312336.75,287710.0312,0
P06756_74_H4N3F1,4709060.18,4160744.75,5177762.5,2061227.875
P06756_74_H4N3F1A1,1140109.5,1003582.75,0,0
P06756_74_H4N3F2,646161.5625,564470.3125,1025354.688,343976.5625
P06756_74_H4N4,926863.375,826608.625,0,0
P06756_74_H5N3,2299292.875,1711097.797,2802857.312,1923805.125
P06756_74_H5N3A1,341062.5625,268010.75,0,0
P06756_74_H5N3F1,13612723.04,13057097.64,16946541,8387401.75
P06756_74_H5N3F1A1,3036745.234,2450999.25,0,545286.4375
P06756_74_H5N3F2,1643261.375,1502562.875,2023799.75,838166.875
P06756_74_H5N4,4543468.469,4530280,1264356.125,743485
P06756_74_H5N4A1,752723.8,853162.2,0,309174.8
P06756_74_H5N4F1,11211059.38,12202550.14,12307171,7540201.625
P06756_74_H5N4F1A1,4948105.95,3896883.2,1002444,650405.9
P06756_74_H5N4F1A2,775298.1,968519.4,0,240239.2
P06756_74_H5N4F2,1792418,2282862,2509008,1317681
P06756_74_H5N4F2A1,593368.8,470960.6,0,0
P06756_74_H5N5,2243397,2638477,0,0
P06756_74_H5N5A1,1113227,1055763,0,266535.1
P06756_74_H5N5F1,530742.5,535521,0,0
P06756_74_H6N3,1004963.406,763040.8516,431180.5,598012.9375
P06756_74_H6N3F1,436242.875,405702.0312,0,0
P06756_874_H5N4F1A1,3503836.25,2240858.75,0,0
P06756_874_H5N4F1A2,1358370,1137545,0,0
P06756_874_H5N4F2A1,663524.1,407778.9,0,228866.7
P06756_874_H6N5F1A1,2397624,1457271,272027.8,0
P06756_874_H6N5F1A2,895666.6,699878.5,0,0
P06756_874_H6N5F2A1,1505404,701537.3,0,0
P06756_874_H8N2,937169.0625,193295.7812,0,0
P06756_945_H5N2,326309.2812,557176.375,0,0
P06756_945_H5N3,186357.0312,190074.3594,0,0
P06756_945_H5N3A1,354812.9531,310849.7578,0,0
P06756_945_H5N4,125252.0781,153930.8906,0,0
P06756_945_H5N4A1,215523.1,188167.7,0,0
P06756_945_H5N4F1,425812.375,503765.8125,0,0
P06756_945_H5N4F1A1,1363966,1103894.156,0,0
P06756_945_H6N2,1020847.812,941427.1562,0,0
P06756_945_H6N3,370273.25,529321.9531,0,0
P06756_945_H6N3A1,213194.5312,299814.125,1711538.5,3239443.5
P06756_945_H7N2,499277.9688,294590.8438,0,0
P07339_263_H3N2F1,0,0,10646770,4770664
P07339_263_H5N2,0,0,2255781.25,2090842.125
P07339_263_H5N2F1,2551972.25,1653185.641,1787860.5,1129761.375
P07339_263_H6N2,0,0,7253522.5,5591261.5
P07339_263_H7N2,0,0,6524295.5,4468440.5
P07602_101_H2N2F1,0,0,15278084.5,9087066
P07602_101_H3N2F1,0,0,32022141.5,17572920.69
P07602_101_H4N3F1,0,0,4058904.75,4170586.75
P07602_101_H4N3F1A1,0,0,17745170,13550185
P07602_101_H5N4F1,0,0,2099904.75,1263142.75
P07602_101_H5N4F1A1,0,36244.91,3071448,4551882
P07602_101_H5N4F1A2,0,0,1123925,811496.6
P07602_101_H6N5F1,0,0,972017.9,1334296
P07602_101_H6N5F1A1,298396.3,51973.37,2066660,2337990
P07602_215_H2N2F1,39200.84375,0,5530061.5,2825801
P07602_215_H3N2F1,1552671.375,1230286.875,35834629.12,12378000.34
P07602_332_H1N2F1,0,0,1042464,632342.75
P07602_332_H2N2,421358.4062,283693.3438,6287590.531,3734130.312
P07602_332_H2N2F1,14760.98535,0,70441456.94,62520234
P07602_332_H3N2,29209.9668,32047.38086,6719524.25,4844831.125
P07602_332_H3N2F1,0,0,25954374.75,16163419.75
P07602_332_H4N2,0,0,18959485.88,11597229.75
P07602_332_H4N3F1,0,0,1020424.625,616983.8125
P07602_332_H4N3F1A1,0,0,7855549.312,7609999.062
P07602_332_H4N4F1A1,0,0,1222587.375,1187476.625
P07602_332_H5N2,834650.9375,654669.9531,10229958.25,11085138.38
P07602_332_H5N2F1,0,0,5373539.625,2587485.344
P07602_332_H5N4F1A2,0,0,1368832,1240520
P07602_332_H6N2,0,0,36420461,21885902.5
P07602_332_H7N2,0,20263.36328,2544102.75,1276664.875
P07602_332_H8N2,0,60486.25391,1869944.125,942559.75
P07602_332_H9N2,0,0,1447797.25,954609.5938
P07602_426_H2N2F1,0,0,1125413.125,878153.25
P07602_426_H3N2F1,0,0,3783737.719,4251612.688
P07602_426_H4N2,0,0,4746874.594,733830.4688
P07602_426_H4N3F1A1,190728.0312,0,10308776.06,7241058.938
P07602_426_H5N2,426462.25,238633.6094,8548418.953,4217663.891
P07602_426_H5N2F1,0,0,1185040.281,659254.8125
P07602_426_H5N4F1A2,0,0,917340.1,724985.4
P07602_426_H5N4F2A1,0,0,925630.9,346629.3
P07602_426_H5N5,0,0,7501475,2854696
P07602_426_H5N5A1,0,0,5737737,6827291
P07602_426_H6N2,0,0,26977365.06,9691535.812
P07602_426_H6N2F1,0,0,759530.25,336234.6562
P07602_426_H6N3F1A1,0,0,1482064.25,1239094.75
P07602_426_H7N2,0,0,7113079.438,1861859.859
P07602_426_H7N3F1A1,0,0,6223982.938,3198297.25
P07602_426_H8N2,0,0,231976.2656,144298.8281
P07711_221_H2N2,0,0,4533189,2397592.75
P07711_221_H3N2,0,0,5634102.5,4043307.75
P07711_221_H5N2,0,0,31519668.12,24115838.5
P07711_221_H6N2,0,0,3643419,2560686
P07711_221_H7N2,0,0,1756460.625,1269364.125
P07942_1279_H6N2,338674.6797,366781.3828,3453587.5,1646819.469
P07942_1279_H8N2,0,61970.64844,1059527.25,461403.3438
P07942_677_H5N2,98767.78906,109029.9531,2595570.25,1720707.375
P07942_677_H6N2,252329.125,274856,8227209,4490212
P07942_677_H8N2,134731.2344,120945.7891,4849675.5,2268077
P07942_677_H9N2,82983.52344,86054.38281,4588769.5,1887514.5
P07947_9_H3N2F1,0,0,3155427,2034025.25
P07996_1067_H4N5,0,0,1791232,1073924
P07996_1067_H5N4,393229.2422,434440.1797,5011307,4322683.5
P07996_1067_H5N4A1,782941.8,1918325,14761973,13258352
P07996_1067_H5N4A2,357911.3,823873.9,2190030,2339546
P07996_1067_H5N4F1,117001.1484,95013.46875,2579141.75,2192183.25
P07996_1067_H6N2,138407.4062,393425.6875,15038539,5596779
P07996_1067_H7N2,45650.98438,98554.67969,5167471.5,2074216.625
P07996_1067_H8N2,317845.8438,581259.3438,18186800,5616645.5
P07996_1067_H9N2,0,547395.8281,17249196,4972159.5
P07996_360_H6N2,101674.125,37273.55859,7224131,3991854.375
P07996_360_H8N2,0,0,3029645.5,1293486.875
P08069_135_H3N2F1,242481.75,245377.1719,565995,417832.0625
P08069_135_H5N2,199625.4375,253320.5625,0,0
P08069_135_H5N4F2,0,0,731496.4,313093.8
P08069_135_H5N5A1,379081.3,307289.4,0,0
P08069_135_H6N2,840908,606434.1172,112636.9531,42063.79297
P08069_135_H6N5A1,391486.8,330313.3,517770.7,234707.9
P08069_135_H6N5A3,1816688,1725657,0,372029.9
P08069_135_H7N2,1276122.527,586736.998,195550.5625,79351.21875
P08069_135_H7N3A1,0,0,1329428.5,1185062.188
P08069_135_H8N2,330818.9844,187940.6484,142505.9375,70341.84375
P08069_135_H9N2,2131487.25,1282575.125,1548591.625,716622.4375
P08069_135_H9N8F1A1,270870.9,255403.6,0,0
P08069_747_H5N4F1,248637.7031,169569.6875,0,0
P08069_900_H5N2,666480.0312,881501.9062,10440884.89,12103358.66
P08069_900_H5N3,345853.6875,216958.9375,0,0
P08069_900_H6N2,1315384.859,895683.2344,0,0
P08069_900_H6N3,711194.25,574393.625,598115.5,231587.8594
P08069_900_H7N2,699416.3125,621198.6562,0,0
P08069_900_H8N2,228955.8125,83356.22656,0,0
P08473_145_H5N4A1,227350.4,129928.7,520487.5,0
P08581_405_H5N4F1A1,704638.0938,381858.1973,0,0
P08581_785_H4N3F1A1,180225.5156,111466.5625,0,0
P08581_785_H5N4A1,3287998,2498230,0,0
P08581_785_H5N4F1,344386.75,182160.6719,0,0
P08581_879_H4N3F1A1,33937.14062,14589.99512,0,0
P08581_879_H5N3F1,62945.85547,49507.70703,0,0
P08581_879_H5N3F1A1,490368.5493,321630.0684,26667.08008,0
P08581_879_H5N3F2,184996.2812,69939.82031,0,0
P08581_879_H5N4F1,308073.9551,294208.6797,41200.46484,0
P08581_879_H5N4F1A1,1660366.281,956980.875,43049.375,0
P08581_879_H5N4F2,330898.7,314025.5,0,0
P08582_135_H6N2,234800.2656,299723.5,0,0
P08648_182_H5N4F1A1,435986.8125,131886.9219,0,977436.4375
P08648_868_H5N4F1A1,483751.25,383587.0312,2969928.281,1503120.375
P08648_868_H5N4F1A2,877600.8,509434.2,2595648,1595528
P08648_868_H5N4F2A1,503483.2,456826.3,3009873,1861997
P08962_130_H5N4F1A1,397925.4805,0,1969316,1077158.375
P09486_116_H9N2,36549.30469,35774.76562,117392.5469,61032.80469
P09758_208_H5N4F1A1,689578.9033,342394.875,1230885.125,798813.8125
P09758_208_H5N4F1A2,432144.2,457054,695816,269810
P09758_208_H5N4F2,31167.74,21447.62,166650.3,62103.06
P10253_390_H3N2,0,0,4249206,2559414.25
P10253_470_H7N2,0,0,4921753,2298097.5
P10253_882_H2N2F1,0,0,2507930.25,1916844.5
P10253_882_H3N2F1,423752.5,355790.625,3532021.5,2950387
P10316_110_H10N2,0,0,2342627.75,895586.1875
P10316_110_H4N5F1A1,704463.1,872170,1917563,1024537
P10316_110_H5N4A2,48328.16,6902995,0,0
P10316_110_H5N4F1,392296.0625,363558.5312,0,667838.25
P10316_110_H5N4F1A1,7003417,6523711,12850598,7063162
P10316_110_H5N4F1A2,13698921,12485668,18220611,11677638
P10316_110_H5N4F2,719832.1,660832.6,1504119,0
P10316_110_H5N4F2A1,8914257,2044622,16704552,12606849
P10316_110_H5N4F2A2,406681.3,232286.5,225123.6,0
P10316_110_H5N5,156857,233392.9,0,0
P10316_110_H5N5A1,2562178,2535016,0,0
P10316_110_H5N5F1,308649.3,437126.9,0,0
P10316_110_H5N5F1A1,4395363,4543550,445467.7,340420.1
P10316_110_H9N2,0,0,2106382,752001.875
P10321_110_H10N2,0,0,27297796,12349709
P10321_110_H4N5F1A1,1985352,2556051,1267855,1139444
P10321_110_H5N4F1A1,1834358.883,1369432.352,5904711.625,4660947.562
P10321_110_H5N4F1A2,2996786,2153504,7818829,5547973
P10321_110_H5N4F2,0,0,1734670,1223859
P10321_110_H5N4F2A1,2128863,1733940,9170564,6349520
P10321_110_H5N5A1,796606.8,758354.9,746981.8,553674.2
P10321_110_H5N5F1A1,1045687,1257612,0,0
P10321_110_H7N2,0,0,1954720.25,1047183.25
P10321_110_H8N2,0,0,10552358,5877130
P10321_110_H9N2,0,0,23747766,12538055
P10586_966_H5N4F1,532544.0625,208381.1406,0,0
P10586_966_H5N4F1A1,3049703.609,1858997.656,879133.75,0
P10586_966_H5N4F1A2,1871461,1092861,0,0
P10586_966_H5N4F2,1013166,508990.9,1456736,0
P10586_966_H5N4F2A1,3084798,1786451,797670.7,0
P10586_966_H5N5F1A1,260020.5,439296.7,0,0
P10586_966_H6N4F1A1,698848.1,403562.2,0,0
P10619_333_H6N2,0,0,2292374.25,1185130.125
P10909_291_H6N5F1A2,248911.8,209893.7,213967,170343.5
P10909_291_H7N2,156583.1094,68908.85156,0,0
P11047_1107_H6N2,0,0,3656850.5,1688504.125
P11047_1107_H8N2,0,0,2784366.25,1685653.875
P11047_1223_H8N2,0,0,1859220.5,1103923.625
P11047_1241_H6N2,0,0,2198709.5,1743756.75
P11047_1241_H8N2,110879.7734,0,2839983.75,2330178.75
P11047_1380_H6N2,0,0,2985793.25,1725078.625
P11047_1380_H8N2,0,0,6111528,3736086
P11047_1439_H6N2,5970.218262,3458.073486,214849.9766,45625.72266
P11047_1439_H8N2,0,0,1089629.625,405230.9688
P11047_650_H9N2,0,0,2560157.25,1519955.625
P11117_167_H6N2,0,0,1566583.375,1518068
P11117_167_H8N2,0,0,8377848,4880722.5
P11117_167_H9N2,0,0,2826456,1649683.125
P11279_103_H5N2,0,0,1468366.125,630855.4375
P11279_103_H5N3,0,0,2363108,1412772.25
P11279_103_H5N3A1,0,0,29884874,13772329
P11279_103_H5N4A1,0,0,2587599,1361958
P11279_103_H6N2,0,0,1645536,749239.625
P11279_103_H6N3,0,0,6951693.75,1936559.125
P11279_103_H6N3A1,0,0,43491946,23717062.25
P11279_103_H7N2,0,0,1734806,3087582.75
P11279_107_H5N4F1A1,0,0,5833619.25,4710714.125
P11279_107_H6N5F2,0,0,211548.8,38667.19
P11279_107_H7N6A1,0,0,109556,79231.77
P11279_107_H7N6F1A2,50941.55,24406.9,661574.6,923538.5
P11279_249_H5N4F1,239766.0469,153669.8633,5267089.75,2398119.25
P11279_249_H5N4F1A1,2388375.184,1189292.254,48491123.62,30586232.38
P11279_249_H5N4F1A2,128450.6,0,3305504,2200190
P11279_249_H5N4F2,269192.79,149208.84,6632235,5254448
P11279_249_H5N4F2A1,1475934.4,624539.6,32556231,21806796
P11279_249_H8N2,44725.35156,0,598518.875,509212.5312
P11279_249_H9N2,96979.03125,112937.3047,1860619.5,1402989
P11279_322_H10N2,91175.9375,87809.35938,7037070,3922301.75
P11279_322_H11N2,0,0,1245851.5,795357.4375
P11279_322_H6N2,0,0,1048193.75,635424.8125
P11279_322_H7N2,0,0,21355518,9177026
P11279_322_H8N2,1228303.824,980771.625,114912820.8,76658864
P11279_322_H9N2,4737679.402,3551787.75,420631972.3,197714370.5
P11279_84_H3N2F1,0,0,9182348,4493382.5
P11279_84_H4N3F1,0,0,3118701.5,1696997.75
P11279_84_H5N4F1A1,0,0,4029546,3133834
P11279_84_H6N5F1A1,0,0,3472711,1561785
P11279_84_H6N5F1A2,0,0,856354.8,254655
P11717_1656_H5N4A2,49015.57,0,404543.5,252028.1
P11717_1656_H5N4F1A1,100740,21192.11,0,135436.7
P11717_1656_H5N4F1A2,240477.7,156347.3,1350237,2420663
P11717_400_H5N2,0,0,968162.3125,266227.6562
P11717_581_H5N2,0,0,1971366.5,649947.75
P11717_581_H6N2,0,0,4891199,1973768.875
P13473_257_H5N4F1A1,0,0,3103128.75,1863737.375
P13473_275_H5N4A1,0,0,1435300,1429355
P13473_275_H6N5A1,0,0,4534596,3278294
P13473_356_H3N2,0,0,901377.1875,1000388.688
P13473_356_H4N3,0,0,2854786.25,1812185.125
P13473_356_H4N3A1,306647.4453,224423.5312,12069905.5,9270016.188
P13473_356_H4N3F1,0,0,6553834,3965980.25
P13473_356_H4N3F2,0,0,2447061.75,1102258.875
P13473_356_H5N2,0,163725.7188,3806353.75,2860030
P13473_356_H5N3,0,0,1898433.375,1442065.75
P13473_356_H5N3A1,54759.25391,72553.25,7088919.125,5692811.5
P13473_356_H5N3F2,0,0,1308733.375,461688.7812
P13473_356_H5N4,0,0,3666201.75,2334052.75
P13473_356_H5N4A1,318281.7,317968.7,26161189,16705534
P13473_356_H5N4F1,0,0,9778423.75,5722195.125
P13473_356_H5N4F1A1,0,173834.8,11047119,7811772
P13473_356_H5N4F2,94537.48,110221.8,15438308,8226608
P13473_356_H6N2,0,0,3196837,3401711
P13473_356_H6N3,0,0,3170387,2026106.625
P13473_356_H6N3A1,0,0,8621459.5,3500263.75
P13473_356_H6N3F1,0,0,2539138.75,1669016
P13473_356_H7N2,0,88427.99219,4283745.5,3257201
P13473_49_H5N4,0,0,1619486.125,1029933.688
P13473_49_H5N4A1,0,0,10603091,8749897
P13473_58_H2N2F1,452478.3438,334906.9688,10088810.75,9805075
P13473_58_H3N2F1,0,0,11186925.12,8004798.938
P13473_58_H4N3F1A1,0,0,2277846,1765798.75
P13674_259_H4N5,0,41485.98,5837698,5148988
P13674_259_H5N2,28074.64258,278333.6309,3885027.031,2999593.562
P13674_259_H6N2,24299.73242,72068.37305,26758700.75,21761311.44
P13674_259_H7N2,0,0,2148875.656,1665006.469
P13674_259_H8N2,0,0,987596.5,720893.8438
P13726_156_H4N2,367930.8125,314997.25,0,0
P13726_156_H4N3,1368498.383,1354654.016,0,0
P13726_156_H4N3A1,2638919.312,3325849.688,0,0
P13726_156_H4N3F1,1105230.5,1403780,0,0
P13726_156_H4N4,194937.6094,298511.9688,0,0
P13726_156_H5N3,9483216.688,8722300.312,2889703.188,2647404.5
P13726_156_H5N3A1,21858816.5,19367797.44,3250124.375,1784833.078
P13726_156_H5N3F1,9695033.812,9558633.406,1689076.5,0
P13726_156_H5N3F1A1,811682.8125,1088404.531,0,0
P13726_156_H5N3F2,241565.7031,251680.5938,0,0
P13726_156_H5N4,4456888.281,5084638.562,0,0
P13726_156_H5N4A1,10754023,10734905,1107745,0
P13726_156_H5N4A2,497998.2,494053.9,0,0
P13726_156_H5N4F1,3260498.812,3638856.711,0,0
P13726_156_H5N4F1A1,741943.2,850158.3,0,0
P13726_156_H5N5,583632,702496.9,0,0
P13726_156_H6N3,5355712,4456657.062,0,0
P13726_156_H6N3A1,9192201.25,7852588.875,7308054,5284159.5
P13726_156_H6N3F1,4788706.406,4479400.156,512482.375,477016.6875
P13726_156_H6N4,1171237,1297523,0,0
P13726_156_H6N5,276584.9,180662.4,0,0
P13726_156_H6N5A1,1872857,2042811,202193.5,230739.4
P13726_156_H6N5A2,2907030,2320090,0,0
P13726_156_H6N5F1,580661.2,442587.8,0,0
P13726_156_H6N5F2,687410.7,508854.5,0,0
P13726_169_H5N4F1A2,76217.66,33792.68,1198118,530810.3
P13987_43_H5N4F1,262124.9375,369170.875,1769617,1062461.375
P13987_43_H5N4F1A1,6231545.781,4188863.812,12081959,7003386
P13987_43_H5N4F1A2,6034747,4541244,9253437,7294824
P13987_43_H5N4F2,1297496,0,4248428,2927066
P13987_43_H5N4F2A1,8497770,6905308,20233340,13312511
P13987_43_H5N4F2A2,135728.9,65841.16,291714.9,0
P13987_43_H5N5A1,151869.7,452565.6,0,266123.6
P13987_43_H5N5F1A1,1614988,1561624,2520547,5139773
P13987_43_H6N4F1A1,778463.4,857844,3104825,1908327
P13987_43_H6N5F2A1,967148.3,587949.6,1885138,1400501
P14625_217_H6N2,908212.8906,963396.375,49965502,7709354.5
P14625_217_H7N2,0,0,4211280.125,550703.1875
P14625_217_H8N2,23914.78516,0,4765075,864793.3125
P14625_502_H6N2,0,0,1959741.125,873048.625
P14625_502_H8N2,0,0,1316992.625,1178481.25
P15144_234_H5N4A1,0,27682.58,1236390,311421.8
P15151_105_H4N2,39329.82812,52385.63867,0,1516447.125
P15151_105_H5N2,1561483.625,1571041.969,907285.3125,546064.625
P15151_105_H5N3A1,1252043,861245.5,1612101.875,916936
P15151_105_H7N2,86773.94531,406639.5703,997939.25,963868
P15151_105_H9N2,62472.50391,85310.48438,2412260.844,2165847.844
P15151_218_H5N4,160077.9219,171800.7422,2845741.625,1511047.625
P15151_218_H5N4A1,175537.4,190105.2,0,0
P15514_113_H2N2F1,0,0,306888.9375,155234.5469
P15514_113_H3N2F1,0,0,226254.625,153934
P15586_362_H6N2,0,0,1341813.625,443018.3438
P15586_362_H7N2,0,0,7841960.5,3924068
P15586_405_H6N2,0,0,5902221,7553210
P15586_405_H7N2,0,0,17611614,11263770
P16070_57_H5N4A1,221034.6,234911,3355484,2116023
P16070_57_H5N4A2,1185054.2,737511.8,10957528,3786044.7
P16070_57_H5N4F1A1,260711.9,237778,1512591,676827.9
P16070_57_H5N4F1A2,1040902.9,399371.1,12815332,4885866.4
P16070_57_H5N5A1,4608718,2188254,0,2897105
P16070_57_H6N5F1A2,112363.7,53515.32,0,743570.4
P16070_57_H6N5F1A3,63506.93,31168.87,2093275,286859.8
P16278_26_H3N2F1,71116.99219,67661.97656,288524.625,360710.7812
P16278_26_H5N2F1,394749.625,0,175402.3438,171477.2656
P17301_1057_H5N4F1A1,322714.875,219975.7656,0,0
P17301_105_H5N4F1A1,268497.6,160070.3,299056.2,0
P17301_105_H5N4F1A2,204668,96998.48,0,0
P17301_105_H5N5A1,3766144,2034087,0,0
P17301_105_H5N5F1A1,242918.5,374167.9,0,0
P17301_1074_H7N2,677464.0938,337774.9688,962836.3125,0
P17301_112_H7N3,872237.1016,865728.1016,0,0
P17301_112_H9N2,2562431.25,1941756.523,0,1169670.781
P18084_586_H6N2,0,0,1487170.625,702740.4375
P18564_463_H4N3F1,197883.8281,142938.3438,0,0
P18564_463_H5N4F1,2840769.875,2236747.781,1154601.594,180739.8438
P18564_463_H5N4F1A1,23600664.19,16237775.8,2750131.625,1694412.75
P18564_463_H5N4F1A2,2912667.9,1710741.1,2970976,5761557
P18564_463_H5N4F2,229909.4,142565.4,0,0
P18564_463_H5N4F2A1,767471.5,579358.4,0,0
P18564_463_H5N5A1,348893.9,279214.8,0,0
P18564_463_H6N5F1A1,2041550,1127691,0,0
P18564_463_H6N5F1A2,2429094,1298826,0,0
P18564_463_H6N5F2A1,798157.3,492378,0,0
P18564_463_H7N6F1A2,388626.1,243906.3,0,0
P18564_463_H9N2,118643.5469,105935.2812,371560.0938,77096.61719
P18564_575_H7N2,817105.4375,95446.46875,1529512.5,1255772.625
P18564_575_H8N2,924946.9375,80648.72656,1178647.875,1017837.75
P18564_97_H4N4F1A1,454480.9062,351079.7188,836231.125,0
P18564_97_H5N4F1A1,2208514.719,1736971.594,9464125,3187401.25
P18564_97_H5N4F1A2,450188.5,168272.9,1256999,742386
P18564_97_H5N4F2A1,345529.7,386135.8,0,857819.4
P18564_97_H5N5A1,287717,192043.5,0,813455.7
P18564_97_H5N5F1A1,53539.73,32955.33,0,158268.9
P19174_1195_H4N3F1A1,205286.9531,566146.375,0,566590.125
P20592_546_H5N4F2A1,345328.4,320312.9,764209.5,0
P20645_83_H5N4F1A2,0,0,3566453,2032684
P20645_83_H5N4F2A1,0,0,4671192,2774465
P21333_187_H3N2F1,126496.7344,87725.89844,0,0
P21589_311_H5N2,587943.5,1453746.75,0,0
P21589_311_H6N2,1011953.047,1230466.672,7919999.5,3066520.5
P21589_311_H7N2,3122290.562,2975676.156,0,0
P21589_311_H8N2,1049092.445,478914.875,0,0
P21589_333_H4N3,292773.875,227092.9531,998061.8125,660254.9375
P21589_333_H4N3A1,1364101.688,1094820.812,0,0
P21589_333_H4N3F1,681173.3438,576710.9375,0,0
P21589_333_H4N3F1A1,1653992.531,1815887.227,0,0
P21589_333_H4N4A1,541815.8281,642274.1875,0,0
P21589_333_H5N4,242854.8281,151763.1719,0,0
P21589_333_H5N4A1,1382242.6,1074105.7,0,0
P21589_333_H5N4F1,1902889.688,1497898.422,1964083.125,1357559.375
P21589_333_H5N4F1A1,6030465.406,7463703.156,2512826,2129891.062
P21589_333_H5N5,357827.9,404966.4,0,0
P21589_333_H5N5A1,637543.9,666393.3,0,0
P21589_333_H6N3A1,144844,202443.75,0,0
P21589_333_H6N5F1,318664.1,563086.8,1180577,233111.3
P21589_333_H6N5F1A1,1005216.7,939481.5,396384,0
P21589_53_H4N3,306905.1562,238845.5938,0,0
P21589_53_H4N3A1,512831.875,430823.2812,0,0
P21589_53_H4N3F1,248677.8281,293341.8125,0,0
P21589_53_H5N2,887713.125,582772.9766,809393.1875,472283.6016
P21589_53_H5N3,299128.625,273769.5625,68407.01562,0
P21589_53_H5N3A1,326903.375,264627.9688,0,0
P21589_53_H5N3F1,343377.3516,303679.3623,179881.8672,122006.4531
P21589_53_H5N4,698800.75,784108.6875,0,0
P21589_53_H5N4A1,1215306,1257140,0,0
P21589_53_H5N4F1,1577637.508,1376101.094,583024.3125,325084.4336
P21589_53_H7N2,234631.6719,75693.67188,220191.9531,91232.90625
P23229_323_H5N3A1,2039140,1057725.609,0,1377752.906
P23229_323_H5N4A1,1342644,1064533,0,0
P23229_323_H6N2,2937446.625,2948135.5,0,0
P23229_323_H6N3A1,1913834.5,736212.75,533310.0625,0
P23229_323_H7N2,1465090.969,2155648.656,0,0
P23229_323_H8N2,1993175.625,2241942.25,0,0
P23229_409_H10N2,456596,371897,610550.875,336646.5625
P23229_409_H5N2,203358.8594,252948.25,138672.7188,47841.58203
P23229_409_H6N2,246586.7188,256034.9844,99005.30469,20954.85156
P23229_409_H7N2,1066625.031,1003872.246,250022.3594,91938.48438
P23229_409_H8N2,2755370.133,1807843.742,2487583.312,2628082.721
P23229_409_H9N2,1671799.188,884078.3438,2672343.812,516338.4219
P23229_770_H4N4A1,326894.9688,82157.04688,0,0
P23229_770_H4N4F1A1,558383.2656,164131.3984,0,0
P23229_770_H5N4A1,2732543,1155835,0,0
P23229_770_H5N4F1,2668865.672,679757.9062,3321647.25,996054.3125
P23229_770_H5N4F1A1,7982884.477,3481248.758,7013779.875,3920454.781
P23229_770_H5N5A1,1832384,810028.1,433140.6,392866
P23229_930_H5N2,0,0,1810722.375,2157803.5
P23229_930_H5N4F1,1053129,536125.5,249170.2812,336917.2188
P23229_930_H5N4F1A1,9972827.653,5971450.662,2461120.375,906187.8
P23229_930_H5N4F2,337892.2,190833.2,0,0
P23229_930_H5N4F2A1,1186179,696711.4,0,0
P23229_930_H5N5A1,679885.2,235466,0,0
P23229_930_H6N5F1A2,124276.7,63080.06,0,0
P23229_966_H6N2,1164812.297,624072.3672,0,0
P23246_281_H7N3A1,89229.60156,102283.8594,0,0
P26006_107_H6N5F1A2,359632.5,184663.2,0,0
P26006_265_H4N3,340409.375,204717.9219,0,0
P26006_265_H5N4,2061977.688,1670361.492,1382252.312,996745.375
P26006_265_H5N4A1,8155541,6283147,2978681,1855545
P26006_265_H5N4A2,13570888,10305620,5830942,4917323
P26006_265_H5N4F1,956535.6562,781186.4062,671128.9062,264610.6562
P26006_265_H5N4F1A1,3440139.438,2456942.812,1116075.438,783650.8125
P26006_265_H5N4F1A2,1825489,1450916,793196.2,468483.9
P26006_265_H5N4F2A1,249681.2,199215.9,0,0
P26006_265_H6N4F1A1,943980.6,706309.7,0,0
P26006_511_H5N4F1A1,2534531.75,2371878.031,0,383140.5625
P26006_656_H5N2,1874989.094,1808337.715,1731482.906,1440548.969
P26006_656_H6N2,3769854.562,2246732.139,574468.5,0
P26006_656_H7N2,2447575.25,1182684.75,0,0
P26006_86_H10N2,0,0,4043181.125,1876278.625
P26006_86_H5N4F1,1828804.75,1197246.438,963523.6875,357707.0625
P26006_86_H5N4F1A1,10637033.44,8172525.047,6421349.688,4881898.625
P26006_86_H5N4F1A2,5753923,4178879,2503163,2406937
P26006_86_H5N4F2A1,2787632,1790844,1817083,1253582
P26006_86_H5N5A1,468149.2,285964.1,0,327682.1
P26006_86_H6N5F1,253793.8,73258.54,1429047,0
P26006_86_H6N5F1A1,52796.21,1035472,0,0
P26006_86_H6N5F1A3,632177.6,409063.5,0,0
P26006_86_H6N5F2A1,760428.5,880619.7,0,0
P26006_86_H7N6F2A1,310644,151684.4,0,0
P26006_86_H9N2,0,84127.98438,1661939.5,665276.1875
P26006_935_H8N2,534377.8828,397645.9844,0,346313.875
P26006_935_H9N2,712991.7344,337028.4297,115833.1953,390462.5
P26006_969_H5N4A1,1632294,801568.2,239181.4,313543.7
P28799_236_H2N2,0,0,3567085.5,1964194.875
P28799_236_H2N2F1,0,0,90307377.69,55209186.75
P28799_236_H3N2F1,0,0,6176675,3075713.75
P28799_265_H8N2,0,269134.6875,839026,440414.0312
P28799_530_H2N2F1,0,0,33825090,28113160
P28799_530_H3N2F1,0,0,8973576,6194475.25
P28799_530_H4N3F1A1,0,0,1255537,1686347.375
P28799_530_H5N4F1,0,0,2230895.25,1379477.375
P28799_530_H6N2,0,0,2640355,1316855.906
P28799_530_H8N2,0,0,10441345,7321325.5
P28799_530_H9N2,0,0,9028919.75,6810088.25
P29317_435_H5N4F1A2,540096.9,401932,0,0
P29323_265_H5N4F1A2,547197.8,246328,0,0
P30475_110_H10N2,55839.21484,0,1787274.375,471789.25
P30475_110_H4N5F1A1,496823.4,629566.1,2742464,901307.1
P30475_110_H5N4A2,4071547,12317830,0,0
P30475_110_H5N4F1,288755.6875,353810.9062,1660478.75,1261140.125
P30475_110_H5N4F1A1,6116968,5539274.141,21411223,13122712
P30475_110_H5N4F1A2,14400616,9451354,27735638,17284829
P30475_110_H5N4F2,183869,1539468,3213078,1984705
P30475_110_H5N4F2A1,1198661,1594547,28316666,17975234
P30475_110_H5N5A1,2232508,4713222,3945330,962428.6
P30475_110_H5N5F1A1,404425.7,348752.7,0,0
P30475_110_H8N2,0,43013.39453,1755769,587469.9375
P30487_110_H5N4F1A1,2347842.266,2382895.547,3388155.25,2805433.75
P30487_110_H5N4F1A2,3768108,3011261,5320968,3402986
P30487_110_H5N4F2A1,2396891,2617685,5523322,3567964
P30488_110_H4N5F1A1,708702.6,853043.3,0,0
P30488_110_H5N4F1A2,345272.3,772148.8,219212,0
P30488_110_H5N4F2A1,625927.2,875897.6,0,234629.6
P32004_294_H5N4,196076.3125,179366.2812,0,0
P32004_294_H5N4A1,2367630,1960897,963234.6,79854.94
P32004_294_H5N4A2,970203.7,936197.1,0,0
P32004_294_H5N4F1A1,294468.2,302411.6,0,89074.16
P32004_849_H6N2,261961.9375,222882.0312,1525144,911313.5625
P32004_849_H7N2,294513.5,264466.5312,1720634.469,232957.5156
P32926_459_H6N2,824938.8125,698166.0625,1036637.5,610049.1875
P32926_459_H9N2,0,0,1397935,760815.4375
P35052_79_H5N5A1,897425.7,86185.07,0,0
P35354_53_H5N4A1,0,0,628861.5,732962.9
P35354_53_H9N2,0,0,1297550.625,1108078.25
P35556_2120_H9N2,0,0,1568165.125,580175.25
P35613_160_H5N4F1A1,1671990,1314283,8408450,6299609
P35613_160_H5N4F1A2,1727358,989273.4,5608220,4997744
P35613_160_H5N4F2A1,1293423,948308.6,5343324,3854775
P35613_160_H6N2,0,0,9533716,4800250.5
P35613_160_H6N5F1A2,68329.38,41919.16,325967.5,383990.2
P35613_160_H8N2,0,0,2168244.25,1985358.25
P35613_160_H9N2,0,0,3818161.5,2233367
P35613_268_H5N4F1A1,2151056.9,1495983.9,12658904,6978741
P35613_268_H6N2,0,0,6931958.5,5042369.75
P35613_268_H6N5F1A1,1339699.4,597417.08,3776006,2468342
P35613_268_H7N6F1A1,0,89665.05,1506293,1117838
P35613_268_H8N2,0,0,5319222.75,3439397.938
P35613_302_H5N4A1,289752.5,180110.9,97221.86,115079.8
P35659_209_H4N4,68428.96875,43341.30078,1249334.375,885067.625
P36542_259_H6N3A1,917413.375,1045117.25,0,0
P36941_177_H5N4A2,158921.6,33138.52,0,0
P36941_177_H5N4F1A1,544487.5,469045.8,1032505,396944.3
P36941_177_H5N4F1A2,1055539,957744,913510.9,748375.7
P38571_273_H8N2,0,0,3856322.25,2444008.25
P38571_273_H9N2,0,0,1395559.875,858124.125
P45974_63_H5N4F2A1,606233.1,366527.2,0,0
P46531_1489_H5N2,175692.875,241836.0938,0,0
P46977_548_H9N2,0,0,6598745,2223733.5
P48634_1438_H6N5F2A2,38504.89,43007.34,0,0
P49750_2141_H5N3A1,203883.6719,102610.4297,170264.9844,168077.625
P49750_2141_H5N4A1,414389.7,285783,0,0
P49792_765_H5N3A1,0,0,9509627.375,6004856
P49792_765_H6N3A1,425860.75,685033.6562,49889497.81,32752572.22
P49792_765_H7N3A1,3196624.516,2907449.031,207144612,189765616.8
P50454_120_H10N2,0,0,831510.6875,379563.0312
P50454_120_H5N2,242645.0156,228191.6562,11873705,5658581.5
P50454_120_H6N2,6976962.125,7307953.25,184129129.2,102353451.9
P50454_120_H7N2,1872702.406,1932555.945,67052016.53,36061346
P50454_120_H8N2,4230225.938,3651079.312,96984970.66,59646351.88
P50454_120_H9N2,1056905.5,893092.5,17983336,11321058
P50454_125_H5N2,0,0,3377651.75,1623557.5
P50454_125_H6N2,2329353.75,2635187.094,52342896,39984540
P50454_125_H7N2,1281897.297,1839462.914,53962360,40522172
P50454_125_H8N2,2106961.891,2812698.938,106607567.9,58034720
P50454_125_H9N2,368991.1797,341693.5938,11723850.61,6373426.156
P50895_439_H5N4A1,173170.2,107496.2,0,581154.6
P50897_212_H7N2,0,0,2216789.75,1193446.125
P51805_1115_H5N2,131669.7031,101384.4375,0,0
P51805_1115_H5N3A1,352727.2695,221191.2461,63635.77734,0
P51805_1115_H5N4,64391.70312,97325.58008,0,0
P51805_1115_H5N4F1,448674.8281,47672.25391,0,0
P51805_1115_H5N4F1A1,100013.9,97234.36,0,0
P51805_1115_H5N5A1,88607.48,47107.27,0,0
P51805_1115_H6N3,347854.625,327070.75,112812.4141,88551.14844
P51805_1115_H6N3A1,437991.3662,251480.915,51229.16016,43931.01562
P51805_1115_H7N2,64759.0957,34595.65332,157789.2344,0
P53634_53_H3N2F1,185333.5938,0,26921467,19008112.88
P53634_53_H4N3F1,0,0,13132346,11131583.5
P53634_53_H5N4F1,302948.8438,0,1970139.625,1660751.5
P53634_53_H5N4F1A1,0,87698.67188,6367069,7174900.5
P53634_53_H6N2,0,34203.12891,77245298.88,55285922.62
P53634_53_H6N2F1,0,0,16127225.88,10496955.88
P53634_53_H7N2,0,0,29343141.5,20348280.75
P53634_53_H7N3,157044.6875,0,3804088,2954304.625
P53634_53_H7N3A1,0,0,5466448,3808811.625
P53801_54_H7N2,90212.70312,0,5536026.75,3081944.375
P55058_143_H5N4F1A1,438966.9688,241506.1562,0,0
P55268_1499_H6N2,160451.6094,0,2502284,916112.4375
P55290_86_H8N2,0,0,1342788,450108.0625
P55290_86_H9N2,0,0,2225020,963496.5
P56199_418_H6N2,627338.9375,817637.4922,0,0
P56199_883_H7N2,283490.5312,287977.625,0,0
P56199_883_H8N2,357930.0625,233628.3438,0,180978.1406
P56199_883_H9N2,240220.3281,198432.3906,0,0
P61011_449_H5N5F1A2,69106.54,463084,0,0
P63096_141_H5N4A2,1291368,1146558,1282234,545559.4
P78324_245_H5N4,318707.6562,150981.4531,0,0
P78324_245_H5N4A1,3120344,1499162,0,0
P78324_245_H5N4A2,632596.1,307905.3,0,0
P78324_245_H5N4F1A1,2406890,1125760,0,0
P78324_270_H5N2,1667863.344,1163895.203,249830.2969,242480.75
P78324_270_H5N3,503322.0312,227954.2969,0,0
P78324_270_H5N3A1,504824.9375,474358.5312,0,0
P78324_270_H5N3F1,479363.1562,413238.9062,0,0
P78324_270_H6N2,992521,266580.9375,0,0
P78324_270_H6N3,1803486.281,1142732.812,0,0
P78324_270_H6N3A1,846402.6875,524117.5625,0,0
P78324_270_H6N3F1,969236.1875,606988.0625,0,0
P78324_270_H7N2,7944604.812,2700542,1331157.906,1382358.344
P78504_1045_H5N4F1A1,142058.6094,92171.39844,0,0
P78504_559_H5N4A2,137961,21920.43,0,0
P78527_3863_H5N4F1,342280.5918,180511.4639,0,0
P78527_3863_H5N4F1A1,813132.2393,692145.3296,0,0
P78527_3863_H5N4F1A2,660064.7,503920,0,0
P78527_3863_H5N4F2,132910.7,124865,0,0
P78536_157_H8N2,0,87513.28906,1201852.773,653274.0625
P78536_157_H9N2,60506.52344,0,716444.25,450287.1562
P78536_174_H8N2,0,0,2106707,1458663.75
P78536_174_H9N2,97304.66406,29262.18164,1886576.5,895875
P78536_264_H6N2,759597.625,851544.9375,0,0
P78536_264_H7N2,901790.1875,960545.9062,0,0
P78536_264_H8N2,1128138.344,1232942.281,0,0
P78536_452_H5N4,242727.4062,238455.5625,1594430.75,693284.1875
P78536_452_H8N2,0,0,935452.625,615807.6875
P78536_539_H5N4A1,1357791,1218220.4,258603,706675.2
P78536_539_H5N4A2,154710.6,114587.8,0,0
P78536_539_H5N4F1,261770.2812,276966,0,0
P78536_594_H5N4F1A1,1406394.75,998144.6875,0,0
P78536_594_H5N4F1A2,833368.7,586404.7,0,0
Q01459_299_H6N2,130387.5,0,2339009.5,1458327
Q02388_786_H6N2,0,0,1007449.5,669896.25
Q02487_629_H5N2,289602.0938,160457.3906,2352762.75,1078080.375
Q02487_629_H6N2,532147.4375,241443.4531,1483181.375,1258031
Q02487_629_H6N3,538737.5625,267852.5,1372209.5,598403.25
Q02487_629_H6N3F1,237424.9688,170449.2188,987105.625,370484.0938
Q02487_629_H7N2,353230.375,147137.5312,1499270.875,1024132.75
Q02487_629_H9N2,0,0,1956316.25,1205947.125
Q02809_197_H6N2,0,0,5109368,2785757.75
Q02809_538_H8N2,0,0,1477933.125,658218.0625
Q02809_538_H9N2,0,0,1166076.25,254340.0469
Q02809_686_H6N2,0,0,975723.3125,499111.2188
Q04912_841_H5N4F1A2,236927.2,146554,199295,0
Q07954_114_H6N2,54700.92969,53187.02734,675547.875,444448.4375
Q07954_114_H8N2,134371.6875,78011.21094,1312963.125,923101.4375
Q07954_1995_H6N2,814994.0625,627669.6875,0,0
Q07954_1995_H7N2,673940.25,339001.0938,0,0
Q07954_2521_H8N2,15650.95215,57188.4375,910231.125,390108.5312
Q07954_2521_H9N2,0,25162.6543,502532.9688,221492.0469
Q07954_2620_H5N2,129529.8281,0,241608.0625,101493.3438
Q07954_3333_H5N4F1A1,378695.0312,174034.875,0,0
Q07954_3788_H5N4F1A1,442297.6562,512391.6875,1628591.625,1799534
Q08380_125_H3N2F1,0,0,2550681.25,1580992.875
Q08380_125_H6N2,40367.66406,0,2652453.75,1535957
Q08380_125_H8N2,0,0,8221760,5779736
Q08380_125_H9N2,187974.8906,214066.6406,16066147.98,9255213
Q08380_398_H10N2,0,0,3816286.75,1999677.625
Q08380_398_H8N2,0,39325.95703,2349479.5,1454232.625
Q08380_398_H9N2,0,110182.1328,5607111,2798928.5
Q08380_551_H3N2F1,0,0,2900325.75,2012896
Q08380_551_H5N4F1,218017.5156,79621.46094,2787129.625,2122917.875
Q08380_551_H6N2,0,0,2403246.75,1994586.875
Q08380_551_H7N2,0,0,2267048.5,1267169.75
Q08380_551_H8N2,0,0,1416861.875,1082036.875
Q08380_551_H9N2,0,0,4389088.5,2516029.562
Q08380_580_H7N2,0,0,822894.75,637139.375
Q08380_580_H8N2,0,0,2681950.438,1505271.875
Q08380_580_H9N2,0,0,3472330.25,2343036
Q08380_69_H2N2,0,0,894126.5,661404.9375
Q08380_69_H2N2F1,0,0,19478649.5,16271105.78
Q08380_69_H8N2,0,0,6548950.625,5209098.75
Q08380_69_H9N2,0,0,18240713.5,13702644.5
Q08431_238_H5N2,1220475.625,793351,0,0
Q08431_238_H5N3A1,178985.8125,121873.6953,0,0
Q08431_238_H6N3A1,405515.4062,245407.3281,0,0
Q08431_238_H6N3F1,296479.7812,205425.0469,0,0
Q08431_238_H7N2,1679761.625,766284,0,0
Q08431_325_H5N4F1A1,777103.6,624022.6,0,0
Q08431_325_H5N4F1A2,47831.17,126930,282604.1,0
Q08722_73_H5N2,89027.8125,231477.0625,0,0
Q08722_73_H5N3,70779.89844,112574.8125,0,0
Q08722_73_H5N4F1A1,633130.1,408996.6,0,0
Q08722_73_H6N2,207880.5469,158940.2188,0,0
Q08722_73_H6N3,333471.7656,474386.3594,0,0
Q08722_73_H6N3A1,102967.1172,90973.42969,0,136231.4375
Q08722_73_H7N2,743390.7344,522731.2656,5843968.75,1825103
Q12860_494_H5N4F1A2,290414.7,119076.8,0,0
Q12884_99_H5N4F1A1,723837.0625,677658.125,0,0
Q12884_99_H5N4F1A2,433540.2,350046.1,0,0
Q13308_116_H5N4F1A1,1485788,835458.1,3177981,2183787
Q13308_116_H5N4F1A2,1723154,1022330,2626203,2033792
Q13308_116_H5N4F2A1,398141.2,0,981064.9,381479.2
Q13308_175_H4N5F1A1,384964.3,62130.05,420566.6,0
Q13308_175_H5N4F1,331242.2188,94421.76562,349777.125,0
Q13308_175_H5N4F1A1,2515298.188,1325707.188,3809855.25,2492393.812
Q13308_175_H5N4F1A2,5409568.9,2975685.9,7865867,3562764
Q13308_175_H5N4F2,390253.5,198179.6,672310.5,315190.6
Q13308_175_H5N4F2A1,1179607,623378.6,267050,289134.2
Q13308_175_H7N6,0,0,2231639,1508630
Q13308_184_H6N2,226176.1562,127897.6719,0,0
Q13308_184_H6N3,363566.1875,594708.875,0,0
Q13308_184_H7N2,258960.9531,119843.6875,0,0
Q13308_463_H5N3,432518.8828,278532.7109,326733.4375,260267.125
Q13308_463_H5N3A1,733155.125,584711.75,1174104.125,766673.125
Q13308_463_H5N4A1,253351.4,170399.2,404793.2,136405.6
Q13308_463_H6N2,10360998.27,8090654.047,956835.6797,623085.5625
Q13308_567_H5N4A1,747370.9,863493.8,0,0
Q13308_567_H5N4F1,387879.4688,105276.7344,0,0
Q13308_567_H5N4F1A1,5886803.766,3308357.078,0,0
Q13308_567_H5N4F1A2,775587.9,557936.5,0,0
Q13308_567_H5N4F2,463256.8,190503.3,0,0
Q13308_567_H5N4F2A1,975560.2,618482.4,0,0
Q13308_567_H5N5A1,1372074,903980.9,0,0
Q13433_241_H5N4F1A1,262298.5,174533.1,126435,657303.8
Q13433_266_H5N4F1A1,577854.0625,439607.7188,0,432096.8125
Q13443_381_H5N2,478779.2188,597802.8125,0,0
Q13443_381_H6N2,325107.1562,332057.0938,0,0
Q13443_381_H7N2,180401.3281,230646.3281,0,0
Q13443_381_H8N2,980133.8438,450029.8906,0,0
Q13510_259_H6N2,0,0,3156022.5,1733628.625
Q13510_259_H7N2,0,0,4773160.5,2626898.75
Q13510_259_H8N2,0,0,1145391.5,789780.5625
Q13510_342_H6N2,45285.09375,32598.6582,1425525.125,947459
Q13510_342_H7N2,0,0,8951395,6459788.5
Q13564_296_H5N2,177826.5781,155583.1094,0,0
Q13564_296_H6N2,431988.1562,437765.4219,0,0
Q13564_296_H7N2,396632.2812,220587.0469,0,0
Q13586_171_H8N2,0,0,2208071.5,881844.625
Q13641_124_H8N2,725401.125,312516.5938,0,352156.0312
Q13641_81_H5N4F1A1,533381.9219,234373.3281,2002074.5,991884.25
Q13641_81_H5N4F1A2,283403.8,128353.4,0,0
Q13641_81_H5N4F2A1,191529.1,28813.33,0,0
Q13740_167_H5N4F1A1,546458.4688,67352.68141,0,814354.8938
Q13740_265_H6N5F1A1,1321819,695035.5,0,0
Q13740_265_H6N5F1A2,728563.2,397061.7,0,0
Q13740_265_H6N5F1A3,702318.3,444315.9,0,0
Q13740_265_H6N5F2,239297.9,161712.3,0,0
Q13740_265_H6N5F2A1,646617.2,334197.2,0,0
Q13740_265_H6N5F2A2,255604.1,159121,0,0
Q13740_306_H5N4F1,419632.1875,263585,0,0
Q13740_306_H5N4F1A1,3073965,2057585,1842458,2571634
Q13740_306_H5N4F1A2,512391.4,276852,0,0
Q13740_306_H5N4F2,227350.6,152306.8,0,190425.3
Q13740_306_H5N4F2A1,432194.9,217544.8,0,86970.3
Q13740_306_H6N5F1A2,198834.9,118478.8,0,0
Q13740_361_H5N4F1A1,251911.4,142496,0,0
Q13740_361_H5N4F1A2,1688443,761411.8,2573854.7,1285843.9
Q13740_361_H5N4F2A1,324835.5,171766.7,0,0
Q13740_361_H5N5A1,1719591,1778716,0,0
Q13740_361_H5N5F1A1,1511844,1615057,0,0
Q13740_480_H5N4F1A1,523427.9648,121053.3672,206429.7188,877471.75
Q13751_220_H10N2,0,0,3805409.75,2564328
Q13751_220_H6N2,366829.1875,673612.4375,4473148.5,4280360
Q13751_220_H7N2,644384.8359,893437.25,7160933.25,6801192.062
Q13751_220_H8N2,1183574.125,1284783.766,27214255.88,18355133.5
Q13751_220_H9N2,742292.8125,875012.6094,37341416,16712922
Q13751_604_H10N2,0,0,1135383.625,2475230.75
Q13751_604_H5N4F1,0,0,4367904.5,4692534.5
Q13751_604_H5N4F1A1,0,0,2743043,4155109
Q13751_604_H6N2,0,0,1658992,993868.75
Q13751_604_H8N2,0,0,3089131.75,1094915.75
Q13751_604_H9N2,1209077.75,877000.1875,2851142.5,1578185
Q13751_810_H6N2,0,0,781245.25,328249.875
Q13751_810_H8N2,0,0,1688140,1192399.125
Q13751_810_H9N2,92190.46094,77920.01562,1536210.875,791359.3125
Q13753_342_H5N2,506478.0469,763764.2812,0,4962729
Q13753_342_H6N2,307841.7188,229740.1719,0,1126206
Q13753_342_H8N2,454309.9375,641514.9375,6693244,3476218.25
Q13753_342_H9N2,1004796.75,920529.625,10354684,5631383.5
Q13813_1143_H2N3F1,0,0,5571029,4945928
Q13813_624_H6N3F1,191152.8906,158014.5469,0,847436.75
Q13813_624_H6N3F1A1,778119.6875,668755.75,0,0
Q14574_392_H2N3F1,328776.6875,368227.0625,0,0
Q14574_392_H9N2,0,0,2411549.75,871329.8125
Q14574_629_H10N2,0,0,435116.375,236356.125
Q14574_629_H5N2,193478.3906,157395.3438,1525172.875,548482.125
Q14574_629_H6N2,309657.375,135614.6562,2115637.5,1426808.25
Q14574_629_H6N3,75694.41406,64735.73047,990202.875,279935.25
Q14574_629_H7N2,720978.5,283926.375,7424788.641,4977777.5
Q14574_629_H8N2,0,73388.77344,1051868.625,483470.9688
Q14574_629_H9N2,296785.875,272568.4375,5158227.547,2738789.25
Q14697_97_H6N2,130334.4453,91508.92188,1823894.625,1140673.125
Q14697_97_H7N2,49823.77734,39836.92188,1089617.422,585715.2812
Q14697_97_H8N2,110886.9922,72825.46094,2977191.125,1429209.234
Q14697_97_H9N2,172903.7656,114891.1719,3444770.5,2120235.5
Q14789_2253_H4N3A1,259772.125,322465.0117,0,286932.9062
Q15041_6_H3N2,678376.3594,522862.0156,2894938.25,0
Q15155_618_H6N2,453429.125,342554.8125,847432.1562,397454.3438
Q15165_254_H6N3F1A1,3749411.047,2189177.188,0,0
Q15223_202_H5N3F1A1,1016071,476538.6562,0,0
Q15223_202_H5N4A1,1633198,876416,0,0
Q15223_202_H5N4F1,456374.5938,235336.8594,0,0
Q15223_202_H5N4F1A1,4889173,2643409.344,4633863.188,3974304.625
Q15223_297_H5N4F1A1,836240.4375,427421.7812,1873475.312,1174001.188
Q15223_297_H9N2,0,0,278455.125,254279.7188
Q15262_436_H5N4F1,37314.50781,22804.13867,0,0
Q15262_436_H5N4F1A1,149693.0176,215249.6533,0,0
Q15262_436_H5N4F1A2,118681.4,65182.19,0,0
Q15262_436_H5N4F2A1,43287.66,48865.87,0,0
Q15262_436_H6N5F1A1,15434.44,19032.1,0,0
Q15291_250_H5N4F1,695167.0547,826471.4492,457852.0312,0
Q16666_246_H6N5F1,0,0,1349278,814325.4
Q16787_2162_H5N4F1,1137759.875,1003159.281,0,0
Q16787_2162_H5N4F1A1,3035831.688,2358515.25,4843322.562,4384949.969
Q16787_2162_H5N4F1A2,2639446,1975056,4707411,4254252.2
Q16787_2162_H6N2,270073.25,264281.6562,11107888,7091040
Q16787_2162_H7N2,0,0,2701824,1866718.625
Q16787_2162_H8N2,178281.6094,225135.5156,11554131,6541021
Q16787_2162_H9N2,0,0,4144533.5,1911210.125
Q16787_2265_H5N4,576819.4375,249499.1875,0,0
Q16787_2265_H5N4A1,627713.2,399194.5,0,0
Q16787_2265_H5N4F1,1197008.281,870316.2188,1597424.438,1580114.688
Q16787_2265_H5N4F1A1,2201757.5,1250276.25,1146916.375,1404548
Q16787_2265_H5N4F1A2,302843.2,230671,0,490403.7
Q16787_2265_H6N2,0,87471.39062,3703850,2138321.25
Q16787_2265_H8N2,0,0,1561485.875,878789.25
Q16787_2502_H10N2,0,0,1046414.062,330350.4375
Q16787_2502_H7N2,471707.707,517215.875,1639172.125,1050034.5
Q16787_2502_H8N2,4350046.5,5415079.562,9381184,9599330
Q16787_2502_H9N2,234760.6641,280837.875,5021558,2726914
Q16787_2584_H5N4F1,215591.4062,259330.5,2995470.625,3275482.688
Q16787_2584_H5N4F1A1,68737.16406,74887.32812,748788.6875,3256758.312
Q16787_2584_H8N2,0,0,1483973.375,1081290.875
Q16787_2728_H5N4A1,149293.7,131502.5,0,558299.3
Q16787_2728_H8N2,0,0,9066575,3253840.75
Q16787_2728_H9N2,0,0,5436148.5,2452375
Q16787_2751_H10N2,574174.75,488172.6562,1957116.125,641498.6875
Q16787_2751_H4N3,875849.4375,1011967.625,2107942.5,1791054.375
Q16787_2751_H4N3A1,329335.5312,456572.3203,1774220.875,2240187.938
Q16787_2751_H5N2,679836.625,1092336.391,2349586.375,1732543.688
Q16787_2751_H5N3,533640.625,629441.9375,563574.75,805996.1875
Q16787_2751_H5N4,602519.5312,786097.875,4674646.688,3310942.188
Q16787_2751_H6N2,1000739.352,686053.4844,3240488.188,3106601.25
Q16787_2751_H6N3,349151.875,387114.6562,1353881.156,1154499.938
Q16787_2751_H7N2,1641255.125,1500562.336,6526560.75,7353099.562
Q16787_2751_H8N2,317682.5625,163462.6562,12735829.5,4521011.375
Q16787_2751_H9N2,509597.0625,4250441.734,23283350.75,7857777.844
Q16787_2945_H5N4F1,173155,165363.2812,0,0
Q16787_2945_H5N4F1A1,0,0,180453.4531,209461.875
Q16787_3097_H6N2,0,0,1947877.5,1340561.125
Q27J81_375_H4N3A1,214455.75,295996.5312,0,645363.75
Q27J81_375_H5N3,268921.125,103665.5078,0,0
Q27J81_375_H6N3A1,916145.75,1238725,0,1791688.5
Q29983_125_H5N4F1A1,399127.375,274489.3125,0,0
Q29983_125_H6N5F1A2,168002.3,150554.8,0,0
Q32P28_467_H6N2,1039032.812,1101465,43726108,23784638
Q32P28_467_H7N2,59745.01172,57718.04688,2476743.25,1290914.5
Q32P28_467_H8N2,0,0,1332667.125,914110.8125
Q32P28_467_H9N2,0,0,928668,464406.6562
Q4KMQ2_361_H6N2,320916,266571.875,0,0
Q4KMQ2_361_H7N2,921697.125,669388.5234,1479292.625,790473
Q4KMQ2_361_H8N2,793136.6875,439184.75,0,0
Q58EX2_1102_H5N5A1,386955.1,161639.5,0,0
Q58EX2_1575_H10N2,10540.1582,36927.89062,335075.75,193775.4688
Q58EX2_1575_H3N6F1,0,0,286956.1,160779.1
Q58EX2_1575_H6N2,0,0,588468.875,378713.125
Q58EX2_1575_H7N2,14428.70361,17012.08398,917504.1875,542225.3281
Q58EX2_1575_H8N2,46715.8125,39589.94922,3143520,1793801.5
Q58EX2_1575_H9N2,131383.375,331805.5,13177496,7449679
Q58EX2_577_H5N4F1,233306.8125,154504.7812,177961.3906,210800.9219
Q58EX2_577_H5N4F1A1,368461.25,271579.5,0,0
Q58EX2_948_H5N4F1A2,153267,87141.03,0,0
Q5JTV8_399_H8N2,0,0,576086,242178.9219
Q5K130_78_H4N3A1,149515.0938,104717.0508,372087,232025.375
Q5K130_78_H5N4,1512318.773,1152103.664,0,0
Q5K130_78_H5N4A1,3525216,3170896,0,0
Q5K130_78_H5N4F1,312405.6562,307969.6562,0,0
Q5ZPR3_215_H5N4F1A2,184872.8,315940.8,0,272620.6
Q5ZPR3_309_H5N4F1A1,342105.5,504342.6,778578.9,247286.7
Q5ZPR3_309_H5N4F2A1,677571,628997,765927.9,212558.4
Q5ZPR3_433_H5N4F1A1,491537.9688,363438.8125,0,0
Q5ZPR3_91_H5N4F1A1,846799.3,275080.9,1156434,0
Q5ZPR3_91_H5N4F1A2,1568606,1323197,2446195,1374336
Q6P179_219_H6N2,302143.3438,363707.3125,5259769,2218621.25
Q6P179_219_H9N2,0,0,2229109.75,941089.1875
Q6P4Q7_55_H8N2,359160.4688,297014.3125,193064.25,87398.63281
Q6P4Q7_55_H9N2,1090463.25,757885.875,429591.2188,163767.3281
Q6PK18_215_H6N2,54670.14062,139393.1562,1495682.375,1056837
Q6PK18_215_H8N2,0,29416.75,650386.75,206637.2969
Q6SJ93_698_H5N3F1A1,0,632993.7344,665635.4375,416145.875
Q6UVK1_2075_H5N4F1A2,391750.3,325585.4,0,0
Q6UXH1_251_H6N2,0,0,2094824.75,1713270.75
Q6YHK3_118_H5N4,1515226.125,863549.875,926895.8125,365876.125
Q6YHK3_118_H5N4A1,3069571,1551509,0,0
Q6YHK3_118_H5N4A2,1255948,661898.3,0,0
Q6YHK3_118_H5N4F1A1,1254260.125,669394,1307860.25,0
Q6YHK3_118_H6N5A1,397693.6,185352.5,0,0
Q6YHK3_118_H6N5A2,620377.7,302219,0,0
Q6YHK3_247_H6N2,315818.7812,381182.1719,510280.6562,464130.5
Q6YHK3_247_H7N2,350050.9844,144537.9219,0,0
Q6YHK3_247_H8N2,488895.1875,475209.5,0,0
Q6YHK3_279_H10N2,22916.20508,29741.79492,389341.5312,146143.6719
Q6YHK3_279_H4N3,116909.8594,94055.78906,0,0
Q6YHK3_279_H5N2,802635.8438,883741.2793,146215.9531,0
Q6YHK3_279_H5N3,121665.6738,152336.2363,0,0
Q6YHK3_279_H5N4,438756.8438,257584.8906,65021.60547,0
Q6YHK3_279_H5N5F1A2,39486.21,165537.6,26041.5,0
Q6YHK3_279_H6N2,2068564.422,903195.3125,280347.4922,149048.8438
Q6YHK3_279_H7N2,1830768.516,822132.1406,225641.875,97035.82031
Q6YHK3_279_H7N6F1A4,129205,200906.4,0,0
Q6YHK3_279_H8N2,71932.05469,25129.625,102868.5352,57985.75977
Q6YHK3_279_H9N2,11599.54199,14484.84082,455224.5312,189592.6328
Q6YHK3_337_H7N2,550434.2344,343686.5312,0,0
Q6YHK3_337_H8N2,4174275.734,2304120.625,1142666.5,559092.875
Q6YHK3_337_H9N2,463852.375,261929.1094,0,0
Q6YHK3_419_H4N5F1A1,368897.3,186993.9,0,0
Q6YHK3_419_H5N4F1A1,534857.1,241656.5,0,0
Q6YHK3_419_H5N4F1A2,319890.1,53103.16,0,0
Q6ZXV5_494_H5N2,0,0,338280.7188,165061.0312
Q6ZXV5_494_H6N2,32934.35156,30746.61719,2390265.25,942002.5625
Q6ZXV5_494_H7N2,70157.11719,0,901792.75,345637.625
Q6ZXV5_494_H8N2,12493.44141,23808.11328,1530276.125,524125.125
Q6ZXV5_494_H9N2,0,41824.58203,1737574,681565.5625
Q6ZXV5_541_H6N2,0,0,5778029.5,2445214.75
Q70UQ0_328_H6N2,0,0,2575363.5,1179126.375
Q7Z3B4_250_H2N2,0,23029.16602,1892386.75,1794649.75
Q7Z417_175_H6N3A1,1217294.932,32098.07031,235199.2656,0
Q7Z6Z7_3399_H5N4F1A1,146308.6094,123459.0312,0,0
Q86V48_231_H9N2,84409.88281,81222.03125,0,0
Q86WC4_128_H8N2,0,0,983398.625,929518.4375
Q86WC4_128_H9N2,31633.75391,51613.17969,1350541.875,734995.25
Q8IVL6_462_H6N2,135475.7148,105971.2734,3872169.453,2582437.25
Q8IVL6_462_H7N2,24549.62305,41510.01562,782795.375,668273.6875
Q8IWU5_171_H5N4F2A1,5115278,4697085,555795.4,854054.4
Q8N766_913_H8N2,0,0,3338087.5,2156418.312
Q8N766_913_H9N2,0,0,2744576.5,1136315.625
Q8N8S7_526_H6N3A1,272812.2188,212229.8281,0,0
Q8NBJ4_398_H8N2,35503.37109,26364.75781,165648.5781,108961.2734
Q8NBJ5_96_H8N2,0,0,2829769.75,1220209.875
Q8NDI1_444_H4N3F1A1,468077.4375,311148.5,0,0
Q8TCJ2_641_H9N2,0,0,4593814,2031805.25
Q92542_45_H8N2,805521.7109,546009.7891,4849974.5,2935145.75
Q92542_45_H9N2,610796.1875,522942.8125,6154772.5,3258361
Q92791_361_H9N2,0,0,2124610.75,986621.3125
Q92823_314_H5N4F1,303657.8438,119147.9688,0,0
Q92823_314_H5N4F2,362341.1,410647.2,1133197,952142.6
Q92823_314_H6N5F1A1,558621.1,535957.2,0,0
Q92859_1298_H6N2,1395209.281,1367387.797,33401651,17727478.62
Q969V3_428_H6N2,0,176208.8125,2991188.25,1415457.375
Q96EC8_55_H5N4F1A2,938193.1,676209,0,0
Q96F46_67_H6N2,222777.7656,278637.875,1778582.75,1783128.5
Q96FM1_40_H6N2,0,0,1439710.25,654506.875
Q96J42_278_H5N4F1A1,574208.5,429444.2,271275,563379.3
Q96J42_278_H8N2,0,0,452846.2812,181582.1406
Q96J42_278_H9N2,0,0,601727.4375,256541.5
Q96KA5_229_H8N2,0,0,1585940.125,860769.625
Q96KA5_91_H6N2,108833.2266,64460.60156,1875681.75,618967.3125
Q96NR3_167_H5N4F1,0,0,404714.3984,287806.6328
Q96NR3_167_H5N4F1A2,0,0,236507.6,141883.9
Q96NR3_167_H6N5F1,0,0,724552.5,533952.9
Q96NR3_167_H6N5F1A1,0,0,1277728,838706.6
Q96RT1_1018_H1N2F1,3587252.625,3049021.75,2046786.375,0
Q99504_281_H8N2,0,0,1083011.875,395700.6562
Q9BTE3_121_H6N2,85069,199167.25,0,0
Q9BXJ9_317_H5N4F2,134968.8,125674.7,349877.2,167949.2
Q9GZX9_81_H6N2,0,156815.8438,3725895.5,2546728
Q9H488_62_H6N2,864645,1377500.844,3738551,3557973
Q9H488_62_H7N2,212731.6094,171612.1406,1850551.875,1030585.375
Q9H488_62_H8N2,0,0,3790302,2460675.25
Q9H488_62_H9N2,0,0,2474372.25,1268763.25
Q9H501_127_H4N4,692891.9531,520482.5938,0,0
Q9H5V8_180_H5N4A1,1334546,1077863,0,0
Q9H5V8_180_H5N4F1A1,1814584.438,546590.4297,505136.0312,0
Q9H5V8_386_H5N4F1,471002.5312,251491.9219,0,0
Q9H5V8_386_H5N4F1A1,1741262.375,1356732.375,979380.5,0
Q9H5V8_386_H5N4F2A1,515780.4,374822.2,0,0
Q9H5V8_39_H5N4A2,346099.8,273929.4,0,0
Q9H5V8_512_H6N2,192508.1406,853060.875,492482.5938,251891.5938
Q9H5V8_512_H8N2,1558557.812,1435835.188,3661517.75,1909460.625
Q9H6B4_74_H5N4F1A2,148219.7,362688.8,0,0
Q9H6B4_74_H6N5F1A2,437723.8,342559.2,0,0
Q9HD20_287_H9N2,160565.1719,189745.5312,0,0
Q9HDC9_160_H3N2F1,427725.3281,156077.4688,10694623,12834486
Q9HDC9_160_H3N4F1,0,0,2646973.875,2363915
Q9HDC9_160_H5N2,1170320.324,571614.0391,55116986.5,44398181.25
Q9HDC9_160_H6N2,353027.7344,475284.2188,73103224,52228560
Q9HDC9_160_H7N2,0,0,4060222.75,2069437.125
Q9HDC9_160_H8N2,40632.5,0,3848678.25,2170876.25
Q9HDC9_196_H6N2,0,0,3186166.125,2500459
Q9HDC9_196_H7N2,0,0,1910075.25,1543058.875
Q9HDC9_196_H8N2,0,0,6920717.75,4992701.5
Q9NPH3_118_H5N4F1A2,197118.1,160480.9,0,0
Q9NPH3_118_H9N2,0,0,309574.3438,96245.4375
Q9NT68_1267_H5N4A1,296013.5,465258.2,0,0
Q9NT68_1773_H10N2,526444.1875,478263.7812,0,0
Q9NT68_2197_H5N4F2A1,680836.5,528600,0,0
Q9NT68_443_H5N4F1A1,1078639.969,889923.9062,1375740.125,807227.1875
Q9NYQ6_1623_H9N2,325775.3438,176313.8438,1633078.375,689183.3125
Q9NYQ8_2547_H9N2,0,532597.5,623349.8125,319949.375
Q9NYQ8_3471_H8N2,0,0,1594016.875,547046.5625
Q9NYQ8_3772_H8N2,0,0,341089.8438,153685.4375
Q9NZQ7_192_H6N2,407996.2031,232935.0156,0,548802.5
Q9NZQ7_192_H7N2,1777778.438,1536399.312,590283.75,387520.5
Q9P121_44_H5N4F1A1,460096.2812,308528.375,852025.625,599967.1875
Q9P121_70_H5N2,310515.3438,426397.5312,0,0
Q9P121_70_H6N2,1220822.234,1436298.75,1146798.5,708139.625
Q9P121_70_H7N2,8722742.5,7911292.75,6329719,4787047
Q9P270_416_H4N3F1,547913.5,140300.5469,0,0
Q9P2B2_286_H4N3A1,583673.0625,1039195.945,753733.3125,115272.2656
Q9P2B2_286_H5N4A2,908185.1,325392.2,0,0
Q9P2B2_286_H5N4F1,556103.1406,422543.8438,145251.2812,0
Q9P2B2_286_H5N4F1A1,3466768.406,2720211.141,2049208.25,1536260.344
Q9P2B2_286_H5N4F1A2,1102535,746854.9,0,0
Q9P2B2_286_H5N4F2,222664.2,116945.8,0,0
Q9P2B2_286_H5N4F2A1,661520.6,417533,0,0
Q9P2B2_286_H6N3A1,1637925.531,2014234.312,729166.4688,191061.6094
Q9P2B2_300_H5N4F1A1,265765.4062,120048.1172,1740198.625,1037450.438
Q9P2B2_525_H5N4F1,144202.8281,86302.53125,0,0
Q9P2B2_525_H5N4F1A1,519151.7,373494.7,1192541,1101938.25
Q9UBG0_140_H5N4F1A1,1252647.625,664766.5625,3730963.25,2305591.531
Q9UBG0_140_H5N4F1A2,850850.9,309158.7,1904176,281216.6
Q9UBG0_140_H5N4F2A1,614564.8,325710.3,2028334,776143.9
Q9UBG0_492_H5N4F1A1,0,0,3023362,1629160.625
Q9UBG0_634_H5N2,816343.3125,647849.3125,0,0
Q9UBG0_634_H6N4F1A1,0,0,3674739,4460210
Q9UBG0_69_H5N4F1,622181.5,351192.125,0,0
Q9UBG0_69_H5N4F1A1,2398993.75,1190892.25,2146759.5,1071502.75
Q9UBG0_69_H5N4F1A2,295256.6,119584.1,0,0
Q9UBG0_954_H5N4F1A1,331269.875,172187.8633,627009.75,343000.2969
Q9UBG0_954_H5N4F1A2,74605.12,54617.91,208862.1,0
Q9UBP4_204_H5N4A1,999763.7,917750.9,568310.2,242828.5
Q9UBP4_204_H8N2,23146.78125,20191.29102,1551621.25,886004.25
Q9UBP4_204_H9N2,27631.80469,47239.22656,1315307.375,718846.625
Q9UBR2_184_H5N2,0,0,2947322,1808248
Q9UBR2_184_H6N2,83220.57812,0,25300408,16425235
Q9UBR2_184_H7N2,0,0,28814410,17643554
Q9UBV2_195_H9N2,0,0,442264.875,183508.25
Q9UBV2_217_H8N2,0,0,190417.4062,75501.82812
Q9UBV2_217_H9N2,0,0,334103.375,141949.1406
Q9UH65_226_H5N4F2A1,2173321,1557000,0,0
Q9UHN6_914_H9N2,527055.25,449869.4062,2242445,893360.625
Q9UIW2_1043_H5N4A1,397654.3,354531,0,0
Q9UIW2_1043_H5N4A2,358466.2,266503.3,0,0
Q9UIW2_1043_H5N4F1A1,510105.1,276856.6,0,0
Q9UIW2_1043_H5N4F1A2,117516.9,133456.1,0,0
Q9UJ14_198_H4N4F1,224290.2969,0,654461.8125,257564.5469
Q9UNK0_199_H4N3F1,3037842.875,2310419.688,0,0
Q9UNK0_199_H5N2F1,6762042.406,3789203.922,353039.375,1125244.688
Q9Y251_162_H7N2,0,0,477911.6875,222092.3594
Q9Y251_162_H8N2,0,0,216723.8594,60310.17969
Q9Y4B6_1049_H9N2,651756.0625,662806.1875,0,0
Q9Y4F4_908_H7N2,221286.7188,173219.3438,22073.55469,0
Q9Y4F4_908_H8N2,733652.2773,712223.5625,0,0
Q9Y4F4_908_H9N2,382379.2031,239609.6709,0,0
Q9Y4L1_515_H5N2,0,390188.4688,3587840.25,2708760.25
Q9Y4L1_515_H6N2,975226.3438,1074391.594,26593298,15260473
Q9Y4L1_515_H7N2,839181.3125,1123770.375,26846846.5,17160114.38
Q9Y4L1_515_H8N2,483112.5312,583496.7188,25643789.75,11831428.62
Q9Y4L1_515_H9N2,1151097.844,1465148.562,37382666,15117051.25
Q9Y4L1_862_H6N2,408292.5312,510549.6875,0,0
Q9Y4L1_869_H6N2,1530660.383,1519323.277,1193998.625,786274.6875
Q9Y4L1_869_H7N2,751779.7656,753209.2188,0,0
Q9Y4L1_869_H8N2,3632378.781,3739858.016,1998882.25,947548.5625
Q9Y4L1_869_H9N2,576468.875,543294.5,213057.5625,0
Q9Y4L1_922_H7N2,0,0,2502553.75,1326078.625
Q9Y4L1_931_H5N2,0,0,4786759,2542468
Q9Y4L1_931_H6N2,1741532.75,2192114.43,29954443.17,20462503
Q9Y5Y6_772_H5N2,251809.0469,145005.25,606331.25,609991.875
Q9Y639_197_H5N4F1,93103.64062,34146.76562,732374.125,366821.25
Q9Y639_197_H5N4F1A1,1119090.891,743070.9688,13160167.38,6394080.094
Q9Y639_229_H8N2,0,0,3990680,2191059
Q9Y639_229_H8N7,295859.1,228103.7,1216270,618764.6
Q9Y639_229_H9N2,0,0,6391586,2966879
Q9Y6N7_820_H7N2,462479.25,246188.6562,0,0
Q9Y6N7_827_H5N4F1A1,122775.1094,38109.25391,0,0
