ID,Female_1,Female_2,Female_3,Male_1,Male_2,Male_3
Smp-349990.1_67_N2F1,1.06345e+08,1.34273e+08,1.40852e+08,3.48651e+08,3.82099e+08,3.63245e+08
Smp-349990.1_67_N1F1,2.70921e+07,2.92454e+07,3.61247e+07,8.34008e+07,9.57926e+07,6.41268e+07
Smp-345510.1_1187_H2N3,3.82351e+07,3.17176e+07,3.13857e+07,1.29768e+07,1.79102e+07,1.95547e+07
Smp-342000.1_511_H3N2F2Pen1,2.28506e+07,2.66428e+07,3.57801e+07,1.34022e+07,1.42773e+07,1.15405e+07
Smp-341660.1_240_H4N4,1.33598e+07,4.22784e+07,7.57884e+07,7.88192e+06,0,1.12824e+07
Smp-341660.1_240_H2N2,9.03737e+08,9.52238e+08,1.04435e+09,2.13973e+09,2.13401e+09,2.30982e+09
Smp-341660.1_232_H4N4F1,4.74535e+07,4.58439e+07,9.35028e+07,1.7828e+07,1.65449e+07,0
Smp-341660.1_232_H3N3,2.49309e+08,2.72678e+08,2.4177e+08,4.81228e+08,4.39054e+08,6.43799e+08
Smp-341660.1_232_H2N4,3.18661e+07,3.28072e+07,4.57992e+07,1.12535e+08,1.22103e+08,1.48798e+08
Smp-341660.1_146_H4N3F3,3.9292e+06,3.01142e+06,892174,3.84674e+07,3.6916e+07,4.65849e+07
Smp-341660.1_146_H3N2F2Pen1,3.45518e+07,3.23929e+07,2.6594e+07,5.77778e+06,1.55271e+07,1.26676e+07
Smp-340630.1_228_H4N2F1HexA1,5.63181e+06,1.88357e+06,7.28434e+06,6.57347e+06,1.15618e+07,8.45495e+06
Smp-340630.1_224_H6N2F1HexA1,1.38673e+07,2.20375e+06,6.13994e+06,2.45444e+06,3.62413e+06,0
Smp-340540.1_215_H8N2,5.2149e+07,2.8165e+07,2.65246e+07,2.69098e+07,1.99633e+07,2.36219e+07
Smp-340540.1_204_H1N3F1Pen1,1.25629e+08,1.50098e+08,1.53404e+08,4.2186e+08,4.51462e+08,3.36739e+08
Smp-326550.1_136_H2N4F1HexA1,0,670762,932356,1.01377e+06,8.62914e+06,668210
Smp-312990.1_665_H2N4,8.46846e+07,1.37352e+08,1.20493e+08,5.22694e+08,5.19383e+08,4.66436e+08
Smp-310080.1_374_N3,5.59133e+07,6.14645e+07,6.10334e+07,8.3308e+07,8.22697e+07,1.05437e+08
Smp-310080.1_374_N2,3.39538e+07,3.85989e+07,3.67264e+07,4.48717e+07,4.11336e+07,6.3731e+07
Smp-308820.1_780_H4N3F2,1.06557e+08,4.94555e+07,9.00207e+07,5.15324e+07,4.77935e+07,5.62846e+07
Smp-308820.1_515_H1N1,2.47709e+07,2.3299e+07,2.27408e+07,4.88616e+07,4.13618e+07,5.60619e+07
Smp-308820.1_487_H3N2F1HexA1,152595,270614,13336.8,394456,175022,1.43682e+06
Smp-308820.1_487_H2N3F2HexA1,0,137066,325206,196785,808625,692956
Smp-308820.1_486_H1N2F1HexA1,294497,120074,170948,922973,499227,1.30467e+06
Smp-307220.2_72_H2N2,95851.8,2.10304e+07,0,0,78841.9,87346.7
Smp-307220.2_72_H1N3,1.16163e+07,1.16365e+07,644154,0,4.99703e+06,0
Smp-307220.1_93_H2N2,1.43674e+07,1.73346e+07,1.55831e+07,7.72315e+07,7.21013e+07,8.67965e+07
Smp-307220.1_91_H2N3,8.20844e+06,3.43211e+06,3.05326e+06,6.08661e+07,6.59121e+07,5.86858e+07
Smp-307220.1_87_H3N3,6.68366e+07,6.43575e+07,3.13713e+07,2.53425e+08,2.92659e+08,1.85653e+08
Smp-307220.1_86_H4N4,4.73568e+07,5.4793e+07,5.33106e+07,2.27415e+08,2.2146e+08,2.39923e+08
Smp-307220.1_73_H1N4,0,5.7376e+06,0,0,0,0
Smp-307220.1_105_N4HexA1Pen1,1.10391e+07,1.44313e+07,1.09596e+06,3.88435e+06,5.50528e+06,189203
Smp-307220.1_104_H1N4F1,2.35669e+07,1.19169e+07,1.22404e+07,4.47634e+06,5.67405e+06,3.85642e+06
Smp-306800.1_326_N2,2.38933e+07,1.449e+07,2.46564e+07,3.68646e+07,3.76206e+07,2.13382e+07
Smp-302980.1_500_H3N3,2.05459e+08,1.98228e+08,2.65491e+08,4.42456e+07,6.45651e+07,5.67416e+07
Smp-302980.1_500_H2N2,9.79884e+07,9.38988e+07,9.51883e+07,1.09446e+07,8.59898e+07,1.20342e+07
Smp-302980.1_500_H1N1,2.92122e+07,3.82296e+07,3.20716e+07,6.88868e+06,5.82082e+06,6.43879e+06
Smp-302980.1_499_H3N4,1.66058e+08,1.23436e+08,1.55862e+08,1.39217e+07,2.65111e+07,3.99386e+07
Smp-248070.1_1579_H3N4F2,3.59448e+07,3.25144e+07,4.58118e+07,1.34149e+07,2.16142e+07,1.37867e+07
Smp-246770.1_276_H1N2,3.64844e+07,3.36082e+07,3.94118e+07,8.10033e+06,3.78841e+06,7.20908e+06
Smp-246770.1_276_H1N1,2.72327e+07,2.75127e+07,2.28069e+07,4.9559e+06,7.51035e+06,6.9655e+06
Smp-246700.1_1351_N1F2,4.5826e+07,4.58696e+07,3.9196e+07,8.84441e+07,6.47538e+07,6.72216e+07
Smp-245815.1_79_H2N2,2.58634e+06,2.8984e+06,4.01676e+06,1.18329e+07,1.4547e+07,1.77747e+07
Smp-245815.1_785_H2N2,2.32232e+07,1.64719e+07,2.62781e+07,1.10664e+08,1.22031e+08,9.50911e+07
Smp-245490.1_839_H7N2F1HexA1,5.701e+06,3.81733e+06,2.74264e+06,8.57996e+06,5.27304e+06,7.03415e+06
Smp-211020.2_616_H3N3,9.38556e+07,1.12365e+08,1.12043e+08,1.51833e+07,1.46362e+07,1.26133e+07
Smp-194910.1_87_H7N2HexA1,1.82106e+07,1.21263e+07,1.70339e+07,6.49034e+06,3.65352e+06,3.17926e+06
Smp-194910.1_87_H6N2HexA1,1.71921e+07,1.8546e+07,2.75084e+07,3.66546e+07,1.36249e+07,3.46372e+07
Smp-194910.1_87_H4N5F3,1.21349e+08,8.11088e+07,1.33535e+08,5.81371e+07,8.05051e+07,3.89426e+07
Smp-194910.1_87_H4N1F3,2.14228e+07,1.55007e+07,1.93831e+07,5.98097e+07,4.95015e+07,6.68841e+07
Smp-194910.1_87_H3N3F3,1.80266e+08,9.07238e+07,1.21114e+08,2.67371e+08,2.99018e+08,3.27337e+08
Smp-194910.1_87_H2N3F3,3.62622e+07,2.4195e+07,2.49707e+07,7.44583e+07,9.47056e+07,8.60136e+07
Smp-194910.1_87_H1N2F3HexA1,1.04558e+06,2.20321e+06,3.55511e+06,9.2307e+06,7.81185e+06,8.75968e+06
Smp-194910.1_87_H1N2F1HexA1,4.03352e+06,0,91484.4,8.12991e+07,1.12232e+08,1.42687e+08
Smp-194910.1_108_H4N4F2,2.37281e+07,3.90467e+07,3.51028e+07,1.09539e+07,1.42362e+07,1.23882e+07
Smp-194910.1_104_H3N3F2,1.80703e+07,0,4.39142e+07,656331,0,1.26351e+06
Smp-194050.1_66_N5,1.48632e+08,4.63652e+07,1.32813e+08,4.89093e+08,3.04968e+08,3.66474e+08
Smp-194050.1_66_H4N4,5.75599e+08,5.2649e+08,5.61013e+08,1.1294e+09,1.24462e+09,1.02226e+09
Smp-194050.1_66_H3N7,1.3965e+08,8.43408e+07,1.11899e+08,2.27889e+08,2.60088e+08,2.17447e+08
Smp-194050.1_66_H3N6,9.2005e+07,7.3843e+07,1.39079e+08,1.54193e+08,2.00437e+08,1.72699e+08
Smp-194050.1_66_H3N5,3.6236e+07,3.17477e+07,3.81183e+07,7.65201e+07,3.67413e+07,6.42129e+07
Smp-194050.1_66_H3N3,2.38873e+08,3.35782e+08,2.80969e+08,8.37423e+08,1.03361e+09,8.31695e+08
Smp-194050.1_62_H4N6,5.12833e+07,5.02795e+07,3.3705e+07,1.28537e+08,8.5253e+07,1.48538e+08
Smp-194050.1_62_H3N4,1.10163e+07,1.38383e+07,1.50618e+07,2.08511e+07,2.8227e+07,4.04971e+07
Smp-194050.1_62_H3N3F1,7.66986e+07,1.04976e+08,1.01818e+08,2.01014e+07,3.54619e+07,2.48728e+07
Smp-194050.1_61_N7,6.58056e+07,4.60787e+07,4.26747e+07,1.64449e+08,1.62778e+08,2.60028e+08
Smp-194050.1_61_N6,1.30099e+07,1.81313e+07,1.60478e+07,4.01549e+07,5.83119e+07,7.11894e+07
Smp-194050.1_61_N4,5.27369e+06,0,0,3.56548e+07,4.63124e+07,5.52926e+07
Smp-194050.1_61_H1N4F1HexA1,1.27895e+07,1.16201e+07,1.8921e+07,1.73507e+07,2.55991e+07,1.82266e+07
Smp-194050.1_60_H1N5,3.29755e+07,4.05849e+07,4.15303e+07,6.33973e+07,1.01608e+08,9.62783e+07
Smp-194050.1_54_H2N4,2.07784e+08,2.56129e+08,2.59352e+08,5.82359e+08,5.46403e+08,6.9257e+08
Smp-194050.1_44_H2N6,1.65416e+07,1.85647e+07,1.19102e+07,2.90592e+07,4.43884e+07,5.3685e+07
Smp-194050.1_38_H3N3,1.02809e+07,1.03758e+07,4.25887e+06,5.53939e+07,5.59803e+07,3.7693e+07
Smp-194050.1_38_H2N6,1.1502e+08,1.81148e+08,1.31277e+08,3.40066e+08,4.00316e+08,4.04709e+08
Smp-194050.1_38_H2N4,2.84135e+08,2.93784e+08,3.008e+08,5.19921e+08,4.38914e+08,4.7388e+08
Smp-194050.1_38_H2N2,1.23585e+08,9.67042e+07,1.03345e+08,7.36219e+08,5.57728e+08,5.31074e+08
Smp-194050.1_38_H1N3,2.52734e+07,5.1601e+06,1.97838e+07,1.20771e+08,1.18174e+08,1.13461e+08
Smp-194050.1_38_H1N1,1.03765e+06,970348,1.46292e+06,7.76436e+06,7.56849e+06,1.01531e+07
Smp-194050.1_36_H2N6,1.2875e+07,1.01072e+07,8.61802e+06,5.62573e+07,4.7077e+07,5.16504e+07
Smp-194050.1_36_H2N2,5.11568e+06,323073,9.22175e+06,2.52472e+07,2.74776e+07,3.08665e+07
Smp-194050.1_342_H2N3,1.34565e+08,2.11925e+08,1.8826e+08,3.26952e+08,2.94376e+08,3.07837e+08
Smp-194050.1_341_N4,1.03086e+08,9.19713e+07,1.02703e+08,3.51505e+08,3.58358e+08,3.11009e+08
Smp-194050.1_341_N3,5.99052e+06,8.48869e+06,5.98424e+06,2.69272e+07,4.77624e+07,3.9421e+07
Smp-194050.1_341_H3N3,1.68771e+08,1.89771e+08,2.6696e+08,4.57328e+08,4.57129e+08,5.36962e+08
Smp-194050.1_339_H4N4,1.33941e+08,1.41905e+08,9.64248e+07,2.11676e+08,1.41395e+08,1.69662e+08
Smp-194050.1_339_H2N6,713437,1.64492e+07,1.06323e+07,5.35289e+06,5.83342e+06,5.71629e+06
Smp-194050.1_339_H2N2,1.27917e+08,1.84436e+08,1.52691e+08,3.22479e+08,3.80666e+08,4.37727e+08
Smp-194050.1_333_H2N4,1.79219e+07,1.9403e+07,1.7989e+07,4.29774e+07,4.16606e+07,3.56381e+07
Smp-194050.1_325_H2N2,2.62209e+07,1.86314e+07,1.45825e+07,3.63303e+07,2.90988e+07,3.5731e+07
Smp-194050.1_323_N2,1.59914e+07,1.67938e+07,1.43727e+07,5.55924e+07,7.52629e+07,5.75644e+07
Smp-194050.1_256_N2,3.06223e+06,3.41739e+06,2.35734e+06,1.53158e+06,3.38283e+06,2.48791e+06
Smp-194050.1_256_H4N5,9.61465e+07,6.94664e+08,8.39973e+08,1.50395e+08,1.68528e+08,9.89316e+07
Smp-194050.1_256_H4N4,3.48001e+08,3.04911e+08,2.92665e+08,4.37914e+08,5.1414e+08,6.17502e+08
Smp-194050.1_256_H3N6,1.05815e+08,1.17375e+08,6.04044e+08,1.558e+08,1.39355e+08,1.78738e+08
Smp-194050.1_256_H3N5,6.61226e+07,6.04342e+07,8.93405e+07,3.27484e+08,2.15256e+08,3.01122e+08
Smp-194050.1_256_H3N4,1.35889e+08,1.46253e+08,8.2942e+07,2.30384e+08,2.46939e+08,1.96334e+08
Smp-194050.1_256_H3N3,3.83462e+08,4.3523e+08,4.77572e+08,3.88782e+08,5.70228e+08,5.87691e+08
Smp-194050.1_256_H2N7,1.01895e+09,8.80744e+08,8.13327e+08,1.31442e+09,1.54592e+09,1.28083e+09
Smp-194050.1_256_H2N6,1.13676e+09,8.72549e+08,5.50004e+08,2.29756e+09,1.87095e+09,2.3333e+09
Smp-194050.1_256_H2N5,2.8254e+08,2.39889e+08,2.15742e+08,3.36221e+08,3.83331e+08,4.01999e+08
Smp-194050.1_256_H2N4F3HexA1,4.48861e+08,3.96779e+08,5.05555e+08,4.90058e+07,9.35613e+07,8.12134e+07
Smp-194050.1_256_H2N4,2.16282e+08,2.17145e+08,3.03502e+08,7.01437e+08,5.21366e+08,7.38557e+08
Smp-194050.1_256_H2N3,2.72901e+08,3.05601e+08,3.45808e+08,1.09613e+09,9.54375e+08,1.12012e+09
Smp-194050.1_256_H1N6,3.11796e+07,3.58194e+07,2.42902e+07,3.75531e+07,5.10915e+07,6.34464e+07
Smp-194050.1_256_H1N4,3.83334e+07,2.44962e+07,3.14398e+07,7.2398e+07,2.34011e+07,2.24381e+07
Smp-194050.1_256_H1N3,1.24082e+07,1.93576e+07,1.39912e+07,8.82291e+07,5.98797e+07,8.49409e+07
Smp-194050.1_256_H1N2,2.36144e+08,2.38368e+08,2.44942e+08,4.35517e+08,4.73043e+08,3.61171e+08
Smp-194050.1_254_H4N4,4.68873e+08,5.85835e+08,7.30332e+08,1.02272e+09,1.18541e+09,1.10022e+09
Smp-194050.1_254_H1N1,3.68287e+06,3.5557e+06,2.54509e+06,1.30528e+07,1.17224e+07,1.12628e+07
Smp-194050.1_253_H2N6,4.25226e+08,3.26245e+08,4.39133e+08,1.20688e+09,8.08925e+08,1.02736e+09
Smp-194050.1_252_H3N7,4.35664e+09,2.29596e+08,1.97972e+08,3.073e+08,3.53486e+08,3.34323e+08
Smp-194050.1_252_H2N3,1.05322e+09,1.1404e+09,9.78995e+08,1.47375e+09,1.54247e+09,1.59721e+09
Smp-194050.1_252_H1N3,1.76453e+08,1.78486e+08,1.67884e+08,2.41342e+08,2.42604e+08,2.62825e+08
Smp-194050.1_182_H3N3,1.149e+07,1.49128e+07,1.00502e+07,4.75652e+07,5.66488e+07,3.93478e+07
Smp-194050.1_180_H7N4,5.90262e+07,3.7868e+07,2.05616e+08,1.91402e+08,1.3871e+08,1.72611e+08
Smp-194050.1_180_H6N5F2,1.12623e+07,1.39913e+07,1.0354e+07,5.05294e+07,6.83834e+07,7.56163e+07
Smp-194050.1_180_H5N5F2,9.42335e+06,1.1364e+07,8.53087e+06,3.31995e+07,3.77562e+07,5.21525e+07
Smp-194050.1_180_H4N5F2,5.18915e+07,3.14269e+07,5.65114e+07,1.28122e+08,9.21521e+07,1.33053e+08
Smp-180810.1_252_H3N3,9.03029e+06,2.11885e+08,2.23564e+08,1.12642e+09,6.72284e+08,1.1122e+09
Smp-180810.1_249_H1N3F1HexA1,3.77285e+06,0,6.88136e+06,1.87731e+06,6.10964e+06,1.52084e+06
Smp-179360.1_693_H1N1,2.90789e+07,2.43306e+07,2.892e+07,4.94675e+07,5.0809e+07,4.61909e+07
Smp-173380.1_1080_N4,7.73016e+06,8.91946e+06,0,3.13218e+07,2.90793e+07,5.33439e+07
Smp-172180.1_49_H5N5,0,0,7.77035e+06,1.01176e+08,9.64627e+07,9.48108e+07
Smp-171190.1_46_H5N4F1,6.01121e+07,5.67667e+07,4.36773e+07,4.27251e+07,4.01657e+07,4.0422e+07
Smp-170550.1_393_N1F1,6.7052e+07,1.31601e+08,1.1554e+08,8.91985e+08,5.30563e+08,5.81718e+08
Smp-170550.1_389_N1F1,3.09037e+07,3.75767e+07,4.61351e+07,1.17522e+08,8.81932e+07,1.46217e+08
Smp-170280.1_143_N6F1HexA1,4.98117e+06,1.08009e+07,2.61011e+07,3.27113e+07,3.57602e+07,3.97364e+07
Smp-170280.1_143_H5N2F1HexA1,0,4.8214e+06,0,3.34686e+06,2.86761e+06,3.47884e+06
Smp-167860.1_807_H2N4,1.41308e+08,1.66518e+08,1.2898e+08,7.69839e+07,6.92835e+07,5.41371e+07
Smp-167240.1_403_H2N2HexA1Pen1,2.99286e+07,4.28508e+07,5.06499e+07,9.99234e+07,8.45071e+07,1.00662e+08
Smp-165710.1_140_H3N3F2,2.04513e+08,1.57938e+08,1.76513e+08,1.10201e+08,1.84581e+07,1.0048e+08
Smp-165710.1_109_H3N3F2,2.54237e+07,2.48107e+07,3.38423e+07,3.48896e+07,4.48226e+07,5.26784e+07
Smp-165420.1_1754_H3N3F1,2.11365e+07,9.61725e+06,8.43035e+06,1.89252e+07,1.43321e+07,2.00707e+07
Smp-165360.1_307_H2N2,2.26935e+07,2.6809e+07,2.16911e+07,4.395e+06,3.72734e+08,7.83382e+06
Smp-165360.1_143_H1N1,1.18351e+08,1.28023e+08,1.25936e+08,6.86398e+06,0,4.31662e+06
Smp-162100.1_621_H6N5F3,1.8384e+08,1.66234e+08,1.48398e+08,3.00618e+07,2.29574e+07,1.60396e+07
Smp-162100.1_621_H5N5F2,8.64536e+07,9.72893e+07,1.05073e+08,2.45988e+07,2.24872e+07,2.86573e+07
Smp-162100.1_621_H5N4F2,1.87214e+08,1.74753e+08,2.18263e+08,4.52169e+07,4.03922e+07,4.76861e+07
Smp-162100.1_621_H4N4F2,2.27054e+08,1.95458e+08,1.97559e+08,3.54152e+07,3.30013e+07,3.3939e+07
Smp-161210.1_70_H5N5,2.42406e+08,1.53926e+08,2.76925e+08,2.48642e+08,2.96428e+08,2.95702e+08
Smp-161210.1_60_H4N4,1.04588e+07,1.57908e+07,0,3.84804e+07,2.70204e+07,4.2716e+07
Smp-158320.1_806_H3N3,2.0384e+08,2.09307e+08,1.8015e+08,4.82108e+08,4.24899e+08,4.36435e+08
Smp-157590.1_602_N2,4.37193e+07,3.98156e+07,3.58664e+07,8.85089e+07,1.04447e+08,1.11208e+08
Smp-157590.1_601_N3,4.31289e+07,5.2199e+07,2.75302e+07,8.0463e+07,9.05538e+07,1.05187e+08
Smp-157070.1_238_H3N3F2,1.37395e+08,9.46029e+07,1.21136e+08,1.42252e+08,1.23269e+08,1.37404e+08
Smp-156930.1_6_H3N3,3.58751e+06,1.90401e+06,4.1582e+06,3.91809e+07,4.00078e+07,4.92936e+07
Smp-156930.1_4_H2N2,2.38188e+06,846547,646063,1.70307e+07,1.68416e+07,1.34967e+07
Smp-155750.1_266_H1N2,2.15721e+07,2.92195e+07,2.6307e+07,6.33764e+07,7.23963e+07,1.81097e+07
Smp-154760.1_430_H2N2,8.52675e+06,1.22476e+07,8.38922e+06,2.94762e+07,3.4062e+07,4.89457e+07
Smp-154760.1_427_H3N3,1.69847e+08,1.40672e+08,7.74535e+07,1.78291e+08,1.14266e+08,8.96653e+07
Smp-154040.1_189_N3,1.29052e+07,1.78297e+07,1.10033e+07,5.13001e+07,5.80205e+07,4.6411e+07
Smp-153190.1_1342_N2,5.34039e+07,5.6543e+07,7.07335e+07,4.55853e+07,7.29949e+07,4.47039e+07
Smp-149200.1_1269_N2,1.2715e+07,1.19657e+07,1.40528e+07,4.73048e+07,3.5338e+07,4.7899e+07
Smp-146250.1_205_H1N2G1HexA1Pen1,9.25882e+06,8.84017e+06,6.11289e+06,3.70275e+07,5.9115e+06,4.88873e+06
Smp-144840.1_391_N7,8.01949e+07,7.59422e+07,5.98438e+07,2.53862e+08,1.85947e+08,2.20135e+08
Smp-144840.1_391_N6,9.42249e+07,9.07422e+07,9.64964e+07,1.75187e+08,2.02121e+08,2.4588e+08
Smp-143470.1_2292_H2N3F2,1.14804e+07,7.46626e+06,1.10403e+07,1.21601e+07,1.30199e+07,9.51342e+07
Smp-142880.1_935_N5,9.5858e+07,4.92888e+07,9.06039e+07,1.70582e+08,1.75317e+08,1.93139e+08
Smp-142880.1_934_N4,4.87463e+08,7.47749e+07,5.91105e+08,2.72126e+08,2.63693e+08,2.9538e+08
Smp-141330.1_260_N2,8.58537e+07,9.60473e+07,1.11406e+08,1.47414e+08,1.50771e+08,1.36314e+08
Smp-140120.1_70_N4,4.12397e+07,5.97645e+07,3.45953e+07,8.64283e+07,1.06773e+08,1.29818e+08
Smp-140120.1_70_N3,4.88089e+07,2.82823e+07,8.89053e+06,4.38866e+07,6.96225e+07,7.36115e+07
Smp-140120.1_69_N2,7.5688e+07,5.68954e+07,3.96495e+07,1.73482e+08,1.14692e+08,1.21019e+08
Smp-138150.1_326_N2,1.65236e+07,2.99133e+07,7.64372e+06,2.00188e+07,1.41711e+07,2.16285e+07
Smp-138150.1_205_N2,2.29978e+07,2.26906e+07,1.40061e+07,3.2279e+07,3.62715e+07,5.10062e+07
Smp-131580.1_90_H3N3F2,2.26158e+07,2.20985e+07,1.43731e+07,4.29506e+07,5.14204e+07,5.71315e+07
Smp-130520.1_209_N3Pen1,701016,663890,847273,946893,656859,555833
Smp-127160.1_171_H4N3F2Pen1,6.782e+07,6.89424e+07,8.97723e+07,4.44083e+07,6.71556e+07,7.51438e+07
Smp-126990.1_620_N2,2.8067e+06,1.11585e+06,2.39749e+06,1.54059e+07,1.32398e+07,2.03738e+07
Smp-126360.1_670_H2N2,3.31309e+06,7.99734e+06,1.15817e+06,3.83283e+07,2.96851e+07,4.14619e+07
Smp-126170.1_317_N1F2HexA1,2.9041e+07,1.71824e+07,2.92731e+07,1.99606e+07,4.85523e+07,6.47107e+07
Smp-125770.1_803_N2,1.15522e+08,9.58598e+07,1.50091e+08,8.7943e+07,6.28592e+07,8.86643e+07
Smp-125250.1_48_N1F2,2.4245e+07,2.44474e+07,1.22274e+07,2.49629e+07,2.03647e+07,1.06574e+07
Smp-125250.1_48_H3N2F2,1.20065e+07,2.00201e+07,0,4.02905e+07,3.5752e+07,5.86885e+07
Smp-124000.1_70_H2N3,2.44695e+06,3.23398e+06,6.76878e+06,4.57811e+06,4.99828e+06,4.37166e+06
Smp-124000.1_98_H2N2F1,1.09546e+07,1.15122e+07,7.72465e+06,1.41334e+07,1.4985e+07,1.62277e+07
Smp-124000.1_98_H1N2,3.85118e+06,1.15868e+07,3.61047e+06,1.90579e+07,1.43908e+07,1.96239e+07
Smp-124000.1_98_H1N1,7.13079e+07,6.32169e+07,3.67271e+07,2.55217e+08,2.42586e+08,2.48263e+08
Smp-124000.1_89_H2N2,2.80021e+06,164000,2.50765e+06,1.14338e+07,8.9239e+06,4.33606e+06
Smp-124000.1_86_H3N3,6.8518e+06,2.46631e+06,2.66695e+06,2.36415e+07,1.80828e+07,2.13464e+07
Smp-124000.1_70_H4N4,1.74844e+08,8.29685e+07,7.45413e+07,3.75841e+08,4.16237e+08,2.51327e+08
Smp-124000.1_70_H3N4,1.07219e+08,6.94949e+07,8.50987e+07,7.97356e+07,5.97493e+07,1.57018e+08
Smp-124000.1_69_H4N4,2.32767e+08,1.6063e+08,1.70954e+08,3.88603e+08,4.33761e+08,3.90036e+08
Smp-124000.1_69_H2N4,2.49932e+07,2.77903e+07,2.6433e+07,2.95122e+07,2.93841e+07,2.45019e+07
Smp-124000.1_69_H1N5,3.85957e+07,3.45254e+07,4.72323e+07,2.6669e+07,1.05476e+07,2.19337e+07
Smp-124000.1_67_H6N6,1.29832e+08,1.14182e+08,1.60407e+08,1.50984e+08,2.00013e+08,1.78642e+08
Smp-124000.1_67_H5N6,1.42671e+08,1.16052e+08,1.16514e+08,2.50064e+08,2.76864e+08,2.33551e+08
Smp-124000.1_67_H5N5,2.64066e+09,2.79778e+09,2.65806e+09,6.17937e+09,4.99084e+09,5.28709e+09
Smp-124000.1_67_H4N5,1.03702e+09,1.04752e+09,1.1431e+09,1.08737e+09,1.30547e+09,1.27001e+09
Smp-124000.1_67_H2N5,2.32667e+08,1.95535e+08,2.54874e+08,2.17543e+08,2.30155e+08,2.62511e+08
Smp-124000.1_61_H4N6,5.54095e+07,9.73359e+07,9.71893e+07,1.10472e+08,9.36606e+07,7.55256e+07
Smp-124000.1_53_H3N3,1.08051e+07,70527.8,5.31365e+06,2.11874e+07,3.06677e+07,3.33795e+07
Smp-124000.1_104_H2N2,4.64818e+07,4.33616e+07,7.01736e+07,1.14826e+08,1.36363e+08,1.20887e+08
Smp-123060.1_1346_N2,3.80597e+07,2.35925e+07,3.30701e+07,3.60939e+07,2.94496e+07,3.41834e+07
Smp-105450.1_61_H3N2F1,5.47145e+06,4.22879e+06,1.64941e+07,7.78445e+07,1.04655e+08,1.13532e+08
Smp-105450.1_60_H2N2F1,1.36659e+07,1.14603e+07,6.00277e+06,3.28724e+07,5.28535e+07,6.46179e+07
Smp-105450.1_59_N1F2,1.19813e+07,1.87943e+07,4.72955e+07,7.91549e+06,1.07374e+07,1.67562e+07
Smp-105450.1_59_H3N2F2,7.11768e+07,7.0361e+07,4.68905e+07,3.6908e+08,4.72377e+08,5.37465e+08
Smp-105450.1_59_H1N2F1HexA1,1.75075e+08,8.8316e+07,6.03182e+07,3.60999e+08,3.32773e+08,4.84156e+08
Smp-105450.1_106_H6N4F3,3.43235e+07,2.12898e+07,2.15678e+07,1.93566e+07,2.37132e+07,1.24537e+07
Smp-105450.1_106_H4N3F2HexA1,2.19883e+07,2.4096e+07,2.33932e+07,5.31519e+07,5.20334e+07,2.78619e+07
Smp-105450.1_106_H3N3F2HexA1,4.18179e+07,1.8816e+07,1.24074e+07,3.21073e+07,1.58046e+07,3.03956e+07
Smp-105450.1_106_H3N2F1HexA1Pen1,2.16954e+08,1.9901e+08,2.72902e+08,1.9302e+08,1.73049e+08,1.8734e+08
Smp-105450.1_105_H4N5F2,1.03798e+09,1.18636e+09,1.21577e+09,1.08932e+09,7.31672e+08,9.78687e+08
Smp-105450.1_105_H4N3HexA1,5.90601e+07,4.9384e+07,5.23988e+07,9.20312e+07,1.03644e+08,1.07435e+08
Smp-105450.1_105_H4N2F1HexA1Pen1,1.80821e+08,7.47043e+07,1.40206e+08,1.8355e+08,1.66317e+08,2.08192e+08
Smp-105450.1_105_H3N4F2,1.03147e+08,1.0264e+08,1.07155e+08,7.99178e+07,8.0285e+07,1.08315e+08
Smp-105450.1_105_H3N2F1HexA1,4.63402e+06,1.11238e+07,2.77198e+06,1.64325e+06,6.67562e+06,9.78657e+06
Smp-102340.1_728_H3N2F1,2.71591e+07,2.39009e+07,2.65239e+07,3.16967e+07,3.02103e+07,3.5103e+07
Smp-089670.1_795_N2,4.30045e+06,8.40501e+06,4.86287e+06,3.68367e+07,2.86708e+07,3.44178e+07
Smp-089670.1_795_H1N1,4.07433e+06,2.80907e+06,6.78315e+06,1.84949e+07,1.91299e+07,2.3399e+07
Smp-089670.1_793_H1N2,8.4155e+07,6.97391e+07,1.06005e+08,4.82957e+08,4.58268e+08,4.96108e+08
Smp-089670.1_487_H5N4F2,7.29406e+06,1.16993e+07,1.1877e+07,2.04296e+07,2.35209e+07,3.03221e+07
Smp-089670.1_487_H3N3F2,7.58484e+06,1.24148e+07,1.1336e+07,1.31683e+07,1.49478e+07,1.53446e+07
Smp-089670.1_143_H3N4F3Pen1,2.2165e+08,1.7929e+08,1.49367e+08,3.11453e+08,7.30624e+07,1.91263e+08
Smp-089670.1_1189_H3N2F2,8.36857e+07,8.30976e+07,5.94678e+07,6.44243e+07,5.93975e+07,7.34246e+07
Smp-089670.1_1177_H2N2F1HexA1Pen1,6.02447e+07,5.13599e+07,3.51088e+07,2.42524e+07,3.61851e+07,3.63756e+07
Smp-088950.1_912_N3,1.61491e+08,1.43465e+08,2.08621e+08,1.91849e+08,1.7891e+08,2.83371e+08
Smp-088950.1_904_N2,7.42011e+07,5.2959e+07,8.24581e+07,6.08919e+07,6.03972e+07,5.47728e+07
Smp-088600.1_303_H1N3,1.57506e+07,3.47548e+07,6.04266e+07,1.21923e+07,9.7764e+06,4.11323e+06
Smp-073280.1_224_H2N2,1.31983e+08,1.41782e+08,9.19796e+07,3.6515e+08,3.72732e+08,4.106e+08
Smp-070540.1_407_H2N2F1,2.54026e+06,7.01706e+06,6.83884e+06,2.12519e+07,1.78997e+07,2.13814e+07
Smp-069130.1_561_H3N4F3Pen1,4.57053e+06,1.83204e+07,8.75735e+06,1.99889e+07,2.1262e+07,2.90492e+07
Smp-067060.1_185_N3F2HexA1Pen1,2.06909e+08,1.6268e+08,2.09994e+08,1.04241e+08,1.12907e+08,1.17332e+08
Smp-067060.1_185_N2,4.9969e+07,4.36957e+07,7.4001e+07,4.4254e+07,3.83729e+07,4.09291e+07
Smp-067060.1_185_N1F2,8.88615e+07,7.25484e+07,5.76602e+07,1.18492e+07,4.46796e+07,3.75164e+07
Smp-067060.1_185_N1F1,1.50735e+08,1.51063e+08,1.96733e+08,6.35562e+07,4.99716e+07,1.13145e+07
Smp-067060.1_185_H2N6F1,2.36709e+08,4.68396e+08,1.09024e+09,1.55488e+08,1.94039e+08,3.71479e+08
Smp-067060.1_185_H2N2F2HexA1,1.62014e+07,1.97818e+07,3.22851e+07,3.55489e+07,4.6701e+07,2.51271e+07
Smp-067060.1_185_H1N2F2,8.83433e+07,1.82045e+07,1.83037e+07,2.99319e+07,5.04752e+06,3.1466e+07
Smp-056990.1_53_H4N5F2Pen1,6.71765e+07,7.78382e+07,4.43013e+07,1.62055e+08,1.33547e+08,9.50395e+07
Smp-056990.1_48_H3N6F2Pen1,5.74011e+07,5.35131e+07,4.36625e+07,5.7789e+07,4.54356e+07,3.86716e+07
Smp-056760.1_413_H4N2,1.11346e+08,6.75365e+07,4.91156e+07,1.3723e+08,1.68455e+08,2.13751e+08
Smp-056760.1_413_H3N2F1,9.97744e+07,8.27829e+07,8.85801e+07,1.80207e+08,2.00801e+08,2.13056e+08
Smp-056760.1_411_H2N2HexA1Pen1,1.0105e+08,8.12072e+07,2.35464e+08,6.64932e+07,1.2745e+08,1.2418e+08
Smp-052160.1_229_H4N2F1,2.00185e+07,3.02259e+07,3.05526e+07,5.68888e+06,0,0
Smp-049380.1_308_N4,4.04806e+07,3.321e+07,1.7567e+07,8.0455e+07,1.0215e+08,1.099e+08
Smp-041540.1_194_N2Pen1,1.57875e+07,1.59144e+07,1.51865e+07,1.64713e+08,2.70538e+08,1.89395e+08
Smp-041540.1_194_H4N4,2.12049e+08,2.59919e+08,2.19928e+08,2.29286e+08,2.71374e+08,2.19852e+08
Smp-041540.1_194_H3N3,5.16345e+07,6.67883e+07,7.85363e+07,6.73284e+07,5.83161e+07,6.49787e+07
Smp-041540.1_194_H1N3,7.68156e+06,8.94194e+06,1.13365e+07,1.3495e+07,1.60399e+07,2.07601e+07
Smp-041540.1_192_N3,4.72751e+06,1.3529e+07,1.7753e+07,1.14341e+07,1.43614e+07,1.36946e+07
Smp-041540.1_128_H2N2,7.66112e+07,1.82803e+07,3.46291e+07,7.03942e+06,6.25538e+06,6.06106e+06
Smp-033870.1_298_N3,5.27616e+07,4.67691e+07,5.1828e+07,4.24715e+08,3.70822e+08,4.27832e+08
Smp-025030.1_362_H2N2,7.42699e+07,9.63191e+07,8.36044e+07,2.68877e+08,2.91289e+08,3.8219e+08
Smp-018760.1_186_H2N3F1HexA1Pen1,1.83518e+08,2.09021e+08,2.21915e+08,3.68939e+08,4.23878e+08,4.79307e+08
Smp-014570.1_119_N1F2,4.71705e+07,4.95865e+07,3.99678e+07,1.95309e+08,1.99826e+08,1.23693e+08
Smp-014570.1_119_H3N2F2,3.8647e+07,2.15953e+07,5.46895e+07,2.36406e+08,2.26176e+08,2.44175e+08
Smp-014570.1_119_H3N2F1,1.32838e+07,2.40863e+07,2.41542e+07,2.96115e+07,2.02489e+07,3.32943e+07
Smp-011680.1_300_N2F3Pen1,3.66593e+06,0,0,1.5314e+07,1.1969e+07,1.3106e+07
Smp-006060.1_372_H2N2F2,1.5927e+07,2.63463e+07,1.76862e+07,2.73321e+07,3.14456e+07,2.61634e+07
Smp-006060.1_372_H2N2,2.63278e+06,682913,2.02506e+06,4.31969e+06,3.59561e+06,0
Smp-006060.1_372_H1N1,3.74989e+07,1.23158e+07,2.99426e+07,4.80951e+07,5.34215e+07,2.32847e+07
Smp-005230.1_227_H3N2F2Pen1,1.98964e+08,1.75771e+08,1.68783e+08,1.6429e+08,1.99943e+08,2.43682e+08
Smp-004730.1_767_N3,3.76601e+07,2.89938e+07,3.6976e+07,2.97626e+07,3.68873e+07,4.37448e+07
Smp-001950.1_228_H2N2,2.02114e+08,1.84129e+08,1.89946e+08,5.70609e+08,3.95867e+08,6.03452e+08
Smp-001950.1_220_H1N2,8.41881e+06,1.51261e+07,8.16824e+06,3.68166e+07,3.35145e+07,3.72869e+07
Smp-000755.1_134_H2N4F2G1,1.09736e+08,4.22014e+07,1.84442e+08,2.13124e+08,2.48812e+08,2.62972e+07
