glycan,mock_1,mock_2,mock_3,mock_4,PR8_1,PR8_2,PR8_3,PR8_4,x31_1,x31_2,x31_3,x31_4
Man(a1-3)[Man(a1-6)]Man(b1-4)GlcNAc(b1-4)[Fuc(a1-6)]GlcNAc,0.702849673,0.662348081,0.753160408,0.808851826,1.586125167,1.523034052,1.445804651,2.278249666,2.999203961,4.520282711,2.59025076,5.0656084
Man(a1-2/3/6)Man(a1-3/6)[Man(a1-3/6)]Man(b1-4)GlcNAc(b1-4)GlcNAc,0.045862009,0.043857814,0.044145139,0.043908716,0.08186524,0.086928975,0.084273041,0.113882295,0.165332768,0.238346803,0.13887758,0.286476836
Man(a1-3)[Man(a1-6)]Man(a1-6)[Man(a1-3)]Man(b1-4)GlcNAc(b1-4)GlcNAc,0.923432726,0.927654927,0.985896223,1.025722487,1.533613726,1.502160263,1.488063394,1.280829007,2.260636043,2.224897605,2.254878603,2.150436666
Man(a1-2)Man(a1-3)[Man(a1-3)[Man(a1-6)]Man(a1-6)]Man(b1-4)GlcNAc(b1-4)GlcNAc,4.343228537,4.196906123,4.402269785,5.477888102,6.832097374,6.446239855,6.892986335,8.051436403,9.171577113,12.30344341,9.813827478,12.80748601
Man(a1-2)Man(a1-3/6)[Man(a1-3/6)]Man(a1-6)[Man(a1-3)]Man(b1-4)GlcNAc(b1-4)GlcNAc,0.064166435,0.060280178,0.062338626,0.07198385,0.159648393,0.128771719,0.132238707,0.179861191,0.19628731,0.255572403,0.152720207,0.243710746
Man(a1-2)Man(a1-3)[Man6P(a1-3/6)[Man(a1-3/6)]Man(a1-6)]Man(b1-4)GlcNAc(b1-4)GlcNAc,0.305016093,0.265622813,0.303843881,0.35063164,0.915977289,0.573002607,0.614158073,0.941100702,0.830002372,1.835167152,0.825058494,2.120914381
Man(a1-2)Man(a1-3)[Man6P(a1-3/6)[Man(a1-3/6)]Man(a1-6)]Man(b1-4)GlcNAc(b1-4)GlcNAc,0.096923285,0.076106077,0.107434551,0.106829135,0.126423306,0.154383653,0.128692541,0.217853875,0.21662037,0.544676789,0.240902986,0.637907464
Man(a1-2)Man(a1-3)[Man(a1-6)]Man(a1-6)[Man(a1-2)Man(a1-3)]Man(b1-4)GlcNAc(b1-4)GlcNAc,2.00269088,1.888476793,1.936024446,2.048347696,3.280566206,3.293486074,2.948838785,3.477737079,5.184053585,5.000794078,5.006808837,4.833485194
Man(a1-2)Man(a1-6)[Man(a1-3)]Man(a1-6)[Man(a1-2)Man(a1-3)]Man(b1-4)GlcNAc(b1-4)GlcNAc,2.485792302,2.451651918,2.650534408,2.964444419,3.236189822,3.766957198,4.405550833,4.16667687,4.725139509,5.481714834,3.978138637,5.388950086
{Man(a1-2)}Man(a1-2)Man(a1-3)[Man6P(a1-3/6)[Man(a1-3/6)]Man(a1-6)]Man(b1-4)GlcNAc(b1-4)GlcNAc,0.217645292,0.183654632,0.180253927,0.208447542,0.323717963,0.299617505,0.252516202,0.364197992,0.417506383,0.599436703,0.372576284,0.750410809
{Man(a1-2)}Man(a1-2)Man(a1-3)[Man6P(a1-3/6)[Man(a1-3/6)]Man(a1-6)]Man(b1-4)GlcNAc(b1-4)GlcNAc,0.079298651,0.069757413,0.086971737,0.092461641,0.141788717,0.110484379,0.117088883,0.189409339,0.149436265,0.367753504,0.197929458,0.422362016
{Man(a1-2)}Man(a1-2)Man(a1-3/6)[Man(a1-3/6)]Man(a1-6)[Man(a1-2)Man(a1-3)]Man(b1-4)GlcNAc(b1-4)GlcNAc,5.413412297,4.441290042,5.491270757,5.850436506,8.095305521,7.905567423,8.466052931,8.091792708,11.71587891,11.47667374,11.79140351,11.67443113
{Man(a1-2)}{Man(a1-2)}Man(a1-2)Man(a1-3)[Man6P(a1-3/6)[Man(a1-3/6)]Man(a1-6)]Man(b1-4)GlcNAc(b1-4)GlcNAc,0.041219669,0.047416292,0.05662136,0.057150172,0.244159196,0.122962009,0.132116293,0.155633608,0.132476073,0.243208027,0.106693456,0.251523971
Man(a1-2)Man(a1-2)Man(a1-3)[Man(a1-2)Man(a1-3)[Man(a1-2)Man(a1-6)]Man(a1-6)]Man(b1-4)GlcNAc(b1-4)GlcNAc,4.110003429,3.451454228,4.690831884,5.693017064,5.542513688,5.671812522,8.080998237,6.416652687,8.335453499,6.02921699,6.729867336,5.880069567
H9N2,0.146396932,0.11767447,0.148754623,0.127640503,0.260820959,0.220649268,0.184152484,0.216385169,0.324604229,0.278271379,0.448507438,0.262391762
Glc(a1-3)Man(a1-2)Man(a1-2)Man(a1-3)[Man(a1-2)Man(a1-3)[Man(a1-2)Man(a1-6)]Man(a1-6)]Man(b1-4)GlcNAc(b1-4)GlcNAc,0.662729344,0.7477819,0.774946686,0.848418813,0.978718324,0.812918817,0.988265238,1.026860847,1.15669556,0.993599145,0.960148712,0.881454684
H10N2,0.000834228,0.001112112,0.000586143,0.003501054,0.00289974,0.004927019,0.00505944,0.010278867,0.001217918,0.001888509,0.006802312,0.013723451
GlcNAc(b1-2)Man(a1-3)[Man(a1-6)]Man(b1-4)GlcNAc(b1-4)[Fuc(a1-6)]GlcNAc,0.132936999,0.116542831,0.115671472,0.132460681,0.188958605,0.203492539,0.16658703,0.184461443,0.398807844,0.501914518,0.354732148,0.617189139
Gal(b1-4)GlcNAc(b1-2)Man(a1-3)[Man(a1-6)]Man(b1-4)GlcNAc(b1-4)GlcNAc,0.079145369,0.062675421,0.057178583,0.0697087,0.182069264,0.162496655,0.169965378,0.193041169,0.306188003,0.382922581,0.29629878,0.412594955
{Fuc(a1-2/3)}Gal(b1-4)GlcNAc(b1-2)Man(a1-3)[Man(a1-6)]Man(b1-4)GlcNAc(b1-4)GlcNAc,0.059298819,0.068315022,0.069956152,0.069456894,0.218246963,0.20069547,0.201051216,0.237436537,0.205621908,0.21721852,0.272448981,0.23642097
Gal(b1-4)GlcNAc(b1-2)Man(a1-3)[Man(a1-6)]Man(b1-4)GlcNAc(b1-4)[Fuc(a1-6)]GlcNAc,0.33406138,0.253868682,0.263526711,0.320563335,0.591822895,0.601247848,0.471655126,0.562836102,1.175179181,1.231829749,0.975361926,1.21044886
Neu5Ac(a2-6)Gal(b1-4)GlcNAc(b1-2)Man(a1-3)[Man(a1-6)]Man(b1-4)GlcNAc(b1-4)[Fuc(a1-6)]GlcNAc,0.430092128,0.40838352,0.507354881,0.485136302,0.294921587,0.2649294,0.301408797,0.444451501,0.076976226,0.152208444,0.082694525,0.162289208
Neu5Ac(a2-6)Gal(b1-4)GlcNAc(b1-2)Man(a1-3)[Man(a1-6)]Man(b1-4)GlcNAc(b1-4)GlcNAc,0.069949228,0.069267799,0.074517761,0.079434115,0.0330212,0.036543084,0.047200885,0.06135077,0.019385061,0.020647097,0.029431029,0.027944454
Gal(b1-4)GlcNAc(b1-2)Man(a1-3)[Man(a1-3/6)Man(a1-6)]Man(b1-4)GlcNAc(b1-4)GlcNAc,0.251535976,0.24761884,0.21076901,0.264012659,0.886777165,0.946007986,0.970487992,0.939794855,1.213399251,1.107151812,1.209386626,1.339499125
Gal(b1-4)GlcNAc(b1-2)Man(a1-3)[Man(a1-3/6)Man(a1-6)]Man(b1-4)GlcNAc(b1-4)[Fuc(a1-6)]GlcNAc,0.272642873,0.296633389,0.27519441,0.237736866,1.624295317,1.407005117,1.629045335,1.528196698,1.14549925,1.047427263,1.389759614,1.089949168
Neu5Ac(a2-6)Gal(b1-4)GlcNAc(b1-2)Man(a1-3)[Man(a1-3/6)Man(a1-6)]Man(b1-4)GlcNAc(b1-4)[Fuc(a1-6)]GlcNAc,0.907893702,0.866480836,1.017559272,0.860088818,0.484437062,0.473078058,0.451813105,0.481907052,0.176280701,0.165181376,0.178629032,0.136365863
Neu5Ac(a2-6)Gal(b1-4)GlcNAc(b1-2)Man(a1-3)[Man(a1-3/6)Man(a1-6)]Man(b1-4)GlcNAc(b1-4)GlcNAc,0.718705634,0.704877345,0.784204772,0.668984928,0.304076194,0.285647788,0.324303264,0.361071347,0.099536286,0.100994492,0.105440604,0.116603229
Gal(b1-4)GlcNAc(b1-2)Man(a1-3)[Man(a1-3)[Man(a1-6)]Man(a1-6)]Man(b1-4)GlcNAc(b1-4)GlcNAc,0.375747336,0.405938503,0.374467438,0.323149592,1.473858578,1.732294198,1.600689727,1.563451832,1.752294872,1.979259017,2.118996098,1.906178326
{Fuc(a1-2/3)}Gal(b1-4)GlcNAc(b1-2)Man(a1-3)[Man(a1-3)[Man(a1-6)]Man(a1-6)]Man(b1-4)GlcNAc(b1-4)GlcNAc,0.047636396,0.05162156,0.036862669,0.035095637,0.112977525,0.15949429,0.16267286,0.137929916,0.101724447,0.107691984,0.14432464,0.089408772
Gal(b1-4)GlcNAc(b1-2)Man(a1-3)[Man(a1-3)[Man(a1-6)]Man(a1-6)]Man(b1-4)GlcNAc(b1-4)[Fuc(a1-6)]GlcNAc,0.124608165,0.125745875,0.122789866,0.105692925,0.532177708,0.563575022,0.558261014,0.614626077,0.604539508,0.529218888,0.664967434,0.466690771
Neu5Ac(a2-6)Gal(b1-4)GlcNAc(b1-2)Man(a1-3)[Man(a1-3)[Man(a1-6)]Man(a1-6)]Man(b1-4)GlcNAc(b1-4)[Fuc(a1-6)]GlcNAc,0.409147476,0.471373612,0.524623223,0.414851607,0.307590111,0.235245335,0.241822608,0.31653047,0.118852563,0.132607502,0.143160105,0.138498871
Neu5Ac(a2-6)Gal(b1-4)GlcNAc(b1-2)Man(a1-3)[Man(a1-3)[Man(a1-6)]Man(a1-6)]Man(b1-4)GlcNAc(b1-4)GlcNAc,1.281539358,1.200586518,1.202743239,1.318419908,0.709767583,0.540113045,0.617520958,0.550618869,0.281378682,0.194040836,0.356484121,0.236484752
Gal(b1-4)GlcNAc(b1-2)Man(a1-3)[Man(a1-2)Man(a1-3/6)[Man(a1-3/6)]Man(a1-6)]Man(b1-4)GlcNAc(b1-4)GlcNAc,0.031794751,0.033982824,0.035799718,0.02587799,0.165953003,0.183336426,0.155728143,0.17775148,0.114365879,0.132148072,0.158086185,0.126991305
{Man(a1-2)}Neu5Ac(a2-6)Gal(b1-4)GlcNAc(b1-2)Man(a1-3)[Man(a1-3)[Man6P(a1-6)]Man(a1-6)]Man(b1-4)GlcNAc(b1-4)[Fuc(a1-6)]GlcNAc,0.097243409,0.14830255,0.114457469,0.148696164,0.141291582,0.016717069,0.113649015,0.073911707,0.032109867,0.013104624,0.016083149,0.014612848
{Man(a1-2)}{Fuc(a1-2/3)}Gal(b1-4)GlcNAc(b1-2)Man(a1-3)[Man(a1-3)[Man6P(a1-6)]Man(a1-6)]Man(b1-4)GlcNAc(b1-4)GlcNAc,0.002306517,0.000481499,0.00140345,0.001899478,0.002196067,0.001071347,0.002364849,0.00170696,0.002281441,0.013190232,0.002751634,0.004611985
{Man(a1-2)}Gal(b1-4)GlcNAc(b1-2)Man(a1-3)[Man(a1-3)[Man6P(a1-6)]Man(a1-6)]Man(b1-4)GlcNAc(b1-4)[Fuc(a1-6)]GlcNAc,0.025305747,0.016883437,0.03030392,0.017940988,0.076700759,0.051601738,0.046004845,0.054972642,0.05080772,0.049006731,0.05267277,0.06000036
Neu5Ac(a2-6)Gal(b1-4)GlcNAc(b1-2)Man(a1-3)[Man(a1-2)Man(a1-3/6)[Man(a1-3/6)]Man(a1-6)]Man(b1-4)GlcNAc(b1-4)GlcNAc,0.291185734,0.30477539,0.260853908,0.249163284,0.178243172,0.201977059,0.200197976,0.165519777,0.068964953,0.036336774,0.068866907,0.080518003
{Man(a1-2)}Neu5Ac(a2-6)Gal(b1-4)GlcNAc(b1-2)Man(a1-3)[Man(a1-3)[Man6P(a1-6)]Man(a1-6)]Man(b1-4)GlcNAc(b1-4)GlcNAc,0.061693285,0.063299253,0.056734535,0.107912173,0.067655288,0.057587323,0.048575758,0.050533475,0.024656412,0.023037269,0.005454912,0.007962099
Gal(b1-4)GlcNAc6S(b1-2)Man(a1-3)[Man(a1-2)Man(a1-3/6)[Man(a1-3/6)]Man(a1-6)]Man(b1-4)GlcNAc(b1-4)GlcNAc,0.017187698,0.022248531,0.02248062,0.034378187,0.021117745,0.040291624,0.048498968,0.074527341,0.06599203,0.047894653,0.043365471,0.05655515
{Man(a1-2)}Gal(b1-4)GlcNAc(b1-2)Man(a1-3)[Man(a1-3)[Man6P(a1-6)]Man(a1-6)]Man(b1-4)GlcNAc(b1-4)GlcNAc,0.014196434,0.012354988,0.014328812,0.013945868,0.006146913,0.027199393,0.028582969,0.029920489,0.038307333,0.050139324,0.03008082,0.105458579
Gal(b1-4)GlcNAc(b1-2)Man(a1-3/6)[GlcNAc(b1-2)Man(a1-3/6)]Man(b1-4)GlcNAc(b1-4)[Fuc(a1-6)]GlcNAc,0.020882432,0.017295159,0.01741982,0.021734516,0.090078902,0.055524147,0.063962594,0.054571691,0.108981364,0.091551339,0.122761317,0.07639282
Gal(b1-4)GlcNAc(b1-2)Man(a1-3/6)[GlcNAc(b1-2)Man(a1-3/6)]Man(b1-4)GlcNAc(b1-4)[Fuc(a1-6)]GlcNAc,0.017283098,0.010398161,0.011647881,0.011893356,0.046056023,0.046265679,0.033540342,0.049958873,0.063803831,0.054018985,0.065737776,0.044016392
Neu5Ac(a2-6)Gal(b1-4)GlcNAc(b1-2)Man(a1-3/6)[GlcNAc(b1-2)Man(a1-3/6)]Man(b1-4)GlcNAc(b1-4)[Fuc(a1-6)]GlcNAc,0.221173213,0.214124476,0.239127244,0.186583263,0.254374078,0.150424271,0.198081704,0.217914217,0.096984898,0.093582926,0.058023336,0.062960913
Gal(b1-4)GlcNAc(b1-2)Man(a1-3)[Gal(b1-4)GlcNAc(b1-2)Man(a1-6)]Man(b1-4)GlcNAc(b1-4)GlcNAc,0.161837048,0.182583104,0.18078676,0.158153951,0.780184589,0.880784017,0.868026494,0.831926648,1.253462097,0.91182264,1.176731315,0.89946168
Gal(b1-4)GlcNAc(b1-2)Man(a1-3)[Gal(b1-4)GlcNAc(b1-2)Man(a1-6)]Man(b1-4)GlcNAc(b1-4)[Fuc(a1-6)]GlcNAc,0.6191068,0.565069146,0.667951974,0.603658544,4.637000684,4.965950243,4.556362128,4.330086802,5.21675292,4.862834897,6.177798594,4.192636252
{Gal(b1-4)GlcNAc(b1-3/4/6)}Gal(b1-4)GlcNAc(b1-2)Man(a1-3/6)[Man(a1-3/6)]Man(b1-4)GlcNAc(b1-4)[Fuc(a1-6)]GlcNAc,0.042530658,0.051027873,0.060686512,0.039287985,0.112179327,0.123435029,0.086052993,0.096688563,0.160963785,0.161975297,0.204696931,0.120520187
{Fuc(a1-3)}Neu5Ac(a2-6)Gal(b1-4)GlcNAc(b1-2)Man(a1-3)[Gal(b1-4)GlcNAc(b1-2)Man(a1-6)]Man(b1-4)GlcNAc(b1-4)GlcNAc,0.23144772,0.235767387,0.201017478,0.248098835,0.068489133,0.091453162,0.074360921,0.076776397,0.035824997,0.030643626,0.027700294,0.031823701
Neu5Ac(a2-6)Gal(b1-4)GlcNAc(b1-2)Man(a1-6)[Gal(b1-4)GlcNAc(b1-2)Man(a1-3)]Man(b1-4)GlcNAc(b1-4)[Fuc(a1-6)]GlcNAc,0.384410418,0.462085942,0.487240007,0.320529087,0.408069774,0.231379683,0.316143297,0.333512357,0.325265462,0.264480348,0.234668754,0.277446667
Neu5Ac(a2-6)Gal(b1-4)GlcNAc(b1-2)Man(a1-3)[Gal(b1-4)GlcNAc(b1-2)Man(a1-6)]Man(b1-4)GlcNAc(b1-4)[Fuc(a1-6)]GlcNAc,9.268227303,9.251656807,7.950212281,9.51938822,4.672088824,4.953185819,4.789666341,4.4238938,2.028604234,1.787641873,2.034594399,1.573355792
Neu5Ac(a2-3)Gal(b1-4)GlcNAc(b1-2)Man(a1-6)[Gal(b1-4)GlcNAc(b1-2)Man(a1-3)]Man(b1-4)GlcNAc(b1-4)[Fuc(a1-6)]GlcNAc,0.218586494,0.150705628,0.171124795,0.177731112,0.123873234,0.12320249,0.148025906,0.091062224,0.054338656,0.057241159,0.089534033,0.044836137
Neu5Ac(a2-3)Gal(b1-4)GlcNAc(b1-2)Man(a1-3)[Gal(b1-4)GlcNAc(b1-2)Man(a1-6)]Man(b1-4)GlcNAc(b1-4)[Fuc(a1-6)]GlcNAc,0.027523936,0.05525306,0.042692993,0.036438793,0.006335097,0.013145762,0.004176781,0.010054119,0.007285958,0.010538011,0.008193756,0.005699953
Neu5Ac(a2-6)Gal(b1-4)GlcNAc(b1-2)Man(a1-3)[Neu5Ac(a2-6)Gal(b1-4)GlcNAc(b1-2)Man(a1-6)]Man(b1-4)GlcNAc(b1-4)[Fuc(a1-6)]GlcNAc,11.47669093,10.97184605,10.26926377,9.144162956,3.865954142,3.118161986,3.646554327,3.532546696,1.452323232,1.032935182,1.620941287,1.244716892
Neu5Ac(a2-6)Gal(b1-4)GlcNAc(b1-2)Man(a1-3)[Neu5Ac(a2-3)Gal(b1-4)GlcNAc(b1-2)Man(a1-6)]Man(b1-4)GlcNAc(b1-4)[Fuc(a1-6)]GlcNAc,0.648229887,0.77169087,0.677516357,0.688207672,0.212271263,0.140810279,0.144985975,0.140107678,0.032566264,0.006743225,0.040103148,0.014653493
Neu5Ac(a2-3)Gal(b1-4)GlcNAc(b1-2)Man(a1-3)[Neu5Ac(a2-3)Gal(b1-4)GlcNAc(b1-2)Man(a1-6)]Man(b1-4)GlcNAc(b1-4)[Fuc(a1-6)]GlcNAc,0.04203244,0.029961644,0.045850183,0.035912608,0.00866397,0.01334175,0.026512461,0.022845131,0.004072982,0.01103752,0.005077312,0.005252076
H5N4F1Sulf1,0.007700704,0.002963212,0.010339013,0.010294356,0.019053716,0.033208186,0.047725634,0.049625706,0.031071602,0.023594957,0.048308924,0.045432684
{Fuc(a1-2/3)}Gal(b1-4)GlcNAc(b1-2)Man(a1-3)[Gal(b1-4)GlcNAc(b1-2)Man(a1-6)]Man(b1-4)GlcNAc(b1-4)[Fuc(a1-6)]GlcNAc,0.046657592,0.062210254,0.034484878,0.022009861,0.011781722,0.002573112,0.01067631,0.001565923,0.006469916,0.015799444,0.022125654,0.01680368
{Fuc(a1-2/3)}Neu5Ac(a2-6)Gal(b1-4)GlcNAc(b1-2)Man(a1-6)[Gal(b1-4)GlcNAc(b1-2)Man(a1-3)]Man(b1-4)GlcNAc(b1-4)[Fuc(a1-6)]GlcNAc,0.200184621,0.124698612,0.174000919,0.176302995,0.061772424,0.066203486,0.044022912,0.090635633,0.088647096,0.05630628,0.080629704,0.03653228
{Fuc(a1-2/3)}Neu5Ac(a2-6)Gal(b1-4)GlcNAc(b1-2)Man(a1-3)[Gal(b1-4)GlcNAc(b1-2)Man(a1-6)]Man(b1-4)GlcNAc(b1-4)[Fuc(a1-6)]GlcNAc,1.462761815,1.309113335,1.578432974,1.296241986,0.70924999,0.726035322,0.642598109,0.804775298,0.847564822,0.693981185,0.90467897,0.64171716
Neu5Ac(a2-6)Gal(b1-4)GlcNAc(b1-2)Man(a1-6)[Gal(b1-4)GlcNAc(b1-2)Man(a1-3)]Man(b1-4)GlcNAc(b1-4)GlcNAc,0.073033941,0.062098429,0.067048431,0.057492717,0.063958652,0.060490872,0.058243371,0.078373422,0.056116378,0.04292539,0.090703919,0.048981694
Neu5Ac(a2-6)Gal(b1-4)GlcNAc(b1-2)Man(a1-3)[Gal(b1-4)GlcNAc(b1-2)Man(a1-6)]Man(b1-4)GlcNAc(b1-4)GlcNAc,2.00157832,2.278534732,2.435703259,2.619178258,0.934571038,0.96164142,0.862234863,1.115655336,0.331142762,0.310952097,0.381414943,0.311761181
Neu5Ac(a2-3)Gal(b1-4)GlcNAc(b1-2)Man(a1-3/6)[Gal(b1-4)GlcNAc(b1-2)Man(a1-3/6)]Man(b1-4)GlcNAc(b1-4)GlcNAc,0.029051679,0.008463772,0.030712756,0.010772946,0.006202394,0.005089793,0.003952835,0.004829929,0.022001061,0.010257456,0.015750827,0.010757648
Neu5Ac(a2-6)Gal(b1-4)GlcNAc(b1-2)Man(a1-3)[Neu5Ac(a2-6)Gal(b1-4)GlcNAc(b1-2)Man(a1-6)]Man(b1-4)GlcNAc(b1-4)GlcNAc,2.427618037,2.378014207,2.279296237,2.382175893,0.737164059,0.686293587,0.688191977,0.707533088,0.260890859,0.027334556,0.015078284,0.031564101
Neu5Ac(a2-6)Gal(b1-4)GlcNAc(b1-2)Man(a1-3)[Neu5Ac(a2-3)Gal(b1-4)GlcNAc(b1-2)Man(a1-6)]Man(b1-4)GlcNAc(b1-4)GlcNAc,0.1808517,0.184002428,0.179902737,0.133486951,0.10097821,0.049713345,0.045749876,0.073110997,0.005323067,0.000558993,0.019971549,0.010929485
Neu5Ac(a2-3)Gal(b1-4)GlcNAc(b1-2)Man(a1-3)[Neu5Ac(a2-3)Gal(b1-4)GlcNAc(b1-2)Man(a1-6)]Man(b1-4)GlcNAc(b1-4)GlcNAc,0.015421838,0.003842501,0.01739762,0.011106164,0.013525855,0.014242686,0.011695336,0.007652241,0.008435924,0.007410718,0.003597082,0.005180297
Gal(a1-3)Gal(b1-4)GlcNAc(b1-2)Man(a1-3/6)[Neu5Ac(a2-3/6)Gal(b1-4)GlcNAc(b1-2)Man(a1-3/6)]Man(b1-4)GlcNAc(b1-4)[Fuc(a1-6)]GlcNAc,0.250818584,0.225433905,0.256443224,0.208616821,0.324533555,0.488580508,0.325097846,0.205490423,0.354299256,0.350312026,0.294442692,0.297444876
Gal(a1-3)Gal(b1-4)GlcNAc(b1-2)Man(a1-3/6)[Neu5Ac(a2-3/6)Gal(b1-4)GlcNAc(b1-2)Man(a1-3/6)]Man(b1-4)GlcNAc(b1-4)GlcNAc,0.059786437,0.029647498,0.054483739,0.050370955,0.06315778,0.047958666,0.051746948,0.065354503,0.03820148,0.014832801,0.014816158,0.014408487
Neu5Gc(a2-3/6)Gal(b1-4)GlcNAc(b1-2)Man(a1-3)[Gal(b1-4)GlcNAc(b1-2)Man(a1-6)]Man(b1-4)GlcNAc(b1-4)[Fuc(a1-6)]GlcNAc,0.040289432,0.059482242,0.065919203,0.095081412,0.043220784,0.053478682,0.055499362,0.054621825,0.032899903,0.031893498,0.029649685,0.037132118
H7N4S1F1Sulf1,0.031511036,0.026637058,0.035978194,0.040228711,0.016997892,0.032990199,0.041035639,0.055331075,0.044980859,0.040911581,0.032711114,0.047968922
Neu5Ac(a2-6)Gal(b1-4)GlcNAc(b1-2)Man(a1-3)[GlcNAc(b1-2)Man(a1-6)][GlcNAc(b1-4)]Man(b1-4)GlcNAc(b1-4)[Fuc(a1-6)]GlcNAc,0.053940912,0.047338643,0.076838379,0.036745187,0.001607194,0.008727181,0.01066757,0.046739679,0.028027436,0.030585054,0.01691645,0.011335607
{GlcNAc(b1-4/6)}Neu5Ac(a2-6)Gal(b1-4)GlcNAc(b1-2)Man(a1-3)[GlcNAc(b1-2)Man(a1-6)]Man(b1-4)GlcNAc(b1-4)[Fuc(a1-6)]GlcNAc,0.05262681,0.027755835,0.022079447,0.04081496,0.031319978,0.019252334,0.037529847,0.04704187,0.009452514,0.009468187,0.009282142,0.003510707
Neu5Ac(a2-3/6)GalNAc(b1-4)GlcNAc(b1-2)Man(a1-3)[Neu5Ac(a2-3/6)Gal(b1-4)GlcNAc(b1-2)Man(a1-6)]Man(b1-4)GlcNAc(b1-4)[Fuc(a1-6)]GlcNAc,0.048240091,0.086821186,0.054452333,0.070130842,0.031329275,0.029700814,0.012308141,0.028531701,0.035021457,0.08524598,0.018949958,0.050279042
Neu5Ac(a2-3/6)GalNAc(b1-4)GlcNAc(b1-2)Man(a1-3)[Neu5Ac(a2-3/6)Gal(b1-4)GlcNAc(b1-2)Man(a1-6)]Man(b1-4)GlcNAc(b1-4)[Fuc(a1-6)]GlcNAc,0.016317115,0.030114269,0.031271539,0.029831949,0.029690924,0.009556423,0.017124345,0.010132395,0.016245966,0.004812648,0.027510615,0.024088543
Gal(b1-4)GlcNAc(b1-2)Man(a1-3)[Gal(b1-4)GlcNAc(b1-2)[Gal(b1-4)GlcNAc(b1-6)]Man(a1-6)]Man(b1-4)GlcNAc(b1-4)GlcNAc,0.019981896,0.025913733,0.02748364,0.024629118,0.108522859,0.099538105,0.112800167,0.117558387,0.135018516,0.125533073,0.131450389,0.136600087
Gal(b1-4)GlcNAc(b1-2)[Gal(b1-4)GlcNAc(b1-4)]Man(a1-3)[Gal(b1-4)GlcNAc(b1-2)Man(a1-6)]Man(b1-4)GlcNAc(b1-4)GlcNAc,0.04169831,0.048662425,0.042909344,0.048950111,0.15881316,0.163995921,0.20015456,0.155548269,0.240882412,0.260491729,0.205030085,0.215766728
Gal(b1-4)GlcNAc(b1-2)Man(a1-3)[Gal(b1-4)GlcNAc(b1-2)[Gal(b1-4)GlcNAc(b1-6)]Man(a1-6)]Man(b1-4)GlcNAc(b1-4)[Fuc(a1-6)]GlcNAc,0.212105101,0.214284719,0.300409958,0.222923813,1.394121291,1.210219915,1.191668467,1.105601061,1.485456675,1.228076108,1.633238962,1.155702266
H6N5F1,0.601644833,0.662311778,0.492751268,0.661773611,0.374670603,0.43218286,0.278058301,0.384456507,0.213254421,0.18651633,0.164647621,0.136107206
Gal(b1-4)GlcNAc(b1-2)[Gal(b1-4)GlcNAc(b1-4)]Man(a1-3)[Gal(b1-4)GlcNAc(b1-2)Man(a1-6)]Man(b1-4)GlcNAc(b1-4)[Fuc(a1-6)]GlcNAc,1.466344905,1.324361862,1.549757759,1.187992487,10.37126861,11.7187312,9.608829853,8.923665357,11.69345513,10.44363514,12.34138352,9.925076658
Gal(b1-4)GlcNAc(b1-3)Gal(b1-4)GlcNAc(b1-2)Man(a1-3/6)[Gal(b1-4)GlcNAc(b1-2)Man(a1-3/6)]Man(b1-4)GlcNAc(b1-4)[Fuc(a1-6)]GlcNAc,0.052951071,0.166360615,0.07737198,0.04467526,0.24983147,0.324403212,0.182468533,0.186144508,0.358378202,0.227089957,0.478464673,0.304234932
{Neu5Ac(a2-6)}Gal(b1-4)GlcNAc(b1-2)Man(a1-3)[Gal(b1-4)GlcNAc(b1-2)[Gal(b1-4)GlcNAc(b1-6)]Man(a1-6)]Man(b1-4)GlcNAc(b1-4)[Fuc(a1-6)]GlcNAc,4.046553332,4.676281074,4.269990416,3.571062262,1.79938197,1.55497019,1.576540723,1.470352597,0.487605072,0.439476694,0.42636466,0.45072431
{Gal(b1-4)GlcNAc(b1-4/6)}{Neu5Ac(a2-3/6)}Gal(b1-4)GlcNAc(b1-2)Man(a1-3)[Gal(b1-4)GlcNAc(b1-2)Man(a1-6)]Man(b1-4)GlcNAc(b1-4)[Fuc(a1-6)]GlcNAc,2.463076797,2.598168076,1.961832477,2.467710001,1.61991763,1.7813594,1.370365169,1.603196677,0.760791185,0.59362595,0.564737876,0.459482329
{Gal(b1-4)GlcNAc(b1-4/6)}{Neu5Ac(a2-3/6)}Gal(b1-4)GlcNAc(b1-2)Man(a1-3)[Gal(b1-4)GlcNAc(b1-2)Man(a1-6)]Man(b1-4)GlcNAc(b1-4)[Fuc(a1-6)]GlcNAc,0.444130802,0.404077454,0.401164609,0.466395483,0.199915943,0.174291137,0.170840648,0.165627716,0.055885119,0.062803996,0.071960089,0.046253594
{Gal(b1-4)GlcNAc(b1-4/6)}{Neu5Ac(a2-3/6)}Gal(b1-4)GlcNAc(b1-2)Man(a1-3)[Gal(b1-4)GlcNAc(b1-2)Man(a1-6)]Man(b1-4)GlcNAc(b1-4)[Fuc(a1-6)]GlcNAc,0.150069268,0.204113112,0.173831798,0.107060346,0.089621565,0.095812609,0.033337903,0.059054283,0.006824329,0.00973384,0.029045792,0.049393532
{Neu5Ac(a2-3/6)}Neu5Ac(a2-3/6)Gal(b1-4)GlcNAc(b1-2)[Gal(b1-4)GlcNAc(b1-4/6)]Man(a1-3/6)[Gal(b1-4)GlcNAc(b1-2)Man(a1-3/6)]Man(b1-4)GlcNAc(b1-4)[Fuc(a1-6)]GlcNAc,0.249359055,0.461355315,0.299917826,0.25295386,0.130506231,0.089616886,0.095583514,0.135502578,0.056571251,0.049299711,0.031773885,0.034950141
{Neu5Ac(a2-3/6)}Neu5Ac(a2-3/6)Gal(b1-4)GlcNAc(b1-2)[Gal(b1-4)GlcNAc(b1-4/6)]Man(a1-3/6)[Gal(b1-4)GlcNAc(b1-2)Man(a1-3/6)]Man(b1-4)GlcNAc(b1-4)[Fuc(a1-6)]GlcNAc,4.3297997,4.952007577,4.555358101,3.998169403,1.784963328,1.651509031,1.60425773,1.916818862,0.349316273,0.270851209,0.336019059,0.29188097
{Neu5Ac(a2-3/6)}Neu5Ac(a2-3/6)Gal(b1-4)GlcNAc(b1-2)[Gal(b1-4)GlcNAc(b1-4/6)]Man(a1-3/6)[Gal(b1-4)GlcNAc(b1-2)Man(a1-3/6)]Man(b1-4)GlcNAc(b1-4)[Fuc(a1-6)]GlcNAc,0.79973385,0.808111631,0.840563813,0.797945941,0.193939673,0.146020592,0.157692448,0.172315946,0.041431441,0.015497027,0.015070195,0.015492272
{Neu5Ac(a2-3/6)}Neu5Ac(a2-3/6)Gal(b1-4)GlcNAc(b1-2)[Gal(b1-4)GlcNAc(b1-4/6)]Man(a1-3/6)[Gal(b1-4)GlcNAc(b1-2)Man(a1-3/6)]Man(b1-4)GlcNAc(b1-4)[Fuc(a1-6)]GlcNAc,0.225102801,0.29361383,0.254322564,0.176781158,0.084676856,0.084427567,0.004864966,0.08462006,0.014374732,0.118200723,0.124837217,0.05179961
{Neu5Ac(a2-3/6)}Neu5Ac(a2-3/6)Gal(b1-4)GlcNAc(b1-2)[Gal(b1-4)GlcNAc(b1-4/6)]Man(a1-3/6)[Gal(b1-4)GlcNAc(b1-2)Man(a1-3/6)]Man(b1-4)GlcNAc(b1-4)[Fuc(a1-6)]GlcNAc,0.013629957,0.045080547,0.005463449,0.005848544,0.012636216,0.053089886,0.037450757,0.068041897,0.01437077,0.038328256,0.058219649,0.061919387
{Fuc(a1-2/3)}{Neu5Ac(a2-3/6)}Neu5Ac(a2-3/6)Gal(b1-4)GlcNAc(b1-2)[Gal(b1-4)GlcNAc(b1-4/6)]Man(a1-3/6)[Gal(b1-4)GlcNAc(b1-2)Man(a1-3/6)]Man(b1-4)GlcNAc(b1-4)[Fuc(a1-6)]GlcNAc,0.103527485,0.113684965,0.108789052,0.085346135,0.039510028,0.023123676,0.025009311,0.036866312,0.008045593,0.01495509,0.029039095,0.012930575
{Fuc(a1-2/3)}{Neu5Ac(a2-3/6)}Neu5Ac(a2-3/6)Gal(b1-4)GlcNAc(b1-2)[Gal(b1-4)GlcNAc(b1-4/6)]Man(a1-3/6)[Gal(b1-4)GlcNAc(b1-2)Man(a1-3/6)]Man(b1-4)GlcNAc(b1-4)[Fuc(a1-6)]GlcNAc,0.098540993,0.096697904,0.073075944,0.089978848,0.019047279,0.031263312,0.027557639,0.043064626,0.033091044,0.016668941,0.027507793,0.010904761
{Fuc(a1-2/3)}{Neu5Ac(a2-3/6)}Neu5Ac(a2-3/6)Gal(b1-4)GlcNAc(b1-2)[Gal(b1-4)GlcNAc(b1-4/6)]Man(a1-3/6)[Gal(b1-4)GlcNAc(b1-2)Man(a1-3/6)]Man(b1-4)GlcNAc(b1-4)[Fuc(a1-6)]GlcNAc,0.220432759,0.267087968,0.213651437,0.276945449,0.042465413,0.022303562,0.022352761,0.02341705,0.009120022,0.011516903,0.026390721,0.026756478
Neu5Ac(a2-3/6)Gal(b1-4)GlcNAc(b1-2)[Neu5Ac(a2-3/6)Gal(b1-4)GlcNAc(b1-4/6)]Man(a1-3/6)[Neu5Ac(a2-3/6)Gal(b1-4)GlcNAc(b1-2)Man(a1-3/6)]Man(b1-4)GlcNAc(b1-4)GlcNAc,0.140037984,0.095667843,0.124024495,0.155063439,0.018530326,0.042352924,0.051121153,0.042640879,0.01011871,0.014242175,0.009295022,0.012114776
Neu5Ac(a2-3/6)Gal(b1-4)GlcNAc(b1-2)[Neu5Ac(a2-3/6)Gal(b1-4)GlcNAc(b1-4/6)]Man(a1-3/6)[Neu5Ac(a2-3/6)Gal(b1-4)GlcNAc(b1-2)Man(a1-3/6)]Man(b1-4)GlcNAc(b1-4)GlcNAc,0.204254401,0.080222661,0.143517783,0.100186473,0.046436235,0.05072282,0.006298979,0.051211245,0.005545614,0.01707284,0.035214764,0.033521607
Neu5Ac(a2-3/6)Gal(b1-4)GlcNAc(b1-2)Man(a1-3/6)[Gal(b1-4)GlcNAc(b1-2)Man(a1-3/6)]Man(b1-4)GlcNAc(b1-4)GlcNAc,1.169344107,1.096529259,1.282720973,1.13621772,0.384019472,0.337159176,0.414296982,0.392005305,0.143693478,0.116179248,0.105570027,0.10301
Neu5Ac(a2-3/6)Gal(b1-4)GlcNAc(b1-2)Man(a1-3/6)[Gal(b1-4)GlcNAc(b1-2)Man(a1-3/6)]Man(b1-4)GlcNAc(b1-4)GlcNAc,0.71252578,0.820573362,0.890722213,0.696033015,0.503875953,0.59452706,0.547144413,0.419905491,0.210771624,0.119328064,0.062675211,0.0946933
Neu5Ac(a2-3/6)Gal(b1-4)GlcNAc(b1-2)Man(a1-3/6)[Gal(b1-4)GlcNAc(b1-2)Man(a1-3/6)]Man(b1-4)GlcNAc(b1-4)GlcNAc,0.12362666,0.075979655,0.085614746,0.072849663,0.028035692,0.03533095,0.055910091,0.060494477,0.079293695,0.193153219,0.034420474,0.021826925
{Neu5Ac(a2-3/6)}Neu5Ac(a2-3/6)Gal(b1-4)GlcNAc(b1-2)[Gal(b1-4)GlcNAc(b1-4/6)]Man(a1-3/6)[Gal(b1-4)GlcNAc(b1-2)Man(a1-3/6)]Man(b1-4)GlcNAc(b1-4)GlcNAc,0.060857802,0.066523621,0.075084255,0.078413459,0.025855819,0.009069307,0.014281855,0.002726865,0.014468915,0.008110562,0.002831019,0.007157621
{Neu5Ac(a2-3/6)}Neu5Ac(a2-3/6)Gal(b1-4)GlcNAc(b1-2)[Gal(b1-4)GlcNAc(b1-4/6)]Man(a1-3/6)[Gal(b1-4)GlcNAc(b1-2)Man(a1-3/6)]Man(b1-4)GlcNAc(b1-4)GlcNAc,0.592709985,0.68800365,0.662946135,0.455236077,0.473467143,0.577190036,0.658079426,0.461951605,0.73468196,0.608088924,0.639280432,0.781437922
{Neu5Ac(a2-3/6)}Neu5Ac(a2-3/6)Gal(b1-4)GlcNAc(b1-2)[Gal(b1-4)GlcNAc(b1-4/6)]Man(a1-3/6)[Gal(b1-4)GlcNAc(b1-2)Man(a1-3/6)]Man(b1-4)GlcNAc(b1-4)GlcNAc,0.185700379,0.130699584,0.123757377,0.113983823,0.033547256,0.026516071,0.067774494,0.047532686,0.047397356,0.026827963,0.024305275,0.107853646
{Neu5Ac(a2-3/6)}Neu5Ac(a2-3/6)Gal(b1-4)GlcNAc(b1-2)[Gal(b1-4)GlcNAc(b1-4/6)]Man(a1-3/6)[Gal(b1-4)GlcNAc(b1-2)Man(a1-3/6)]Man(b1-4)GlcNAc(b1-4)GlcNAc,0.082505192,0.04721075,0.050247221,0.070484818,0.025658467,0.064543778,0.000523609,0.008774173,0.00199403,0.010031673,0.021108905,0.027284641
{Neu5Ac(a2-3/6)}Neu5Ac(a2-3/6)Gal(b1-4)GlcNAc(b1-2)[Gal(b1-4)GlcNAc(b1-4/6)]Man(a1-3/6)[Gal(b1-4)GlcNAc(b1-2)Man(a1-3/6)]Man(b1-4)GlcNAc(b1-4)GlcNAc,0.068309235,0.077907284,0.09452348,0.041359479,0.03084863,0.030247165,0.021929577,0.017602448,0.03976109,0.046362055,0.008017039,0.017871996
{Neu5Ac(a2-3/6)}Neu5Ac(a2-3/6)Gal(b1-4)GlcNAc(b1-2)[Gal(b1-4)GlcNAc(b1-4/6)]Man(a1-3/6)[Gal(b1-4)GlcNAc(b1-2)Man(a1-3/6)]Man(b1-4)GlcNAc(b1-4)GlcNAc,0.026690277,0.024251864,0.004402845,0.01570782,0.01618866,0.014049253,0.002836152,0.002136899,0.005971476,0.004102357,0.002130826,0.005451946
{GlcNAc(b1-4/6)}Gal(b1-4)GlcNAc(b1-2)[Gal(b1-4)GlcNAc(b1-4/6)]Man(a1-3/6)[Gal(b1-4)GlcNAc(b1-2)Man(a1-3/6)]Man(b1-4)GlcNAc(b1-4)[Fuc(a1-6)]GlcNAc,0.106512733,0.086001323,0.110732191,0.089156519,0.501873883,0.354226197,0.287639808,0.244178478,0.415836583,0.467630431,0.304385455,0.348274896
Gal(b1-4)GlcNAc(b1-2)[Gal(b1-4)GlcNAc(b1-4)]Man(a1-3)[Gal(b1-4)GlcNAc(b1-2)[Gal(b1-4)GlcNAc(b1-6)]Man(a1-6)]Man(b1-4)GlcNAc(b1-4)GlcNAc,0.337050862,0.303422118,0.380347635,0.337623656,1.575366367,1.715890252,1.554826286,1.397233509,1.544215234,1.603232243,1.32300206,1.478928321
H7N6F1,0.217754154,0.306113358,0.267162028,0.233771467,0.129243166,0.116998317,0.117064773,0.097704334,0.065140749,0.050801252,0.02241282,0.038111471
Gal(b1-4)GlcNAc(b1-2)[Gal(b1-4)GlcNAc(b1-4)]Man(a1-3)[Gal(b1-4)GlcNAc(b1-2)[Gal(b1-4)GlcNAc(b1-6)]Man(a1-6)]Man(b1-4)GlcNAc(b1-4)[Fuc(a1-6)]GlcNAc,1.432941136,1.88138127,1.802697761,1.736140901,8.363275521,8.77930254,7.583986525,8.164710529,8.511411229,7.657163159,9.272884015,7.98585477
Neu5Ac(a2-3/6)Gal(b1-4)GlcNAc(b1-2/4/6)[Gal(b1-4)GlcNAc(b1-2/4/6)]Man(a1-3/6)[Gal(b1-4)GlcNAc(b1-2)[Gal(b1-4)GlcNAc(b1-4/6)]Man(a1-3/6)]Man(b1-4)GlcNAc(b1-4)[Fuc(a1-6)]GlcNAc,0.096598208,0.158077248,0.138596787,0.123688284,0.045844816,0.025311523,0.037945369,0.042411679,0.024761322,0.037173471,0.003107903,0.003136713
Neu5Ac(a2-3/6)Gal(b1-4)GlcNAc(b1-2/4/6)[Gal(b1-4)GlcNAc(b1-2/4/6)]Man(a1-3/6)[Gal(b1-4)GlcNAc(b1-2)[Gal(b1-4)GlcNAc(b1-4/6)]Man(a1-3/6)]Man(b1-4)GlcNAc(b1-4)[Fuc(a1-6)]GlcNAc,8.696462846,8.201671497,8.042538134,7.573436305,3.769999638,3.941524157,3.747216267,3.525286194,0.820594262,0.660031105,0.708066952,0.970137102
Neu5Ac(a2-3/6)Gal(b1-4)GlcNAc(b1-2/4/6)[Gal(b1-4)GlcNAc(b1-2/4/6)]Man(a1-3/6)[Gal(b1-4)GlcNAc(b1-2)[Gal(b1-4)GlcNAc(b1-4/6)]Man(a1-3/6)]Man(b1-4)GlcNAc(b1-4)[Fuc(a1-6)]GlcNAc,0.278664684,0.35322201,0.401851907,0.263999908,0.163598159,0.116298262,0.13641529,0.139993905,0.0467578,0.040113979,0.052334343,0.071688691
Neu5Ac(a2-3/6)Gal(b1-4)GlcNAc(b1-2/4/6)[Gal(b1-4)GlcNAc(b1-2/4/6)]Man(a1-3/6)[Gal(b1-4)GlcNAc(b1-2)[Gal(b1-4)GlcNAc(b1-4/6)]Man(a1-3/6)]Man(b1-4)GlcNAc(b1-4)[Fuc(a1-6)]GlcNAc,0.701395567,0.720986007,0.577045374,0.633743461,0.191135886,0.040339005,0.302498219,0.162607538,0.094198377,0.038954508,0.041852303,0.059534551
{Neu5Ac(a2-3/6)}Neu5Ac(a2-3/6)Gal(b1-4)GlcNAc(b1-2/4/6)[Gal(b1-4)GlcNAc(b1-2/4/6)]Man(a1-3/6)[Gal(b1-4)GlcNAc(b1-2)[Gal(b1-4)GlcNAc(b1-4/6)]Man(a1-3/6)]Man(b1-4)GlcNAc(b1-4)[Fuc(a1-6)]GlcNAc,2.262869184,2.395039328,2.181580425,2.035429774,0.556262097,0.334035549,0.390729363,0.548912046,0.091613528,0.06196296,0.07406928,0.099177918
{Neu5Ac(a2-3/6)}Neu5Ac(a2-3/6)Gal(b1-4)GlcNAc(b1-2/4/6)[Gal(b1-4)GlcNAc(b1-2/4/6)]Man(a1-3/6)[Gal(b1-4)GlcNAc(b1-2)[Gal(b1-4)GlcNAc(b1-4/6)]Man(a1-3/6)]Man(b1-4)GlcNAc(b1-4)[Fuc(a1-6)]GlcNAc,0.991852582,0.995953378,0.895048627,0.890672387,0.089917157,0.114048482,0.157237023,0.144899402,0.023863141,0.007267661,0.006081483,0.021397706
{Neu5Ac(a2-3/6)}Neu5Ac(a2-3/6)Gal(b1-4)GlcNAc(b1-2/4/6)[Gal(b1-4)GlcNAc(b1-2/4/6)]Man(a1-3/6)[Gal(b1-4)GlcNAc(b1-2)[Gal(b1-4)GlcNAc(b1-4/6)]Man(a1-3/6)]Man(b1-4)GlcNAc(b1-4)[Fuc(a1-6)]GlcNAc,0.312590012,0.376820919,0.34951939,0.281444487,0.021534378,0.03566135,0.051844588,0.023982293,0.017784011,0.016141435,0.018738312,0.013413476
{Neu5Ac(a2-3/6)}Neu5Ac(a2-3/6)Gal(b1-4)GlcNAc(b1-2/4/6)[Gal(b1-4)GlcNAc(b1-2/4/6)]Man(a1-3/6)[Gal(b1-4)GlcNAc(b1-2)[Gal(b1-4)GlcNAc(b1-4/6)]Man(a1-3/6)]Man(b1-4)GlcNAc(b1-4)[Fuc(a1-6)]GlcNAc,0.508228762,0.542863634,0.584339515,0.525941415,0.172560881,0.164458934,0.147531078,0.186750394,0.024855624,0.024416072,0.005936234,0.001250478
{Neu5Ac(a2-3/6)}Neu5Ac(a2-3/6)Gal(b1-4)GlcNAc(b1-2/4/6)[Gal(b1-4)GlcNAc(b1-2/4/6)]Man(a1-3/6)[Gal(b1-4)GlcNAc(b1-2)[Gal(b1-4)GlcNAc(b1-4/6)]Man(a1-3/6)]Man(b1-4)GlcNAc(b1-4)[Fuc(a1-6)]GlcNAc,0.118915435,0.041771148,0.072828229,0.065114062,4.82E-05,0.005082412,0.018840788,0.010572628,0.00991262,0.004570818,0.002917086,0.000787503
{Neu5Ac(a2-3/6)}Neu5Ac(a2-3/6)Gal(b1-4)GlcNAc(b1-2/4/6)[Gal(b1-4)GlcNAc(b1-2/4/6)]Man(a1-3/6)[Gal(b1-4)GlcNAc(b1-2)[Gal(b1-4)GlcNAc(b1-4/6)]Man(a1-3/6)]Man(b1-4)GlcNAc(b1-4)[Fuc(a1-6)]GlcNAc,0.011641977,0.010415083,0.011044791,0.033365527,0.012685204,0.002912583,0.010882804,0.004140301,0.004809062,0.009452533,0.000884214,0.001058737
{Fuc(a1-2/3)}Gal(b1-4)GlcNAc(b1-2)[Gal(b1-4)GlcNAc(b1-4)]Man(a1-3)[Gal(b1-4)GlcNAc(b1-2)[Gal(b1-4)GlcNAc(b1-6)]Man(a1-6)]Man(b1-4)GlcNAc(b1-4)[Fuc(a1-6)]GlcNAc,0.027708145,0.015971452,0.036657862,0.030322451,0.162391126,0.161355522,0.137295034,0.219177947,0.219225248,0.22194855,0.253206175,0.176456658
{Fuc(a1-2/3)}Neu5Ac(a2-3/6)Gal(b1-4)GlcNAc(b1-2/4/6)[Gal(b1-4)GlcNAc(b1-2/4/6)]Man(a1-3/6)[Gal(b1-4)GlcNAc(b1-2)[Gal(b1-4)GlcNAc(b1-4/6)]Man(a1-3/6)]Man(b1-4)GlcNAc(b1-4)[Fuc(a1-6)]GlcNAc,0.602798774,0.620696547,0.661427719,0.581160546,0.163650755,0.18498928,0.194492551,0.140332036,0.098610186,0.132441595,0.01137233,0.038181605
{Fuc(a1-2/3)}Neu5Ac(a2-3/6)Gal(b1-4)GlcNAc(b1-2/4/6)[Gal(b1-4)GlcNAc(b1-2/4/6)]Man(a1-3/6)[Gal(b1-4)GlcNAc(b1-2)[Gal(b1-4)GlcNAc(b1-4/6)]Man(a1-3/6)]Man(b1-4)GlcNAc(b1-4)[Fuc(a1-6)]GlcNAc,0.047505774,0.019934279,0.026908713,0.090248231,0.006962682,0.001596122,0.006000984,0.010363813,0.016279961,0.012120909,0.002410696,0.003691778
Neu5Ac(a2-3/6)Gal(b1-4)GlcNAc(b1-2)[Neu5Ac(a2-3/6)Gal(b1-4)GlcNAc(b1-4/6)]Man(a1-3/6)[Neu5Ac(a2-3/6)Gal(b1-4)GlcNAc(b1-2/4/6)[Gal(b1-4)GlcNAc(b1-2/4/6)]Man(a1-3/6)]Man(b1-4)GlcNAc(b1-4)GlcNAc,0.066627947,0.100865007,0.113393121,0.082947819,0.021512929,0.021410788,0.02511562,0.020596617,0.009172331,0.011600339,0.003261154,0.002046837
Neu5Ac(a2-3/6)Gal(b1-4)GlcNAc(b1-2)[Neu5Ac(a2-3/6)Gal(b1-4)GlcNAc(b1-4/6)]Man(a1-3/6)[Neu5Ac(a2-3/6)Gal(b1-4)GlcNAc(b1-2/4/6)[Gal(b1-4)GlcNAc(b1-2/4/6)]Man(a1-3/6)]Man(b1-4)GlcNAc(b1-4)GlcNAc,0.112300956,0.151753779,0.144943073,0.184032102,0.020096587,0.012077865,0.007729824,0.032778709,0.005788797,0.013619369,0.003332157,0.003377854
Neu5Ac(a2-3/6)Gal(b1-4)GlcNAc(b1-2/4/6)[Gal(b1-4)GlcNAc(b1-2/4/6)]Man(a1-3/6)[Gal(b1-4)GlcNAc(b1-2)[Gal(b1-4)GlcNAc(b1-4/6)]Man(a1-3/6)]Man(b1-4)GlcNAc(b1-4)GlcNAc,2.489949795,2.712682639,2.494174769,2.753127364,0.657695056,0.722572236,0.676239165,0.669861218,0.12627827,0.158391253,0.089431475,0.134107607
Neu5Ac(a2-3/6)Gal(b1-4)GlcNAc(b1-2/4/6)[Gal(b1-4)GlcNAc(b1-2/4/6)]Man(a1-3/6)[Gal(b1-4)GlcNAc(b1-2)[Gal(b1-4)GlcNAc(b1-4/6)]Man(a1-3/6)]Man(b1-4)GlcNAc(b1-4)GlcNAc,0.080352953,0.039992959,0.066760277,0.048721821,0.05771313,0.026779252,0.103398092,0.003942773,0.029736461,0.010810455,0.056259591,0.018375584
{Neu5Ac(a2-3/6)}Neu5Ac(a2-3/6)Gal(b1-4)GlcNAc(b1-2/4/6)[Gal(b1-4)GlcNAc(b1-2/4/6)]Man(a1-3/6)[Gal(b1-4)GlcNAc(b1-2)[Gal(b1-4)GlcNAc(b1-4/6)]Man(a1-3/6)]Man(b1-4)GlcNAc(b1-4)GlcNAc,0.385073008,0.293995459,0.398739438,0.21410742,0.107552075,0.132913839,0.06740589,0.220146791,0.007071054,0.01856022,0.014178646,0.021778858
{Neu5Ac(a2-3/6)}Neu5Ac(a2-3/6)Gal(b1-4)GlcNAc(b1-2/4/6)[Gal(b1-4)GlcNAc(b1-2/4/6)]Man(a1-3/6)[Gal(b1-4)GlcNAc(b1-2)[Gal(b1-4)GlcNAc(b1-4/6)]Man(a1-3/6)]Man(b1-4)GlcNAc(b1-4)GlcNAc,0.429174637,0.452932875,0.544619172,0.454436339,0.045098619,0.020522388,0.00375408,0.002399506,0.008041367,0.003470598,0.001134453,0.004255871
Gal(b1-4)GlcNAc(b1-3)Gal(b1-4)GlcNAc(b1-2/4/6)[Gal(b1-4)GlcNAc(b1-2/4/6)]Man(a1-3/6)[Gal(b1-4)GlcNAc(b1-2)[Gal(b1-4)GlcNAc(b1-4/6)]Man(a1-3/6)]Man(b1-4)GlcNAc(b1-4)[Fuc(a1-6)]GlcNAc,0.183926587,0.228305777,0.268151441,0.193893835,0.469768617,0.497147356,0.49308398,0.252602669,0.303044716,0.647589036,0.461817843,0.397261651
{Neu5Ac(a2-3/6)}Gal(b1-4)GlcNAc(b1-3)Gal(b1-4)GlcNAc(b1-2/4/6)[Gal(b1-4)GlcNAc(b1-2/4/6)]Man(a1-3/6)[Gal(b1-4)GlcNAc(b1-2)[Gal(b1-4)GlcNAc(b1-4/6)]Man(a1-3/6)]Man(b1-4)GlcNAc(b1-4)[Fuc(a1-6)]GlcNAc,0.721875283,0.674334444,0.716316728,0.947068752,0.284414804,0.202911471,0.437290112,0.26849793,0.035158719,0.122848942,0.090451947,0.013564817
{Neu5Ac(a2-3/6)}{Neu5Ac(a2-3/6)}Gal(b1-4)GlcNAc(b1-3)Gal(b1-4)GlcNAc(b1-2/4/6)[Gal(b1-4)GlcNAc(b1-2/4/6)]Man(a1-3/6)[Gal(b1-4)GlcNAc(b1-2)[Gal(b1-4)GlcNAc(b1-4/6)]Man(a1-3/6)]Man(b1-4)GlcNAc(b1-4)[Fuc(a1-6)]GlcNAc,0.134362837,0.249170226,0.169177311,0.121318202,0.022179959,0.018196517,0.007749594,0.012511013,0.011418335,0.006887391,0.020069504,0.017545836
{Neu5Ac(a2-3/6)}{Neu5Ac(a2-3/6)}Gal(b1-4)GlcNAc(b1-3)Gal(b1-4)GlcNAc(b1-2/4/6)[Gal(b1-4)GlcNAc(b1-2/4/6)]Man(a1-3/6)[Gal(b1-4)GlcNAc(b1-2)[Gal(b1-4)GlcNAc(b1-4/6)]Man(a1-3/6)]Man(b1-4)GlcNAc(b1-4)[Fuc(a1-6)]GlcNAc,0.322772154,0.655152129,0.511795511,0.588370734,0.078539177,0.041398,0.091287706,0.102465689,0.004182346,0.004095319,0.002005514,0.000727071
{Neu5Ac(a2-3/6)}{Neu5Ac(a2-3/6)}Gal(b1-4)GlcNAc(b1-3)Gal(b1-4)GlcNAc(b1-2/4/6)[Gal(b1-4)GlcNAc(b1-2/4/6)]Man(a1-3/6)[Gal(b1-4)GlcNAc(b1-2)[Gal(b1-4)GlcNAc(b1-4/6)]Man(a1-3/6)]Man(b1-4)GlcNAc(b1-4)[Fuc(a1-6)]GlcNAc,0.082415336,0.104719644,0.135250021,0.05626848,0.011878857,0.027807976,0.00470046,0.002670563,0.001646552,0.000350009,0.002420354,0.000805591
{Gal(b1-4)GlcNAc(b1-3)}Gal(b1-4)GlcNAc(b1-3)Gal(b1-4)GlcNAc(b1-2/4/6)[Gal(b1-4)GlcNAc(b1-2/4/6)]Man(a1-3/6)[Gal(b1-4)GlcNAc(b1-2)[Gal(b1-4)GlcNAc(b1-4/6)]Man(a1-3/6)]Man(b1-4)GlcNAc(b1-4)[Fuc(a1-6)]GlcNAc,0.015472024,0.016985136,0.047206512,0.009697997,0.115664221,0.023745044,0.039542596,0.013897211,0.028889669,0.040446162,0.020456627,0.073803903
{Gal(b1-4)GlcNAc(b1-3)}{Neu5Ac(a2-3/6)}Gal(b1-4)GlcNAc(b1-3)Gal(b1-4)GlcNAc(b1-2/4/6)[Gal(b1-4)GlcNAc(b1-2/4/6)]Man(a1-3/6)[Gal(b1-4)GlcNAc(b1-2)[Gal(b1-4)GlcNAc(b1-4/6)]Man(a1-3/6)]Man(b1-4)GlcNAc(b1-4)[Fuc(a1-6)]GlcNAc,0.236470463,0.23838882,0.239869209,0.1989172,0.064493823,0.077726026,0.15558152,0.116668478,0.028392335,0.020786163,0.032108508,0.032287569
